platform,cascade_id,label,size
higgs,higgs_wcc_0,science_news,223833
higgs,higgs_wcc_1,science_news,69
higgs,higgs_wcc_2,science_news,49
higgs,higgs_wcc_3,science_news,29
higgs,higgs_wcc_4,science_news,28
higgs,higgs_wcc_5,science_news,25
higgs,higgs_wcc_6,science_news,25
higgs,higgs_wcc_7,science_news,25
higgs,higgs_wcc_8,science_news,24
higgs,higgs_wcc_9,science_news,22
higgs,higgs_wcc_10,science_news,21
higgs,higgs_wcc_11,science_news,20
higgs,higgs_wcc_12,science_news,19
higgs,higgs_wcc_13,science_news,19
higgs,higgs_wcc_14,science_news,18
higgs,higgs_wcc_15,science_news,18
higgs,higgs_wcc_16,science_news,18
higgs,higgs_wcc_17,science_news,18
higgs,higgs_wcc_18,science_news,18
higgs,higgs_wcc_19,science_news,18
higgs,higgs_wcc_20,science_news,18
higgs,higgs_wcc_21,science_news,17
higgs,higgs_wcc_22,science_news,17
higgs,higgs_wcc_23,science_news,17
higgs,higgs_wcc_24,science_news,17
higgs,higgs_wcc_25,science_news,16
higgs,higgs_wcc_26,science_news,16
higgs,higgs_wcc_27,science_news,15
higgs,higgs_wcc_28,science_news,15
higgs,higgs_wcc_29,science_news,15
higgs,higgs_wcc_30,science_news,14
higgs,higgs_wcc_31,science_news,14
higgs,higgs_wcc_32,science_news,14
higgs,higgs_wcc_33,science_news,14
higgs,higgs_wcc_34,science_news,14
higgs,higgs_wcc_35,science_news,13
higgs,higgs_wcc_36,science_news,13
higgs,higgs_wcc_37,science_news,13
higgs,higgs_wcc_38,science_news,13
higgs,higgs_wcc_39,science_news,12
higgs,higgs_wcc_40,science_news,12
higgs,higgs_wcc_41,science_news,12
higgs,higgs_wcc_42,science_news,12
higgs,higgs_wcc_43,science_news,12
higgs,higgs_wcc_44,science_news,12
higgs,higgs_wcc_45,science_news,12
higgs,higgs_wcc_46,science_news,12
higgs,higgs_wcc_47,science_news,12
higgs,higgs_wcc_48,science_news,11
higgs,higgs_wcc_49,science_news,11
higgs,higgs_wcc_50,science_news,11
higgs,higgs_wcc_51,science_news,11
higgs,higgs_wcc_52,science_news,11
higgs,higgs_wcc_53,science_news,11
higgs,higgs_wcc_54,science_news,11
higgs,higgs_wcc_55,science_news,11
higgs,higgs_wcc_56,science_news,11
higgs,higgs_wcc_57,science_news,11
higgs,higgs_wcc_58,science_news,11
higgs,higgs_wcc_59,science_news,11
higgs,higgs_wcc_60,science_news,10
higgs,higgs_wcc_61,science_news,10
higgs,higgs_wcc_62,science_news,10
higgs,higgs_wcc_63,science_news,10
higgs,higgs_wcc_64,science_news,10
higgs,higgs_wcc_65,science_news,10
higgs,higgs_wcc_66,science_news,10
higgs,higgs_wcc_67,science_news,10
higgs,higgs_wcc_68,science_news,10
higgs,higgs_wcc_69,science_news,10
higgs,higgs_wcc_70,science_news,10
higgs,higgs_wcc_71,science_news,10
higgs,higgs_wcc_72,science_news,10
higgs,higgs_wcc_73,science_news,10
higgs,higgs_wcc_74,science_news,10
higgs,higgs_wcc_75,science_news,10
higgs,higgs_wcc_76,science_news,10
higgs,higgs_wcc_77,science_news,10
higgs,higgs_wcc_78,science_news,10
higgs,higgs_wcc_79,science_news,10
higgs,higgs_wcc_80,science_news,10
higgs,higgs_wcc_81,science_news,10
higgs,higgs_wcc_82,science_news,10
higgs,higgs_wcc_83,science_news,9
higgs,higgs_wcc_84,science_news,9
higgs,higgs_wcc_85,science_news,9
higgs,higgs_wcc_86,science_news,9
higgs,higgs_wcc_87,science_news,9
higgs,higgs_wcc_88,science_news,9
higgs,higgs_wcc_89,science_news,9
higgs,higgs_wcc_90,science_news,9
higgs,higgs_wcc_91,science_news,9
higgs,higgs_wcc_92,science_news,9
higgs,higgs_wcc_93,science_news,9
higgs,higgs_wcc_94,science_news,9
higgs,higgs_wcc_95,science_news,9
higgs,higgs_wcc_96,science_news,9
higgs,higgs_wcc_97,science_news,9
higgs,higgs_wcc_98,science_news,9
higgs,higgs_wcc_99,science_news,9
higgs,higgs_wcc_100,science_news,9
higgs,higgs_wcc_101,science_news,9
higgs,higgs_wcc_102,science_news,9
higgs,higgs_wcc_103,science_news,9
higgs,higgs_wcc_104,science_news,9
higgs,higgs_wcc_105,science_news,9
higgs,higgs_wcc_106,science_news,9
higgs,higgs_wcc_107,science_news,9
higgs,higgs_wcc_108,science_news,9
higgs,higgs_wcc_109,science_news,9
higgs,higgs_wcc_110,science_news,9
higgs,higgs_wcc_111,science_news,9
higgs,higgs_wcc_112,science_news,9
higgs,higgs_wcc_113,science_news,9
higgs,higgs_wcc_114,science_news,8
higgs,higgs_wcc_115,science_news,8
higgs,higgs_wcc_116,science_news,8
higgs,higgs_wcc_117,science_news,8
higgs,higgs_wcc_118,science_news,8
higgs,higgs_wcc_119,science_news,8
higgs,higgs_wcc_120,science_news,8
higgs,higgs_wcc_121,science_news,8
higgs,higgs_wcc_122,science_news,8
higgs,higgs_wcc_123,science_news,8
higgs,higgs_wcc_124,science_news,8
higgs,higgs_wcc_125,science_news,8
higgs,higgs_wcc_126,science_news,8
higgs,higgs_wcc_127,science_news,8
higgs,higgs_wcc_128,science_news,8
higgs,higgs_wcc_129,science_news,8
higgs,higgs_wcc_130,science_news,8
higgs,higgs_wcc_131,science_news,8
higgs,higgs_wcc_132,science_news,8
higgs,higgs_wcc_133,science_news,8
higgs,higgs_wcc_134,science_news,8
higgs,higgs_wcc_135,science_news,8
higgs,higgs_wcc_136,science_news,8
higgs,higgs_wcc_137,science_news,8
higgs,higgs_wcc_138,science_news,8
higgs,higgs_wcc_139,science_news,8
higgs,higgs_wcc_140,science_news,8
higgs,higgs_wcc_141,science_news,8
higgs,higgs_wcc_142,science_news,8
higgs,higgs_wcc_143,science_news,8
higgs,higgs_wcc_144,science_news,8
higgs,higgs_wcc_145,science_news,8
higgs,higgs_wcc_146,science_news,8
higgs,higgs_wcc_147,science_news,8
higgs,higgs_wcc_148,science_news,8
higgs,higgs_wcc_149,science_news,8
higgs,higgs_wcc_150,science_news,8
higgs,higgs_wcc_151,science_news,8
higgs,higgs_wcc_152,science_news,8
higgs,higgs_wcc_153,science_news,8
higgs,higgs_wcc_154,science_news,8
higgs,higgs_wcc_155,science_news,8
higgs,higgs_wcc_156,science_news,8
higgs,higgs_wcc_157,science_news,8
higgs,higgs_wcc_158,science_news,8
higgs,higgs_wcc_159,science_news,8
higgs,higgs_wcc_160,science_news,7
higgs,higgs_wcc_161,science_news,7
higgs,higgs_wcc_162,science_news,7
higgs,higgs_wcc_163,science_news,7
higgs,higgs_wcc_164,science_news,7
higgs,higgs_wcc_165,science_news,7
higgs,higgs_wcc_166,science_news,7
higgs,higgs_wcc_167,science_news,7
higgs,higgs_wcc_168,science_news,7
higgs,higgs_wcc_169,science_news,7
higgs,higgs_wcc_170,science_news,7
higgs,higgs_wcc_171,science_news,7
higgs,higgs_wcc_172,science_news,7
higgs,higgs_wcc_173,science_news,7
higgs,higgs_wcc_174,science_news,7
higgs,higgs_wcc_175,science_news,7
higgs,higgs_wcc_176,science_news,7
higgs,higgs_wcc_177,science_news,7
higgs,higgs_wcc_178,science_news,7
higgs,higgs_wcc_179,science_news,7
higgs,higgs_wcc_180,science_news,7
higgs,higgs_wcc_181,science_news,7
higgs,higgs_wcc_182,science_news,7
higgs,higgs_wcc_183,science_news,7
higgs,higgs_wcc_184,science_news,7
higgs,higgs_wcc_185,science_news,7
higgs,higgs_wcc_186,science_news,7
higgs,higgs_wcc_187,science_news,7
higgs,higgs_wcc_188,science_news,7
higgs,higgs_wcc_189,science_news,7
higgs,higgs_wcc_190,science_news,7
higgs,higgs_wcc_191,science_news,7
higgs,higgs_wcc_192,science_news,7
higgs,higgs_wcc_193,science_news,7
higgs,higgs_wcc_194,science_news,7
higgs,higgs_wcc_195,science_news,7
higgs,higgs_wcc_196,science_news,7
higgs,higgs_wcc_197,science_news,7
higgs,higgs_wcc_198,science_news,7
higgs,higgs_wcc_199,science_news,7
higgs,higgs_wcc_200,science_news,7
higgs,higgs_wcc_201,science_news,7
higgs,higgs_wcc_202,science_news,7
higgs,higgs_wcc_203,science_news,7
higgs,higgs_wcc_204,science_news,7
higgs,higgs_wcc_205,science_news,7
higgs,higgs_wcc_206,science_news,7
higgs,higgs_wcc_207,science_news,7
higgs,higgs_wcc_208,science_news,7
higgs,higgs_wcc_209,science_news,7
higgs,higgs_wcc_210,science_news,7
higgs,higgs_wcc_211,science_news,7
higgs,higgs_wcc_212,science_news,7
higgs,higgs_wcc_213,science_news,7
higgs,higgs_wcc_214,science_news,7
higgs,higgs_wcc_215,science_news,7
higgs,higgs_wcc_216,science_news,7
higgs,higgs_wcc_217,science_news,7
higgs,higgs_wcc_218,science_news,7
higgs,higgs_wcc_219,science_news,7
higgs,higgs_wcc_220,science_news,7
higgs,higgs_wcc_221,science_news,7
higgs,higgs_wcc_222,science_news,7
higgs,higgs_wcc_223,science_news,7
higgs,higgs_wcc_224,science_news,7
higgs,higgs_wcc_225,science_news,7
higgs,higgs_wcc_226,science_news,6
higgs,higgs_wcc_227,science_news,6
higgs,higgs_wcc_228,science_news,6
higgs,higgs_wcc_229,science_news,6
higgs,higgs_wcc_230,science_news,6
higgs,higgs_wcc_231,science_news,6
higgs,higgs_wcc_232,science_news,6
higgs,higgs_wcc_233,science_news,6
higgs,higgs_wcc_234,science_news,6
higgs,higgs_wcc_235,science_news,6
higgs,higgs_wcc_236,science_news,6
higgs,higgs_wcc_237,science_news,6
higgs,higgs_wcc_238,science_news,6
higgs,higgs_wcc_239,science_news,6
higgs,higgs_wcc_240,science_news,6
higgs,higgs_wcc_241,science_news,6
higgs,higgs_wcc_242,science_news,6
higgs,higgs_wcc_243,science_news,6
higgs,higgs_wcc_244,science_news,6
higgs,higgs_wcc_245,science_news,6
higgs,higgs_wcc_246,science_news,6
higgs,higgs_wcc_247,science_news,6
higgs,higgs_wcc_248,science_news,6
higgs,higgs_wcc_249,science_news,6
higgs,higgs_wcc_250,science_news,6
higgs,higgs_wcc_251,science_news,6
higgs,higgs_wcc_252,science_news,6
higgs,higgs_wcc_253,science_news,6
higgs,higgs_wcc_254,science_news,6
higgs,higgs_wcc_255,science_news,6
higgs,higgs_wcc_256,science_news,6
higgs,higgs_wcc_257,science_news,6
higgs,higgs_wcc_258,science_news,6
higgs,higgs_wcc_259,science_news,6
higgs,higgs_wcc_260,science_news,6
higgs,higgs_wcc_261,science_news,6
higgs,higgs_wcc_262,science_news,6
higgs,higgs_wcc_263,science_news,6
higgs,higgs_wcc_264,science_news,6
higgs,higgs_wcc_265,science_news,6
higgs,higgs_wcc_266,science_news,6
higgs,higgs_wcc_267,science_news,6
higgs,higgs_wcc_268,science_news,6
higgs,higgs_wcc_269,science_news,6
higgs,higgs_wcc_270,science_news,6
higgs,higgs_wcc_271,science_news,6
higgs,higgs_wcc_272,science_news,6
higgs,higgs_wcc_273,science_news,6
higgs,higgs_wcc_274,science_news,6
higgs,higgs_wcc_275,science_news,6
higgs,higgs_wcc_276,science_news,6
higgs,higgs_wcc_277,science_news,6
higgs,higgs_wcc_278,science_news,6
higgs,higgs_wcc_279,science_news,6
higgs,higgs_wcc_280,science_news,6
higgs,higgs_wcc_281,science_news,6
higgs,higgs_wcc_282,science_news,6
higgs,higgs_wcc_283,science_news,6
higgs,higgs_wcc_284,science_news,6
higgs,higgs_wcc_285,science_news,6
higgs,higgs_wcc_286,science_news,6
higgs,higgs_wcc_287,science_news,6
higgs,higgs_wcc_288,science_news,6
higgs,higgs_wcc_289,science_news,6
higgs,higgs_wcc_290,science_news,6
higgs,higgs_wcc_291,science_news,6
higgs,higgs_wcc_292,science_news,6
higgs,higgs_wcc_293,science_news,6
higgs,higgs_wcc_294,science_news,6
higgs,higgs_wcc_295,science_news,6
higgs,higgs_wcc_296,science_news,6
higgs,higgs_wcc_297,science_news,6
higgs,higgs_wcc_298,science_news,6
higgs,higgs_wcc_299,science_news,6
higgs,higgs_wcc_300,science_news,6
higgs,higgs_wcc_301,science_news,6
higgs,higgs_wcc_302,science_news,6
higgs,higgs_wcc_303,science_news,6
higgs,higgs_wcc_304,science_news,6
higgs,higgs_wcc_305,science_news,6
higgs,higgs_wcc_306,science_news,6
higgs,higgs_wcc_307,science_news,6
higgs,higgs_wcc_308,science_news,6
higgs,higgs_wcc_309,science_news,6
higgs,higgs_wcc_310,science_news,6
higgs,higgs_wcc_311,science_news,6
higgs,higgs_wcc_312,science_news,6
higgs,higgs_wcc_313,science_news,6
higgs,higgs_wcc_314,science_news,6
higgs,higgs_wcc_315,science_news,6
higgs,higgs_wcc_316,science_news,6
higgs,higgs_wcc_317,science_news,6
higgs,higgs_wcc_318,science_news,6
higgs,higgs_wcc_319,science_news,6
higgs,higgs_wcc_320,science_news,6
higgs,higgs_wcc_321,science_news,6
higgs,higgs_wcc_322,science_news,6
higgs,higgs_wcc_323,science_news,6
higgs,higgs_wcc_324,science_news,6
higgs,higgs_wcc_325,science_news,6
higgs,higgs_wcc_326,science_news,6
higgs,higgs_wcc_327,science_news,6
higgs,higgs_wcc_328,science_news,6
higgs,higgs_wcc_329,science_news,6
higgs,higgs_wcc_330,science_news,6
higgs,higgs_wcc_331,science_news,6
higgs,higgs_wcc_332,science_news,6
higgs,higgs_wcc_333,science_news,6
higgs,higgs_wcc_334,science_news,6
higgs,higgs_wcc_335,science_news,6
higgs,higgs_wcc_336,science_news,6
higgs,higgs_wcc_337,science_news,6
higgs,higgs_wcc_338,science_news,6
higgs,higgs_wcc_339,science_news,6
higgs,higgs_wcc_340,science_news,6
higgs,higgs_wcc_341,science_news,6
higgs,higgs_wcc_342,science_news,6
higgs,higgs_wcc_343,science_news,6
higgs,higgs_wcc_344,science_news,6
higgs,higgs_wcc_345,science_news,6
higgs,higgs_wcc_346,science_news,6
higgs,higgs_wcc_347,science_news,6
higgs,higgs_wcc_348,science_news,6
higgs,higgs_wcc_349,science_news,6
higgs,higgs_wcc_350,science_news,6
higgs,higgs_wcc_351,science_news,6
higgs,higgs_wcc_352,science_news,6
higgs,higgs_wcc_353,science_news,6
higgs,higgs_wcc_354,science_news,6
higgs,higgs_wcc_355,science_news,6
higgs,higgs_wcc_356,science_news,6
higgs,higgs_wcc_357,science_news,6
higgs,higgs_wcc_358,science_news,6
higgs,higgs_wcc_359,science_news,6
higgs,higgs_wcc_360,science_news,6
higgs,higgs_wcc_361,science_news,6
higgs,higgs_wcc_362,science_news,6
higgs,higgs_wcc_363,science_news,6
higgs,higgs_wcc_364,science_news,6
higgs,higgs_wcc_365,science_news,6
higgs,higgs_wcc_366,science_news,6
higgs,higgs_wcc_367,science_news,6
higgs,higgs_wcc_368,science_news,6
higgs,higgs_wcc_369,science_news,6
higgs,higgs_wcc_370,science_news,6
higgs,higgs_wcc_371,science_news,6
higgs,higgs_wcc_372,science_news,5
higgs,higgs_wcc_373,science_news,5
higgs,higgs_wcc_374,science_news,5
higgs,higgs_wcc_375,science_news,5
higgs,higgs_wcc_376,science_news,5
higgs,higgs_wcc_377,science_news,5
higgs,higgs_wcc_378,science_news,5
higgs,higgs_wcc_379,science_news,5
higgs,higgs_wcc_380,science_news,5
higgs,higgs_wcc_381,science_news,5
higgs,higgs_wcc_382,science_news,5
higgs,higgs_wcc_383,science_news,5
higgs,higgs_wcc_384,science_news,5
higgs,higgs_wcc_385,science_news,5
higgs,higgs_wcc_386,science_news,5
higgs,higgs_wcc_387,science_news,5
higgs,higgs_wcc_388,science_news,5
higgs,higgs_wcc_389,science_news,5
higgs,higgs_wcc_390,science_news,5
higgs,higgs_wcc_391,science_news,5
higgs,higgs_wcc_392,science_news,5
higgs,higgs_wcc_393,science_news,5
higgs,higgs_wcc_394,science_news,5
higgs,higgs_wcc_395,science_news,5
higgs,higgs_wcc_396,science_news,5
higgs,higgs_wcc_397,science_news,5
higgs,higgs_wcc_398,science_news,5
higgs,higgs_wcc_399,science_news,5
higgs,higgs_wcc_400,science_news,5
higgs,higgs_wcc_401,science_news,5
higgs,higgs_wcc_402,science_news,5
higgs,higgs_wcc_403,science_news,5
higgs,higgs_wcc_404,science_news,5
higgs,higgs_wcc_405,science_news,5
higgs,higgs_wcc_406,science_news,5
higgs,higgs_wcc_407,science_news,5
higgs,higgs_wcc_408,science_news,5
higgs,higgs_wcc_409,science_news,5
higgs,higgs_wcc_410,science_news,5
higgs,higgs_wcc_411,science_news,5
higgs,higgs_wcc_412,science_news,5
higgs,higgs_wcc_413,science_news,5
higgs,higgs_wcc_414,science_news,5
higgs,higgs_wcc_415,science_news,5
higgs,higgs_wcc_416,science_news,5
higgs,higgs_wcc_417,science_news,5
higgs,higgs_wcc_418,science_news,5
higgs,higgs_wcc_419,science_news,5
higgs,higgs_wcc_420,science_news,5
higgs,higgs_wcc_421,science_news,5
higgs,higgs_wcc_422,science_news,5
higgs,higgs_wcc_423,science_news,5
higgs,higgs_wcc_424,science_news,5
higgs,higgs_wcc_425,science_news,5
higgs,higgs_wcc_426,science_news,5
higgs,higgs_wcc_427,science_news,5
higgs,higgs_wcc_428,science_news,5
higgs,higgs_wcc_429,science_news,5
higgs,higgs_wcc_430,science_news,5
higgs,higgs_wcc_431,science_news,5
higgs,higgs_wcc_432,science_news,5
higgs,higgs_wcc_433,science_news,5
higgs,higgs_wcc_434,science_news,5
higgs,higgs_wcc_435,science_news,5
higgs,higgs_wcc_436,science_news,5
higgs,higgs_wcc_437,science_news,5
higgs,higgs_wcc_438,science_news,5
higgs,higgs_wcc_439,science_news,5
higgs,higgs_wcc_440,science_news,5
higgs,higgs_wcc_441,science_news,5
higgs,higgs_wcc_442,science_news,5
higgs,higgs_wcc_443,science_news,5
higgs,higgs_wcc_444,science_news,5
higgs,higgs_wcc_445,science_news,5
higgs,higgs_wcc_446,science_news,5
higgs,higgs_wcc_447,science_news,5
higgs,higgs_wcc_448,science_news,5
higgs,higgs_wcc_449,science_news,5
higgs,higgs_wcc_450,science_news,5
higgs,higgs_wcc_451,science_news,5
higgs,higgs_wcc_452,science_news,5
higgs,higgs_wcc_453,science_news,5
higgs,higgs_wcc_454,science_news,5
higgs,higgs_wcc_455,science_news,5
higgs,higgs_wcc_456,science_news,5
higgs,higgs_wcc_457,science_news,5
higgs,higgs_wcc_458,science_news,5
higgs,higgs_wcc_459,science_news,5
higgs,higgs_wcc_460,science_news,5
higgs,higgs_wcc_461,science_news,5
higgs,higgs_wcc_462,science_news,5
higgs,higgs_wcc_463,science_news,5
higgs,higgs_wcc_464,science_news,5
higgs,higgs_wcc_465,science_news,5
higgs,higgs_wcc_466,science_news,5
higgs,higgs_wcc_467,science_news,5
higgs,higgs_wcc_468,science_news,5
higgs,higgs_wcc_469,science_news,5
higgs,higgs_wcc_470,science_news,5
higgs,higgs_wcc_471,science_news,5
higgs,higgs_wcc_472,science_news,5
higgs,higgs_wcc_473,science_news,5
higgs,higgs_wcc_474,science_news,5
higgs,higgs_wcc_475,science_news,5
higgs,higgs_wcc_476,science_news,5
higgs,higgs_wcc_477,science_news,5
higgs,higgs_wcc_478,science_news,5
higgs,higgs_wcc_479,science_news,5
higgs,higgs_wcc_480,science_news,5
higgs,higgs_wcc_481,science_news,5
higgs,higgs_wcc_482,science_news,5
higgs,higgs_wcc_483,science_news,5
higgs,higgs_wcc_484,science_news,5
higgs,higgs_wcc_485,science_news,5
higgs,higgs_wcc_486,science_news,5
higgs,higgs_wcc_487,science_news,5
higgs,higgs_wcc_488,science_news,5
higgs,higgs_wcc_489,science_news,5
higgs,higgs_wcc_490,science_news,5
higgs,higgs_wcc_491,science_news,5
higgs,higgs_wcc_492,science_news,5
higgs,higgs_wcc_493,science_news,5
higgs,higgs_wcc_494,science_news,5
higgs,higgs_wcc_495,science_news,5
higgs,higgs_wcc_496,science_news,5
higgs,higgs_wcc_497,science_news,5
higgs,higgs_wcc_498,science_news,5
higgs,higgs_wcc_499,science_news,5
higgs,higgs_wcc_500,science_news,5
higgs,higgs_wcc_501,science_news,5
higgs,higgs_wcc_502,science_news,5
higgs,higgs_wcc_503,science_news,5
higgs,higgs_wcc_504,science_news,5
higgs,higgs_wcc_505,science_news,5
higgs,higgs_wcc_506,science_news,5
higgs,higgs_wcc_507,science_news,5
higgs,higgs_wcc_508,science_news,5
higgs,higgs_wcc_509,science_news,5
higgs,higgs_wcc_510,science_news,5
higgs,higgs_wcc_511,science_news,5
higgs,higgs_wcc_512,science_news,5
higgs,higgs_wcc_513,science_news,5
higgs,higgs_wcc_514,science_news,5
higgs,higgs_wcc_515,science_news,5
higgs,higgs_wcc_516,science_news,5
higgs,higgs_wcc_517,science_news,5
higgs,higgs_wcc_518,science_news,5
higgs,higgs_wcc_519,science_news,5
higgs,higgs_wcc_520,science_news,5
higgs,higgs_wcc_521,science_news,5
higgs,higgs_wcc_522,science_news,5
higgs,higgs_wcc_523,science_news,5
higgs,higgs_wcc_524,science_news,5
higgs,higgs_wcc_525,science_news,5
higgs,higgs_wcc_526,science_news,5
higgs,higgs_wcc_527,science_news,5
higgs,higgs_wcc_528,science_news,5
higgs,higgs_wcc_529,science_news,5
higgs,higgs_wcc_530,science_news,5
higgs,higgs_wcc_531,science_news,5
higgs,higgs_wcc_532,science_news,5
higgs,higgs_wcc_533,science_news,5
higgs,higgs_wcc_534,science_news,5
higgs,higgs_wcc_535,science_news,5
higgs,higgs_wcc_536,science_news,5
higgs,higgs_wcc_537,science_news,5
higgs,higgs_wcc_538,science_news,5
higgs,higgs_wcc_539,science_news,5
higgs,higgs_wcc_540,science_news,5
higgs,higgs_wcc_541,science_news,5
higgs,higgs_wcc_542,science_news,5
higgs,higgs_wcc_543,science_news,5
higgs,higgs_wcc_544,science_news,5
higgs,higgs_wcc_545,science_news,5
higgs,higgs_wcc_546,science_news,5
higgs,higgs_wcc_547,science_news,5
higgs,higgs_wcc_548,science_news,5
higgs,higgs_wcc_549,science_news,5
higgs,higgs_wcc_550,science_news,5
higgs,higgs_wcc_551,science_news,5
higgs,higgs_wcc_552,science_news,5
higgs,higgs_wcc_553,science_news,5
higgs,higgs_wcc_554,science_news,5
higgs,higgs_wcc_555,science_news,5
higgs,higgs_wcc_556,science_news,5
higgs,higgs_wcc_557,science_news,5
higgs,higgs_wcc_558,science_news,5
higgs,higgs_wcc_559,science_news,5
higgs,higgs_wcc_560,science_news,5
higgs,higgs_wcc_561,science_news,5
higgs,higgs_wcc_562,science_news,5
higgs,higgs_wcc_563,science_news,5
higgs,higgs_wcc_564,science_news,5
higgs,higgs_wcc_565,science_news,5
higgs,higgs_wcc_566,science_news,5
higgs,higgs_wcc_567,science_news,5
higgs,higgs_wcc_568,science_news,5
higgs,higgs_wcc_569,science_news,5
higgs,higgs_wcc_570,science_news,5
higgs,higgs_wcc_571,science_news,5
higgs,higgs_wcc_572,science_news,5
higgs,higgs_wcc_573,science_news,5
higgs,higgs_wcc_574,science_news,5
higgs,higgs_wcc_575,science_news,5
higgs,higgs_wcc_576,science_news,5
higgs,higgs_wcc_577,science_news,5
higgs,higgs_wcc_578,science_news,5
higgs,higgs_wcc_579,science_news,5
higgs,higgs_wcc_580,science_news,5
higgs,higgs_wcc_581,science_news,5
higgs,higgs_wcc_582,science_news,5
higgs,higgs_wcc_583,science_news,5
higgs,higgs_wcc_584,science_news,5
higgs,higgs_wcc_585,science_news,5
higgs,higgs_wcc_586,science_news,5
higgs,higgs_wcc_587,science_news,5
higgs,higgs_wcc_588,science_news,5
higgs,higgs_wcc_589,science_news,5
higgs,higgs_wcc_590,science_news,5
higgs,higgs_wcc_591,science_news,5
higgs,higgs_wcc_592,science_news,5
higgs,higgs_wcc_593,science_news,5
higgs,higgs_wcc_594,science_news,5
higgs,higgs_wcc_595,science_news,5
higgs,higgs_wcc_596,science_news,5
higgs,higgs_wcc_597,science_news,5
higgs,higgs_wcc_598,science_news,5
higgs,higgs_wcc_599,science_news,5
higgs,higgs_wcc_600,science_news,5
higgs,higgs_wcc_601,science_news,5
higgs,higgs_wcc_602,science_news,5
higgs,higgs_wcc_603,science_news,5
higgs,higgs_wcc_604,science_news,5
higgs,higgs_wcc_605,science_news,5
higgs,higgs_wcc_606,science_news,5
higgs,higgs_wcc_607,science_news,5
higgs,higgs_wcc_608,science_news,5
higgs,higgs_wcc_609,science_news,5
higgs,higgs_wcc_610,science_news,5
higgs,higgs_wcc_611,science_news,5
higgs,higgs_wcc_612,science_news,5
higgs,higgs_wcc_613,science_news,5
higgs,higgs_wcc_614,science_news,5
higgs,higgs_wcc_615,science_news,5
higgs,higgs_wcc_616,science_news,5
higgs,higgs_wcc_617,science_news,4
higgs,higgs_wcc_618,science_news,4
higgs,higgs_wcc_619,science_news,4
higgs,higgs_wcc_620,science_news,4
higgs,higgs_wcc_621,science_news,4
higgs,higgs_wcc_622,science_news,4
higgs,higgs_wcc_623,science_news,4
higgs,higgs_wcc_624,science_news,4
higgs,higgs_wcc_625,science_news,4
higgs,higgs_wcc_626,science_news,4
higgs,higgs_wcc_627,science_news,4
higgs,higgs_wcc_628,science_news,4
higgs,higgs_wcc_629,science_news,4
higgs,higgs_wcc_630,science_news,4
higgs,higgs_wcc_631,science_news,4
higgs,higgs_wcc_632,science_news,4
higgs,higgs_wcc_633,science_news,4
higgs,higgs_wcc_634,science_news,4
higgs,higgs_wcc_635,science_news,4
higgs,higgs_wcc_636,science_news,4
higgs,higgs_wcc_637,science_news,4
higgs,higgs_wcc_638,science_news,4
higgs,higgs_wcc_639,science_news,4
higgs,higgs_wcc_640,science_news,4
higgs,higgs_wcc_641,science_news,4
higgs,higgs_wcc_642,science_news,4
higgs,higgs_wcc_643,science_news,4
higgs,higgs_wcc_644,science_news,4
higgs,higgs_wcc_645,science_news,4
higgs,higgs_wcc_646,science_news,4
higgs,higgs_wcc_647,science_news,4
higgs,higgs_wcc_648,science_news,4
higgs,higgs_wcc_649,science_news,4
higgs,higgs_wcc_650,science_news,4
higgs,higgs_wcc_651,science_news,4
higgs,higgs_wcc_652,science_news,4
higgs,higgs_wcc_653,science_news,4
higgs,higgs_wcc_654,science_news,4
higgs,higgs_wcc_655,science_news,4
higgs,higgs_wcc_656,science_news,4
higgs,higgs_wcc_657,science_news,4
higgs,higgs_wcc_658,science_news,4
higgs,higgs_wcc_659,science_news,4
higgs,higgs_wcc_660,science_news,4
higgs,higgs_wcc_661,science_news,4
higgs,higgs_wcc_662,science_news,4
higgs,higgs_wcc_663,science_news,4
higgs,higgs_wcc_664,science_news,4
higgs,higgs_wcc_665,science_news,4
higgs,higgs_wcc_666,science_news,4
higgs,higgs_wcc_667,science_news,4
higgs,higgs_wcc_668,science_news,4
higgs,higgs_wcc_669,science_news,4
higgs,higgs_wcc_670,science_news,4
higgs,higgs_wcc_671,science_news,4
higgs,higgs_wcc_672,science_news,4
higgs,higgs_wcc_673,science_news,4
higgs,higgs_wcc_674,science_news,4
higgs,higgs_wcc_675,science_news,4
higgs,higgs_wcc_676,science_news,4
higgs,higgs_wcc_677,science_news,4
higgs,higgs_wcc_678,science_news,4
higgs,higgs_wcc_679,science_news,4
higgs,higgs_wcc_680,science_news,4
higgs,higgs_wcc_681,science_news,4
higgs,higgs_wcc_682,science_news,4
higgs,higgs_wcc_683,science_news,4
higgs,higgs_wcc_684,science_news,4
higgs,higgs_wcc_685,science_news,4
higgs,higgs_wcc_686,science_news,4
higgs,higgs_wcc_687,science_news,4
higgs,higgs_wcc_688,science_news,4
higgs,higgs_wcc_689,science_news,4
higgs,higgs_wcc_690,science_news,4
higgs,higgs_wcc_691,science_news,4
higgs,higgs_wcc_692,science_news,4
higgs,higgs_wcc_693,science_news,4
higgs,higgs_wcc_694,science_news,4
higgs,higgs_wcc_695,science_news,4
higgs,higgs_wcc_696,science_news,4
higgs,higgs_wcc_697,science_news,4
higgs,higgs_wcc_698,science_news,4
higgs,higgs_wcc_699,science_news,4
higgs,higgs_wcc_700,science_news,4
higgs,higgs_wcc_701,science_news,4
higgs,higgs_wcc_702,science_news,4
higgs,higgs_wcc_703,science_news,4
higgs,higgs_wcc_704,science_news,4
higgs,higgs_wcc_705,science_news,4
higgs,higgs_wcc_706,science_news,4
higgs,higgs_wcc_707,science_news,4
higgs,higgs_wcc_708,science_news,4
higgs,higgs_wcc_709,science_news,4
higgs,higgs_wcc_710,science_news,4
higgs,higgs_wcc_711,science_news,4
higgs,higgs_wcc_712,science_news,4
higgs,higgs_wcc_713,science_news,4
higgs,higgs_wcc_714,science_news,4
higgs,higgs_wcc_715,science_news,4
higgs,higgs_wcc_716,science_news,4
higgs,higgs_wcc_717,science_news,4
higgs,higgs_wcc_718,science_news,4
higgs,higgs_wcc_719,science_news,4
higgs,higgs_wcc_720,science_news,4
higgs,higgs_wcc_721,science_news,4
higgs,higgs_wcc_722,science_news,4
higgs,higgs_wcc_723,science_news,4
higgs,higgs_wcc_724,science_news,4
higgs,higgs_wcc_725,science_news,4
higgs,higgs_wcc_726,science_news,4
higgs,higgs_wcc_727,science_news,4
higgs,higgs_wcc_728,science_news,4
higgs,higgs_wcc_729,science_news,4
higgs,higgs_wcc_730,science_news,4
higgs,higgs_wcc_731,science_news,4
higgs,higgs_wcc_732,science_news,4
higgs,higgs_wcc_733,science_news,4
higgs,higgs_wcc_734,science_news,4
higgs,higgs_wcc_735,science_news,4
higgs,higgs_wcc_736,science_news,4
higgs,higgs_wcc_737,science_news,4
higgs,higgs_wcc_738,science_news,4
higgs,higgs_wcc_739,science_news,4
higgs,higgs_wcc_740,science_news,4
higgs,higgs_wcc_741,science_news,4
higgs,higgs_wcc_742,science_news,4
higgs,higgs_wcc_743,science_news,4
higgs,higgs_wcc_744,science_news,4
higgs,higgs_wcc_745,science_news,4
higgs,higgs_wcc_746,science_news,4
higgs,higgs_wcc_747,science_news,4
higgs,higgs_wcc_748,science_news,4
higgs,higgs_wcc_749,science_news,4
higgs,higgs_wcc_750,science_news,4
higgs,higgs_wcc_751,science_news,4
higgs,higgs_wcc_752,science_news,4
higgs,higgs_wcc_753,science_news,4
higgs,higgs_wcc_754,science_news,4
higgs,higgs_wcc_755,science_news,4
higgs,higgs_wcc_756,science_news,4
higgs,higgs_wcc_757,science_news,4
higgs,higgs_wcc_758,science_news,4
higgs,higgs_wcc_759,science_news,4
higgs,higgs_wcc_760,science_news,4
higgs,higgs_wcc_761,science_news,4
higgs,higgs_wcc_762,science_news,4
higgs,higgs_wcc_763,science_news,4
higgs,higgs_wcc_764,science_news,4
higgs,higgs_wcc_765,science_news,4
higgs,higgs_wcc_766,science_news,4
higgs,higgs_wcc_767,science_news,4
higgs,higgs_wcc_768,science_news,4
higgs,higgs_wcc_769,science_news,4
higgs,higgs_wcc_770,science_news,4
higgs,higgs_wcc_771,science_news,4
higgs,higgs_wcc_772,science_news,4
higgs,higgs_wcc_773,science_news,4
higgs,higgs_wcc_774,science_news,4
higgs,higgs_wcc_775,science_news,4
higgs,higgs_wcc_776,science_news,4
higgs,higgs_wcc_777,science_news,4
higgs,higgs_wcc_778,science_news,4
higgs,higgs_wcc_779,science_news,4
higgs,higgs_wcc_780,science_news,4
higgs,higgs_wcc_781,science_news,4
higgs,higgs_wcc_782,science_news,4
higgs,higgs_wcc_783,science_news,4
higgs,higgs_wcc_784,science_news,4
higgs,higgs_wcc_785,science_news,4
higgs,higgs_wcc_786,science_news,4
higgs,higgs_wcc_787,science_news,4
higgs,higgs_wcc_788,science_news,4
higgs,higgs_wcc_789,science_news,4
higgs,higgs_wcc_790,science_news,4
higgs,higgs_wcc_791,science_news,4
higgs,higgs_wcc_792,science_news,4
higgs,higgs_wcc_793,science_news,4
higgs,higgs_wcc_794,science_news,4
higgs,higgs_wcc_795,science_news,4
higgs,higgs_wcc_796,science_news,4
higgs,higgs_wcc_797,science_news,4
higgs,higgs_wcc_798,science_news,4
higgs,higgs_wcc_799,science_news,4
higgs,higgs_wcc_800,science_news,4
higgs,higgs_wcc_801,science_news,4
higgs,higgs_wcc_802,science_news,4
higgs,higgs_wcc_803,science_news,4
higgs,higgs_wcc_804,science_news,4
higgs,higgs_wcc_805,science_news,4
higgs,higgs_wcc_806,science_news,4
higgs,higgs_wcc_807,science_news,4
higgs,higgs_wcc_808,science_news,4
higgs,higgs_wcc_809,science_news,4
higgs,higgs_wcc_810,science_news,4
higgs,higgs_wcc_811,science_news,4
higgs,higgs_wcc_812,science_news,4
higgs,higgs_wcc_813,science_news,4
higgs,higgs_wcc_814,science_news,4
higgs,higgs_wcc_815,science_news,4
higgs,higgs_wcc_816,science_news,4
higgs,higgs_wcc_817,science_news,4
higgs,higgs_wcc_818,science_news,4
higgs,higgs_wcc_819,science_news,4
higgs,higgs_wcc_820,science_news,4
higgs,higgs_wcc_821,science_news,4
higgs,higgs_wcc_822,science_news,4
higgs,higgs_wcc_823,science_news,4
higgs,higgs_wcc_824,science_news,4
higgs,higgs_wcc_825,science_news,4
higgs,higgs_wcc_826,science_news,4
higgs,higgs_wcc_827,science_news,4
higgs,higgs_wcc_828,science_news,4
higgs,higgs_wcc_829,science_news,4
higgs,higgs_wcc_830,science_news,4
higgs,higgs_wcc_831,science_news,4
higgs,higgs_wcc_832,science_news,4
higgs,higgs_wcc_833,science_news,4
higgs,higgs_wcc_834,science_news,4
higgs,higgs_wcc_835,science_news,4
higgs,higgs_wcc_836,science_news,4
higgs,higgs_wcc_837,science_news,4
higgs,higgs_wcc_838,science_news,4
higgs,higgs_wcc_839,science_news,4
higgs,higgs_wcc_840,science_news,4
higgs,higgs_wcc_841,science_news,4
higgs,higgs_wcc_842,science_news,4
higgs,higgs_wcc_843,science_news,4
higgs,higgs_wcc_844,science_news,4
higgs,higgs_wcc_845,science_news,4
higgs,higgs_wcc_846,science_news,4
higgs,higgs_wcc_847,science_news,4
higgs,higgs_wcc_848,science_news,4
higgs,higgs_wcc_849,science_news,4
higgs,higgs_wcc_850,science_news,4
higgs,higgs_wcc_851,science_news,4
higgs,higgs_wcc_852,science_news,4
higgs,higgs_wcc_853,science_news,4
higgs,higgs_wcc_854,science_news,4
higgs,higgs_wcc_855,science_news,4
higgs,higgs_wcc_856,science_news,4
higgs,higgs_wcc_857,science_news,4
higgs,higgs_wcc_858,science_news,4
higgs,higgs_wcc_859,science_news,4
higgs,higgs_wcc_860,science_news,4
higgs,higgs_wcc_861,science_news,4
higgs,higgs_wcc_862,science_news,4
higgs,higgs_wcc_863,science_news,4
higgs,higgs_wcc_864,science_news,4
higgs,higgs_wcc_865,science_news,4
higgs,higgs_wcc_866,science_news,4
higgs,higgs_wcc_867,science_news,4
higgs,higgs_wcc_868,science_news,4
higgs,higgs_wcc_869,science_news,4
higgs,higgs_wcc_870,science_news,4
higgs,higgs_wcc_871,science_news,4
higgs,higgs_wcc_872,science_news,4
higgs,higgs_wcc_873,science_news,4
higgs,higgs_wcc_874,science_news,4
higgs,higgs_wcc_875,science_news,4
higgs,higgs_wcc_876,science_news,4
higgs,higgs_wcc_877,science_news,4
higgs,higgs_wcc_878,science_news,4
higgs,higgs_wcc_879,science_news,4
higgs,higgs_wcc_880,science_news,4
higgs,higgs_wcc_881,science_news,4
higgs,higgs_wcc_882,science_news,4
higgs,higgs_wcc_883,science_news,4
higgs,higgs_wcc_884,science_news,4
higgs,higgs_wcc_885,science_news,4
higgs,higgs_wcc_886,science_news,4
higgs,higgs_wcc_887,science_news,4
higgs,higgs_wcc_888,science_news,4
higgs,higgs_wcc_889,science_news,4
higgs,higgs_wcc_890,science_news,4
higgs,higgs_wcc_891,science_news,4
higgs,higgs_wcc_892,science_news,4
higgs,higgs_wcc_893,science_news,4
higgs,higgs_wcc_894,science_news,4
higgs,higgs_wcc_895,science_news,4
higgs,higgs_wcc_896,science_news,4
higgs,higgs_wcc_897,science_news,4
higgs,higgs_wcc_898,science_news,4
higgs,higgs_wcc_899,science_news,4
higgs,higgs_wcc_900,science_news,4
higgs,higgs_wcc_901,science_news,4
higgs,higgs_wcc_902,science_news,4
higgs,higgs_wcc_903,science_news,4
higgs,higgs_wcc_904,science_news,4
higgs,higgs_wcc_905,science_news,4
higgs,higgs_wcc_906,science_news,4
higgs,higgs_wcc_907,science_news,4
higgs,higgs_wcc_908,science_news,4
higgs,higgs_wcc_909,science_news,4
higgs,higgs_wcc_910,science_news,4
higgs,higgs_wcc_911,science_news,4
higgs,higgs_wcc_912,science_news,4
higgs,higgs_wcc_913,science_news,4
higgs,higgs_wcc_914,science_news,4
higgs,higgs_wcc_915,science_news,4
higgs,higgs_wcc_916,science_news,4
higgs,higgs_wcc_917,science_news,4
higgs,higgs_wcc_918,science_news,4
higgs,higgs_wcc_919,science_news,4
higgs,higgs_wcc_920,science_news,4
higgs,higgs_wcc_921,science_news,4
higgs,higgs_wcc_922,science_news,4
higgs,higgs_wcc_923,science_news,4
higgs,higgs_wcc_924,science_news,4
higgs,higgs_wcc_925,science_news,4
higgs,higgs_wcc_926,science_news,4
higgs,higgs_wcc_927,science_news,4
higgs,higgs_wcc_928,science_news,4
higgs,higgs_wcc_929,science_news,4
higgs,higgs_wcc_930,science_news,4
higgs,higgs_wcc_931,science_news,4
higgs,higgs_wcc_932,science_news,4
higgs,higgs_wcc_933,science_news,4
higgs,higgs_wcc_934,science_news,4
higgs,higgs_wcc_935,science_news,4
higgs,higgs_wcc_936,science_news,4
higgs,higgs_wcc_937,science_news,4
higgs,higgs_wcc_938,science_news,4
higgs,higgs_wcc_939,science_news,4
higgs,higgs_wcc_940,science_news,4
higgs,higgs_wcc_941,science_news,4
higgs,higgs_wcc_942,science_news,4
higgs,higgs_wcc_943,science_news,4
higgs,higgs_wcc_944,science_news,4
higgs,higgs_wcc_945,science_news,4
higgs,higgs_wcc_946,science_news,4
higgs,higgs_wcc_947,science_news,4
higgs,higgs_wcc_948,science_news,4
higgs,higgs_wcc_949,science_news,4
higgs,higgs_wcc_950,science_news,4
higgs,higgs_wcc_951,science_news,4
higgs,higgs_wcc_952,science_news,4
higgs,higgs_wcc_953,science_news,4
higgs,higgs_wcc_954,science_news,4
higgs,higgs_wcc_955,science_news,4
higgs,higgs_wcc_956,science_news,4
higgs,higgs_wcc_957,science_news,4
higgs,higgs_wcc_958,science_news,4
higgs,higgs_wcc_959,science_news,4
higgs,higgs_wcc_960,science_news,4
higgs,higgs_wcc_961,science_news,4
higgs,higgs_wcc_962,science_news,4
higgs,higgs_wcc_963,science_news,4
higgs,higgs_wcc_964,science_news,4
higgs,higgs_wcc_965,science_news,4
higgs,higgs_wcc_966,science_news,4
higgs,higgs_wcc_967,science_news,4
higgs,higgs_wcc_968,science_news,4
higgs,higgs_wcc_969,science_news,4
higgs,higgs_wcc_970,science_news,4
higgs,higgs_wcc_971,science_news,4
higgs,higgs_wcc_972,science_news,4
higgs,higgs_wcc_973,science_news,4
higgs,higgs_wcc_974,science_news,4
higgs,higgs_wcc_975,science_news,4
higgs,higgs_wcc_976,science_news,4
higgs,higgs_wcc_977,science_news,4
higgs,higgs_wcc_978,science_news,4
higgs,higgs_wcc_979,science_news,4
higgs,higgs_wcc_980,science_news,4
higgs,higgs_wcc_981,science_news,4
higgs,higgs_wcc_982,science_news,4
higgs,higgs_wcc_983,science_news,4
higgs,higgs_wcc_984,science_news,4
higgs,higgs_wcc_985,science_news,4
higgs,higgs_wcc_986,science_news,4
higgs,higgs_wcc_987,science_news,4
higgs,higgs_wcc_988,science_news,4
higgs,higgs_wcc_989,science_news,4
higgs,higgs_wcc_990,science_news,4
higgs,higgs_wcc_991,science_news,4
higgs,higgs_wcc_992,science_news,4
higgs,higgs_wcc_993,science_news,4
higgs,higgs_wcc_994,science_news,4
higgs,higgs_wcc_995,science_news,4
higgs,higgs_wcc_996,science_news,4
higgs,higgs_wcc_997,science_news,4
higgs,higgs_wcc_998,science_news,4
higgs,higgs_wcc_999,science_news,4
higgs,higgs_wcc_1000,science_news,4
higgs,higgs_wcc_1001,science_news,4
higgs,higgs_wcc_1002,science_news,4
higgs,higgs_wcc_1003,science_news,4
higgs,higgs_wcc_1004,science_news,4
higgs,higgs_wcc_1005,science_news,4
higgs,higgs_wcc_1006,science_news,4
higgs,higgs_wcc_1007,science_news,4
higgs,higgs_wcc_1008,science_news,4
higgs,higgs_wcc_1009,science_news,4
higgs,higgs_wcc_1010,science_news,4
higgs,higgs_wcc_1011,science_news,4
higgs,higgs_wcc_1012,science_news,4
higgs,higgs_wcc_1013,science_news,4
higgs,higgs_wcc_1014,science_news,4
higgs,higgs_wcc_1015,science_news,4
higgs,higgs_wcc_1016,science_news,4
higgs,higgs_wcc_1017,science_news,4
higgs,higgs_wcc_1018,science_news,4
higgs,higgs_wcc_1019,science_news,4
higgs,higgs_wcc_1020,science_news,4
higgs,higgs_wcc_1021,science_news,4
higgs,higgs_wcc_1022,science_news,4
higgs,higgs_wcc_1023,science_news,4
higgs,higgs_wcc_1024,science_news,4
higgs,higgs_wcc_1025,science_news,4
higgs,higgs_wcc_1026,science_news,4
higgs,higgs_wcc_1027,science_news,4
higgs,higgs_wcc_1028,science_news,4
higgs,higgs_wcc_1029,science_news,4
higgs,higgs_wcc_1030,science_news,4
higgs,higgs_wcc_1031,science_news,4
higgs,higgs_wcc_1032,science_news,4
higgs,higgs_wcc_1033,science_news,4
higgs,higgs_wcc_1034,science_news,4
higgs,higgs_wcc_1035,science_news,4
higgs,higgs_wcc_1036,science_news,4
higgs,higgs_wcc_1037,science_news,4
higgs,higgs_wcc_1038,science_news,4
higgs,higgs_wcc_1039,science_news,4
higgs,higgs_wcc_1040,science_news,4
higgs,higgs_wcc_1041,science_news,4
higgs,higgs_wcc_1042,science_news,4
higgs,higgs_wcc_1043,science_news,4
higgs,higgs_wcc_1044,science_news,4
higgs,higgs_wcc_1045,science_news,4
higgs,higgs_wcc_1046,science_news,4
higgs,higgs_wcc_1047,science_news,4
higgs,higgs_wcc_1048,science_news,4
higgs,higgs_wcc_1049,science_news,4
higgs,higgs_wcc_1050,science_news,4
higgs,higgs_wcc_1051,science_news,4
higgs,higgs_wcc_1052,science_news,4
higgs,higgs_wcc_1053,science_news,4
higgs,higgs_wcc_1054,science_news,4
higgs,higgs_wcc_1055,science_news,4
higgs,higgs_wcc_1056,science_news,4
higgs,higgs_wcc_1057,science_news,4
higgs,higgs_wcc_1058,science_news,4
higgs,higgs_wcc_1059,science_news,4
higgs,higgs_wcc_1060,science_news,4
higgs,higgs_wcc_1061,science_news,4
higgs,higgs_wcc_1062,science_news,4
higgs,higgs_wcc_1063,science_news,4
higgs,higgs_wcc_1064,science_news,4
higgs,higgs_wcc_1065,science_news,4
higgs,higgs_wcc_1066,science_news,4
higgs,higgs_wcc_1067,science_news,4
higgs,higgs_wcc_1068,science_news,4
higgs,higgs_wcc_1069,science_news,4
higgs,higgs_wcc_1070,science_news,4
higgs,higgs_wcc_1071,science_news,4
higgs,higgs_wcc_1072,science_news,4
higgs,higgs_wcc_1073,science_news,4
higgs,higgs_wcc_1074,science_news,4
higgs,higgs_wcc_1075,science_news,4
higgs,higgs_wcc_1076,science_news,4
higgs,higgs_wcc_1077,science_news,4
higgs,higgs_wcc_1078,science_news,4
higgs,higgs_wcc_1079,science_news,4
higgs,higgs_wcc_1080,science_news,4
higgs,higgs_wcc_1081,science_news,4
higgs,higgs_wcc_1082,science_news,4
higgs,higgs_wcc_1083,science_news,4
higgs,higgs_wcc_1084,science_news,4
higgs,higgs_wcc_1085,science_news,4
higgs,higgs_wcc_1086,science_news,4
higgs,higgs_wcc_1087,science_news,4
higgs,higgs_wcc_1088,science_news,4
higgs,higgs_wcc_1089,science_news,4
higgs,higgs_wcc_1090,science_news,4
higgs,higgs_wcc_1091,science_news,4
higgs,higgs_wcc_1092,science_news,4
higgs,higgs_wcc_1093,science_news,4
higgs,higgs_wcc_1094,science_news,4
higgs,higgs_wcc_1095,science_news,4
higgs,higgs_wcc_1096,science_news,4
higgs,higgs_wcc_1097,science_news,4
higgs,higgs_wcc_1098,science_news,4
higgs,higgs_wcc_1099,science_news,4
higgs,higgs_wcc_1100,science_news,4
higgs,higgs_wcc_1101,science_news,4
higgs,higgs_wcc_1102,science_news,4
higgs,higgs_wcc_1103,science_news,4
higgs,higgs_wcc_1104,science_news,4
higgs,higgs_wcc_1105,science_news,4
higgs,higgs_wcc_1106,science_news,4
higgs,higgs_wcc_1107,science_news,4
higgs,higgs_wcc_1108,science_news,4
higgs,higgs_wcc_1109,science_news,4
higgs,higgs_wcc_1110,science_news,4
higgs,higgs_wcc_1111,science_news,4
higgs,higgs_wcc_1112,science_news,4
higgs,higgs_wcc_1113,science_news,4
higgs,higgs_wcc_1114,science_news,4
higgs,higgs_wcc_1115,science_news,4
higgs,higgs_wcc_1116,science_news,4
higgs,higgs_wcc_1117,science_news,4
higgs,higgs_wcc_1118,science_news,4
higgs,higgs_wcc_1119,science_news,4
higgs,higgs_wcc_1120,science_news,4
higgs,higgs_wcc_1121,science_news,4
higgs,higgs_wcc_1122,science_news,4
higgs,higgs_wcc_1123,science_news,4
higgs,higgs_wcc_1124,science_news,4
higgs,higgs_wcc_1125,science_news,4
higgs,higgs_wcc_1126,science_news,4
higgs,higgs_wcc_1127,science_news,4
higgs,higgs_wcc_1128,science_news,4
higgs,higgs_wcc_1129,science_news,4
higgs,higgs_wcc_1130,science_news,4
higgs,higgs_wcc_1131,science_news,4
higgs,higgs_wcc_1132,science_news,4
higgs,higgs_wcc_1133,science_news,4
higgs,higgs_wcc_1134,science_news,4
higgs,higgs_wcc_1135,science_news,4
higgs,higgs_wcc_1136,science_news,4
higgs,higgs_wcc_1137,science_news,4
higgs,higgs_wcc_1138,science_news,4
higgs,higgs_wcc_1139,science_news,4
higgs,higgs_wcc_1140,science_news,4
higgs,higgs_wcc_1141,science_news,4
higgs,higgs_wcc_1142,science_news,4
higgs,higgs_wcc_1143,science_news,4
higgs,higgs_wcc_1144,science_news,4
higgs,higgs_wcc_1145,science_news,4
higgs,higgs_wcc_1146,science_news,4
higgs,higgs_wcc_1147,science_news,4
higgs,higgs_wcc_1148,science_news,4
higgs,higgs_wcc_1149,science_news,4
higgs,higgs_wcc_1150,science_news,4
higgs,higgs_wcc_1151,science_news,4
higgs,higgs_wcc_1152,science_news,4
higgs,higgs_wcc_1153,science_news,4
higgs,higgs_wcc_1154,science_news,4
higgs,higgs_wcc_1155,science_news,4
higgs,higgs_wcc_1156,science_news,4
higgs,higgs_wcc_1157,science_news,4
higgs,higgs_wcc_1158,science_news,4
higgs,higgs_wcc_1159,science_news,4
higgs,higgs_wcc_1160,science_news,4
higgs,higgs_wcc_1161,science_news,4
higgs,higgs_wcc_1162,science_news,4
higgs,higgs_wcc_1163,science_news,4
higgs,higgs_wcc_1164,science_news,4
higgs,higgs_wcc_1165,science_news,4
higgs,higgs_wcc_1166,science_news,4
higgs,higgs_wcc_1167,science_news,4
higgs,higgs_wcc_1168,science_news,4
higgs,higgs_wcc_1169,science_news,4
higgs,higgs_wcc_1170,science_news,4
higgs,higgs_wcc_1171,science_news,4
higgs,higgs_wcc_1172,science_news,4
higgs,higgs_wcc_1173,science_news,4
higgs,higgs_wcc_1174,science_news,4
higgs,higgs_wcc_1175,science_news,4
higgs,higgs_wcc_1176,science_news,4
higgs,higgs_wcc_1177,science_news,4
higgs,higgs_wcc_1178,science_news,4
higgs,higgs_wcc_1179,science_news,4
higgs,higgs_wcc_1180,science_news,4
higgs,higgs_wcc_1181,science_news,4
higgs,higgs_wcc_1182,science_news,4
higgs,higgs_wcc_1183,science_news,3
higgs,higgs_wcc_1184,science_news,3
higgs,higgs_wcc_1185,science_news,3
higgs,higgs_wcc_1186,science_news,3
higgs,higgs_wcc_1187,science_news,3
higgs,higgs_wcc_1188,science_news,3
higgs,higgs_wcc_1189,science_news,3
higgs,higgs_wcc_1190,science_news,3
higgs,higgs_wcc_1191,science_news,3
higgs,higgs_wcc_1192,science_news,3
higgs,higgs_wcc_1193,science_news,3
higgs,higgs_wcc_1194,science_news,3
higgs,higgs_wcc_1195,science_news,3
higgs,higgs_wcc_1196,science_news,3
higgs,higgs_wcc_1197,science_news,3
higgs,higgs_wcc_1198,science_news,3
higgs,higgs_wcc_1199,science_news,3
higgs,higgs_wcc_1200,science_news,3
higgs,higgs_wcc_1201,science_news,3
higgs,higgs_wcc_1202,science_news,3
higgs,higgs_wcc_1203,science_news,3
higgs,higgs_wcc_1204,science_news,3
higgs,higgs_wcc_1205,science_news,3
higgs,higgs_wcc_1206,science_news,3
higgs,higgs_wcc_1207,science_news,3
higgs,higgs_wcc_1208,science_news,3
higgs,higgs_wcc_1209,science_news,3
higgs,higgs_wcc_1210,science_news,3
higgs,higgs_wcc_1211,science_news,3
higgs,higgs_wcc_1212,science_news,3
higgs,higgs_wcc_1213,science_news,3
higgs,higgs_wcc_1214,science_news,3
higgs,higgs_wcc_1215,science_news,3
higgs,higgs_wcc_1216,science_news,3
higgs,higgs_wcc_1217,science_news,3
higgs,higgs_wcc_1218,science_news,3
higgs,higgs_wcc_1219,science_news,3
higgs,higgs_wcc_1220,science_news,3
higgs,higgs_wcc_1221,science_news,3
higgs,higgs_wcc_1222,science_news,3
higgs,higgs_wcc_1223,science_news,3
higgs,higgs_wcc_1224,science_news,3
higgs,higgs_wcc_1225,science_news,3
higgs,higgs_wcc_1226,science_news,3
higgs,higgs_wcc_1227,science_news,3
higgs,higgs_wcc_1228,science_news,3
higgs,higgs_wcc_1229,science_news,3
higgs,higgs_wcc_1230,science_news,3
higgs,higgs_wcc_1231,science_news,3
higgs,higgs_wcc_1232,science_news,3
higgs,higgs_wcc_1233,science_news,3
higgs,higgs_wcc_1234,science_news,3
higgs,higgs_wcc_1235,science_news,3
higgs,higgs_wcc_1236,science_news,3
higgs,higgs_wcc_1237,science_news,3
higgs,higgs_wcc_1238,science_news,3
higgs,higgs_wcc_1239,science_news,3
higgs,higgs_wcc_1240,science_news,3
higgs,higgs_wcc_1241,science_news,3
higgs,higgs_wcc_1242,science_news,3
higgs,higgs_wcc_1243,science_news,3
higgs,higgs_wcc_1244,science_news,3
higgs,higgs_wcc_1245,science_news,3
higgs,higgs_wcc_1246,science_news,3
higgs,higgs_wcc_1247,science_news,3
higgs,higgs_wcc_1248,science_news,3
higgs,higgs_wcc_1249,science_news,3
higgs,higgs_wcc_1250,science_news,3
higgs,higgs_wcc_1251,science_news,3
higgs,higgs_wcc_1252,science_news,3
higgs,higgs_wcc_1253,science_news,3
higgs,higgs_wcc_1254,science_news,3
higgs,higgs_wcc_1255,science_news,3
higgs,higgs_wcc_1256,science_news,3
higgs,higgs_wcc_1257,science_news,3
higgs,higgs_wcc_1258,science_news,3
higgs,higgs_wcc_1259,science_news,3
higgs,higgs_wcc_1260,science_news,3
higgs,higgs_wcc_1261,science_news,3
higgs,higgs_wcc_1262,science_news,3
higgs,higgs_wcc_1263,science_news,3
higgs,higgs_wcc_1264,science_news,3
higgs,higgs_wcc_1265,science_news,3
higgs,higgs_wcc_1266,science_news,3
higgs,higgs_wcc_1267,science_news,3
higgs,higgs_wcc_1268,science_news,3
higgs,higgs_wcc_1269,science_news,3
higgs,higgs_wcc_1270,science_news,3
higgs,higgs_wcc_1271,science_news,3
higgs,higgs_wcc_1272,science_news,3
higgs,higgs_wcc_1273,science_news,3
higgs,higgs_wcc_1274,science_news,3
higgs,higgs_wcc_1275,science_news,3
higgs,higgs_wcc_1276,science_news,3
higgs,higgs_wcc_1277,science_news,3
higgs,higgs_wcc_1278,science_news,3
higgs,higgs_wcc_1279,science_news,3
higgs,higgs_wcc_1280,science_news,3
higgs,higgs_wcc_1281,science_news,3
higgs,higgs_wcc_1282,science_news,3
higgs,higgs_wcc_1283,science_news,3
higgs,higgs_wcc_1284,science_news,3
higgs,higgs_wcc_1285,science_news,3
higgs,higgs_wcc_1286,science_news,3
higgs,higgs_wcc_1287,science_news,3
higgs,higgs_wcc_1288,science_news,3
higgs,higgs_wcc_1289,science_news,3
higgs,higgs_wcc_1290,science_news,3
higgs,higgs_wcc_1291,science_news,3
higgs,higgs_wcc_1292,science_news,3
higgs,higgs_wcc_1293,science_news,3
higgs,higgs_wcc_1294,science_news,3
higgs,higgs_wcc_1295,science_news,3
higgs,higgs_wcc_1296,science_news,3
higgs,higgs_wcc_1297,science_news,3
higgs,higgs_wcc_1298,science_news,3
higgs,higgs_wcc_1299,science_news,3
higgs,higgs_wcc_1300,science_news,3
higgs,higgs_wcc_1301,science_news,3
higgs,higgs_wcc_1302,science_news,3
higgs,higgs_wcc_1303,science_news,3
higgs,higgs_wcc_1304,science_news,3
higgs,higgs_wcc_1305,science_news,3
higgs,higgs_wcc_1306,science_news,3
higgs,higgs_wcc_1307,science_news,3
higgs,higgs_wcc_1308,science_news,3
higgs,higgs_wcc_1309,science_news,3
higgs,higgs_wcc_1310,science_news,3
higgs,higgs_wcc_1311,science_news,3
higgs,higgs_wcc_1312,science_news,3
higgs,higgs_wcc_1313,science_news,3
higgs,higgs_wcc_1314,science_news,3
higgs,higgs_wcc_1315,science_news,3
higgs,higgs_wcc_1316,science_news,3
higgs,higgs_wcc_1317,science_news,3
higgs,higgs_wcc_1318,science_news,3
higgs,higgs_wcc_1319,science_news,3
higgs,higgs_wcc_1320,science_news,3
higgs,higgs_wcc_1321,science_news,3
higgs,higgs_wcc_1322,science_news,3
higgs,higgs_wcc_1323,science_news,3
higgs,higgs_wcc_1324,science_news,3
higgs,higgs_wcc_1325,science_news,3
higgs,higgs_wcc_1326,science_news,3
higgs,higgs_wcc_1327,science_news,3
higgs,higgs_wcc_1328,science_news,3
higgs,higgs_wcc_1329,science_news,3
higgs,higgs_wcc_1330,science_news,3
higgs,higgs_wcc_1331,science_news,3
higgs,higgs_wcc_1332,science_news,3
higgs,higgs_wcc_1333,science_news,3
higgs,higgs_wcc_1334,science_news,3
higgs,higgs_wcc_1335,science_news,3
higgs,higgs_wcc_1336,science_news,3
higgs,higgs_wcc_1337,science_news,3
higgs,higgs_wcc_1338,science_news,3
higgs,higgs_wcc_1339,science_news,3
higgs,higgs_wcc_1340,science_news,3
higgs,higgs_wcc_1341,science_news,3
higgs,higgs_wcc_1342,science_news,3
higgs,higgs_wcc_1343,science_news,3
higgs,higgs_wcc_1344,science_news,3
higgs,higgs_wcc_1345,science_news,3
higgs,higgs_wcc_1346,science_news,3
higgs,higgs_wcc_1347,science_news,3
higgs,higgs_wcc_1348,science_news,3
higgs,higgs_wcc_1349,science_news,3
higgs,higgs_wcc_1350,science_news,3
higgs,higgs_wcc_1351,science_news,3
higgs,higgs_wcc_1352,science_news,3
higgs,higgs_wcc_1353,science_news,3
higgs,higgs_wcc_1354,science_news,3
higgs,higgs_wcc_1355,science_news,3
higgs,higgs_wcc_1356,science_news,3
higgs,higgs_wcc_1357,science_news,3
higgs,higgs_wcc_1358,science_news,3
higgs,higgs_wcc_1359,science_news,3
higgs,higgs_wcc_1360,science_news,3
higgs,higgs_wcc_1361,science_news,3
higgs,higgs_wcc_1362,science_news,3
higgs,higgs_wcc_1363,science_news,3
higgs,higgs_wcc_1364,science_news,3
higgs,higgs_wcc_1365,science_news,3
higgs,higgs_wcc_1366,science_news,3
higgs,higgs_wcc_1367,science_news,3
higgs,higgs_wcc_1368,science_news,3
higgs,higgs_wcc_1369,science_news,3
higgs,higgs_wcc_1370,science_news,3
higgs,higgs_wcc_1371,science_news,3
higgs,higgs_wcc_1372,science_news,3
higgs,higgs_wcc_1373,science_news,3
higgs,higgs_wcc_1374,science_news,3
higgs,higgs_wcc_1375,science_news,3
higgs,higgs_wcc_1376,science_news,3
higgs,higgs_wcc_1377,science_news,3
higgs,higgs_wcc_1378,science_news,3
higgs,higgs_wcc_1379,science_news,3
higgs,higgs_wcc_1380,science_news,3
higgs,higgs_wcc_1381,science_news,3
higgs,higgs_wcc_1382,science_news,3
higgs,higgs_wcc_1383,science_news,3
higgs,higgs_wcc_1384,science_news,3
higgs,higgs_wcc_1385,science_news,3
higgs,higgs_wcc_1386,science_news,3
higgs,higgs_wcc_1387,science_news,3
higgs,higgs_wcc_1388,science_news,3
higgs,higgs_wcc_1389,science_news,3
higgs,higgs_wcc_1390,science_news,3
higgs,higgs_wcc_1391,science_news,3
higgs,higgs_wcc_1392,science_news,3
higgs,higgs_wcc_1393,science_news,3
higgs,higgs_wcc_1394,science_news,3
higgs,higgs_wcc_1395,science_news,3
higgs,higgs_wcc_1396,science_news,3
higgs,higgs_wcc_1397,science_news,3
higgs,higgs_wcc_1398,science_news,3
higgs,higgs_wcc_1399,science_news,3
higgs,higgs_wcc_1400,science_news,3
higgs,higgs_wcc_1401,science_news,3
higgs,higgs_wcc_1402,science_news,3
higgs,higgs_wcc_1403,science_news,3
higgs,higgs_wcc_1404,science_news,3
higgs,higgs_wcc_1405,science_news,3
higgs,higgs_wcc_1406,science_news,3
higgs,higgs_wcc_1407,science_news,3
higgs,higgs_wcc_1408,science_news,3
higgs,higgs_wcc_1409,science_news,3
higgs,higgs_wcc_1410,science_news,3
higgs,higgs_wcc_1411,science_news,3
higgs,higgs_wcc_1412,science_news,3
higgs,higgs_wcc_1413,science_news,3
higgs,higgs_wcc_1414,science_news,3
higgs,higgs_wcc_1415,science_news,3
higgs,higgs_wcc_1416,science_news,3
higgs,higgs_wcc_1417,science_news,3
higgs,higgs_wcc_1418,science_news,3
higgs,higgs_wcc_1419,science_news,3
higgs,higgs_wcc_1420,science_news,3
higgs,higgs_wcc_1421,science_news,3
higgs,higgs_wcc_1422,science_news,3
higgs,higgs_wcc_1423,science_news,3
higgs,higgs_wcc_1424,science_news,3
higgs,higgs_wcc_1425,science_news,3
higgs,higgs_wcc_1426,science_news,3
higgs,higgs_wcc_1427,science_news,3
higgs,higgs_wcc_1428,science_news,3
higgs,higgs_wcc_1429,science_news,3
higgs,higgs_wcc_1430,science_news,3
higgs,higgs_wcc_1431,science_news,3
higgs,higgs_wcc_1432,science_news,3
higgs,higgs_wcc_1433,science_news,3
higgs,higgs_wcc_1434,science_news,3
higgs,higgs_wcc_1435,science_news,3
higgs,higgs_wcc_1436,science_news,3
higgs,higgs_wcc_1437,science_news,3
higgs,higgs_wcc_1438,science_news,3
higgs,higgs_wcc_1439,science_news,3
higgs,higgs_wcc_1440,science_news,3
higgs,higgs_wcc_1441,science_news,3
higgs,higgs_wcc_1442,science_news,3
higgs,higgs_wcc_1443,science_news,3
higgs,higgs_wcc_1444,science_news,3
higgs,higgs_wcc_1445,science_news,3
higgs,higgs_wcc_1446,science_news,3
higgs,higgs_wcc_1447,science_news,3
higgs,higgs_wcc_1448,science_news,3
higgs,higgs_wcc_1449,science_news,3
higgs,higgs_wcc_1450,science_news,3
higgs,higgs_wcc_1451,science_news,3
higgs,higgs_wcc_1452,science_news,3
higgs,higgs_wcc_1453,science_news,3
higgs,higgs_wcc_1454,science_news,3
higgs,higgs_wcc_1455,science_news,3
higgs,higgs_wcc_1456,science_news,3
higgs,higgs_wcc_1457,science_news,3
higgs,higgs_wcc_1458,science_news,3
higgs,higgs_wcc_1459,science_news,3
higgs,higgs_wcc_1460,science_news,3
higgs,higgs_wcc_1461,science_news,3
higgs,higgs_wcc_1462,science_news,3
higgs,higgs_wcc_1463,science_news,3
higgs,higgs_wcc_1464,science_news,3
higgs,higgs_wcc_1465,science_news,3
higgs,higgs_wcc_1466,science_news,3
higgs,higgs_wcc_1467,science_news,3
higgs,higgs_wcc_1468,science_news,3
higgs,higgs_wcc_1469,science_news,3
higgs,higgs_wcc_1470,science_news,3
higgs,higgs_wcc_1471,science_news,3
higgs,higgs_wcc_1472,science_news,3
higgs,higgs_wcc_1473,science_news,3
higgs,higgs_wcc_1474,science_news,3
higgs,higgs_wcc_1475,science_news,3
higgs,higgs_wcc_1476,science_news,3
higgs,higgs_wcc_1477,science_news,3
higgs,higgs_wcc_1478,science_news,3
higgs,higgs_wcc_1479,science_news,3
higgs,higgs_wcc_1480,science_news,3
higgs,higgs_wcc_1481,science_news,3
higgs,higgs_wcc_1482,science_news,3
higgs,higgs_wcc_1483,science_news,3
higgs,higgs_wcc_1484,science_news,3
higgs,higgs_wcc_1485,science_news,3
higgs,higgs_wcc_1486,science_news,3
higgs,higgs_wcc_1487,science_news,3
higgs,higgs_wcc_1488,science_news,3
higgs,higgs_wcc_1489,science_news,3
higgs,higgs_wcc_1490,science_news,3
higgs,higgs_wcc_1491,science_news,3
higgs,higgs_wcc_1492,science_news,3
higgs,higgs_wcc_1493,science_news,3
higgs,higgs_wcc_1494,science_news,3
higgs,higgs_wcc_1495,science_news,3
higgs,higgs_wcc_1496,science_news,3
higgs,higgs_wcc_1497,science_news,3
higgs,higgs_wcc_1498,science_news,3
higgs,higgs_wcc_1499,science_news,3
higgs,higgs_wcc_1500,science_news,3
higgs,higgs_wcc_1501,science_news,3
higgs,higgs_wcc_1502,science_news,3
higgs,higgs_wcc_1503,science_news,3
higgs,higgs_wcc_1504,science_news,3
higgs,higgs_wcc_1505,science_news,3
higgs,higgs_wcc_1506,science_news,3
higgs,higgs_wcc_1507,science_news,3
higgs,higgs_wcc_1508,science_news,3
higgs,higgs_wcc_1509,science_news,3
higgs,higgs_wcc_1510,science_news,3
higgs,higgs_wcc_1511,science_news,3
higgs,higgs_wcc_1512,science_news,3
higgs,higgs_wcc_1513,science_news,3
higgs,higgs_wcc_1514,science_news,3
higgs,higgs_wcc_1515,science_news,3
higgs,higgs_wcc_1516,science_news,3
higgs,higgs_wcc_1517,science_news,3
higgs,higgs_wcc_1518,science_news,3
higgs,higgs_wcc_1519,science_news,3
higgs,higgs_wcc_1520,science_news,3
higgs,higgs_wcc_1521,science_news,3
higgs,higgs_wcc_1522,science_news,3
higgs,higgs_wcc_1523,science_news,3
higgs,higgs_wcc_1524,science_news,3
higgs,higgs_wcc_1525,science_news,3
higgs,higgs_wcc_1526,science_news,3
higgs,higgs_wcc_1527,science_news,3
higgs,higgs_wcc_1528,science_news,3
higgs,higgs_wcc_1529,science_news,3
higgs,higgs_wcc_1530,science_news,3
higgs,higgs_wcc_1531,science_news,3
higgs,higgs_wcc_1532,science_news,3
higgs,higgs_wcc_1533,science_news,3
higgs,higgs_wcc_1534,science_news,3
higgs,higgs_wcc_1535,science_news,3
higgs,higgs_wcc_1536,science_news,3
higgs,higgs_wcc_1537,science_news,3
higgs,higgs_wcc_1538,science_news,3
higgs,higgs_wcc_1539,science_news,3
higgs,higgs_wcc_1540,science_news,3
higgs,higgs_wcc_1541,science_news,3
higgs,higgs_wcc_1542,science_news,3
higgs,higgs_wcc_1543,science_news,3
higgs,higgs_wcc_1544,science_news,3
higgs,higgs_wcc_1545,science_news,3
higgs,higgs_wcc_1546,science_news,3
higgs,higgs_wcc_1547,science_news,3
higgs,higgs_wcc_1548,science_news,3
higgs,higgs_wcc_1549,science_news,3
higgs,higgs_wcc_1550,science_news,3
higgs,higgs_wcc_1551,science_news,3
higgs,higgs_wcc_1552,science_news,3
higgs,higgs_wcc_1553,science_news,3
higgs,higgs_wcc_1554,science_news,3
higgs,higgs_wcc_1555,science_news,3
higgs,higgs_wcc_1556,science_news,3
higgs,higgs_wcc_1557,science_news,3
higgs,higgs_wcc_1558,science_news,3
higgs,higgs_wcc_1559,science_news,3
higgs,higgs_wcc_1560,science_news,3
higgs,higgs_wcc_1561,science_news,3
higgs,higgs_wcc_1562,science_news,3
higgs,higgs_wcc_1563,science_news,3
higgs,higgs_wcc_1564,science_news,3
higgs,higgs_wcc_1565,science_news,3
higgs,higgs_wcc_1566,science_news,3
higgs,higgs_wcc_1567,science_news,3
higgs,higgs_wcc_1568,science_news,3
higgs,higgs_wcc_1569,science_news,3
higgs,higgs_wcc_1570,science_news,3
higgs,higgs_wcc_1571,science_news,3
higgs,higgs_wcc_1572,science_news,3
higgs,higgs_wcc_1573,science_news,3
higgs,higgs_wcc_1574,science_news,3
higgs,higgs_wcc_1575,science_news,3
higgs,higgs_wcc_1576,science_news,3
higgs,higgs_wcc_1577,science_news,3
higgs,higgs_wcc_1578,science_news,3
higgs,higgs_wcc_1579,science_news,3
higgs,higgs_wcc_1580,science_news,3
higgs,higgs_wcc_1581,science_news,3
higgs,higgs_wcc_1582,science_news,3
higgs,higgs_wcc_1583,science_news,3
higgs,higgs_wcc_1584,science_news,3
higgs,higgs_wcc_1585,science_news,3
higgs,higgs_wcc_1586,science_news,3
higgs,higgs_wcc_1587,science_news,3
higgs,higgs_wcc_1588,science_news,3
higgs,higgs_wcc_1589,science_news,3
higgs,higgs_wcc_1590,science_news,3
higgs,higgs_wcc_1591,science_news,3
higgs,higgs_wcc_1592,science_news,3
higgs,higgs_wcc_1593,science_news,3
higgs,higgs_wcc_1594,science_news,3
higgs,higgs_wcc_1595,science_news,3
higgs,higgs_wcc_1596,science_news,3
higgs,higgs_wcc_1597,science_news,3
higgs,higgs_wcc_1598,science_news,3
higgs,higgs_wcc_1599,science_news,3
higgs,higgs_wcc_1600,science_news,3
higgs,higgs_wcc_1601,science_news,3
higgs,higgs_wcc_1602,science_news,3
higgs,higgs_wcc_1603,science_news,3
higgs,higgs_wcc_1604,science_news,3
higgs,higgs_wcc_1605,science_news,3
higgs,higgs_wcc_1606,science_news,3
higgs,higgs_wcc_1607,science_news,3
higgs,higgs_wcc_1608,science_news,3
higgs,higgs_wcc_1609,science_news,3
higgs,higgs_wcc_1610,science_news,3
higgs,higgs_wcc_1611,science_news,3
higgs,higgs_wcc_1612,science_news,3
higgs,higgs_wcc_1613,science_news,3
higgs,higgs_wcc_1614,science_news,3
higgs,higgs_wcc_1615,science_news,3
higgs,higgs_wcc_1616,science_news,3
higgs,higgs_wcc_1617,science_news,3
higgs,higgs_wcc_1618,science_news,3
higgs,higgs_wcc_1619,science_news,3
higgs,higgs_wcc_1620,science_news,3
higgs,higgs_wcc_1621,science_news,3
higgs,higgs_wcc_1622,science_news,3
higgs,higgs_wcc_1623,science_news,3
higgs,higgs_wcc_1624,science_news,3
higgs,higgs_wcc_1625,science_news,3
higgs,higgs_wcc_1626,science_news,3
higgs,higgs_wcc_1627,science_news,3
higgs,higgs_wcc_1628,science_news,3
higgs,higgs_wcc_1629,science_news,3
higgs,higgs_wcc_1630,science_news,3
higgs,higgs_wcc_1631,science_news,3
higgs,higgs_wcc_1632,science_news,3
higgs,higgs_wcc_1633,science_news,3
higgs,higgs_wcc_1634,science_news,3
higgs,higgs_wcc_1635,science_news,3
higgs,higgs_wcc_1636,science_news,3
higgs,higgs_wcc_1637,science_news,3
higgs,higgs_wcc_1638,science_news,3
higgs,higgs_wcc_1639,science_news,3
higgs,higgs_wcc_1640,science_news,3
higgs,higgs_wcc_1641,science_news,3
higgs,higgs_wcc_1642,science_news,3
higgs,higgs_wcc_1643,science_news,3
higgs,higgs_wcc_1644,science_news,3
higgs,higgs_wcc_1645,science_news,3
higgs,higgs_wcc_1646,science_news,3
higgs,higgs_wcc_1647,science_news,3
higgs,higgs_wcc_1648,science_news,3
higgs,higgs_wcc_1649,science_news,3
higgs,higgs_wcc_1650,science_news,3
higgs,higgs_wcc_1651,science_news,3
higgs,higgs_wcc_1652,science_news,3
higgs,higgs_wcc_1653,science_news,3
higgs,higgs_wcc_1654,science_news,3
higgs,higgs_wcc_1655,science_news,3
higgs,higgs_wcc_1656,science_news,3
higgs,higgs_wcc_1657,science_news,3
higgs,higgs_wcc_1658,science_news,3
higgs,higgs_wcc_1659,science_news,3
higgs,higgs_wcc_1660,science_news,3
higgs,higgs_wcc_1661,science_news,3
higgs,higgs_wcc_1662,science_news,3
higgs,higgs_wcc_1663,science_news,3
higgs,higgs_wcc_1664,science_news,3
higgs,higgs_wcc_1665,science_news,3
higgs,higgs_wcc_1666,science_news,3
higgs,higgs_wcc_1667,science_news,3
higgs,higgs_wcc_1668,science_news,3
higgs,higgs_wcc_1669,science_news,3
higgs,higgs_wcc_1670,science_news,3
higgs,higgs_wcc_1671,science_news,3
higgs,higgs_wcc_1672,science_news,3
higgs,higgs_wcc_1673,science_news,3
higgs,higgs_wcc_1674,science_news,3
higgs,higgs_wcc_1675,science_news,3
higgs,higgs_wcc_1676,science_news,3
higgs,higgs_wcc_1677,science_news,3
higgs,higgs_wcc_1678,science_news,3
higgs,higgs_wcc_1679,science_news,3
higgs,higgs_wcc_1680,science_news,3
higgs,higgs_wcc_1681,science_news,3
higgs,higgs_wcc_1682,science_news,3
higgs,higgs_wcc_1683,science_news,3
higgs,higgs_wcc_1684,science_news,3
higgs,higgs_wcc_1685,science_news,3
higgs,higgs_wcc_1686,science_news,3
higgs,higgs_wcc_1687,science_news,3
higgs,higgs_wcc_1688,science_news,3
higgs,higgs_wcc_1689,science_news,3
higgs,higgs_wcc_1690,science_news,3
higgs,higgs_wcc_1691,science_news,3
higgs,higgs_wcc_1692,science_news,3
higgs,higgs_wcc_1693,science_news,3
higgs,higgs_wcc_1694,science_news,3
higgs,higgs_wcc_1695,science_news,3
higgs,higgs_wcc_1696,science_news,3
higgs,higgs_wcc_1697,science_news,3
higgs,higgs_wcc_1698,science_news,3
higgs,higgs_wcc_1699,science_news,3
higgs,higgs_wcc_1700,science_news,3
higgs,higgs_wcc_1701,science_news,3
higgs,higgs_wcc_1702,science_news,3
higgs,higgs_wcc_1703,science_news,3
higgs,higgs_wcc_1704,science_news,3
higgs,higgs_wcc_1705,science_news,3
higgs,higgs_wcc_1706,science_news,3
higgs,higgs_wcc_1707,science_news,3
higgs,higgs_wcc_1708,science_news,3
higgs,higgs_wcc_1709,science_news,3
higgs,higgs_wcc_1710,science_news,3
higgs,higgs_wcc_1711,science_news,3
higgs,higgs_wcc_1712,science_news,3
higgs,higgs_wcc_1713,science_news,3
higgs,higgs_wcc_1714,science_news,3
higgs,higgs_wcc_1715,science_news,3
higgs,higgs_wcc_1716,science_news,3
higgs,higgs_wcc_1717,science_news,3
higgs,higgs_wcc_1718,science_news,3
higgs,higgs_wcc_1719,science_news,3
higgs,higgs_wcc_1720,science_news,3
higgs,higgs_wcc_1721,science_news,3
higgs,higgs_wcc_1722,science_news,3
higgs,higgs_wcc_1723,science_news,3
higgs,higgs_wcc_1724,science_news,3
higgs,higgs_wcc_1725,science_news,3
higgs,higgs_wcc_1726,science_news,3
higgs,higgs_wcc_1727,science_news,3
higgs,higgs_wcc_1728,science_news,3
higgs,higgs_wcc_1729,science_news,3
higgs,higgs_wcc_1730,science_news,3
higgs,higgs_wcc_1731,science_news,3
higgs,higgs_wcc_1732,science_news,3
higgs,higgs_wcc_1733,science_news,3
higgs,higgs_wcc_1734,science_news,3
higgs,higgs_wcc_1735,science_news,3
higgs,higgs_wcc_1736,science_news,3
higgs,higgs_wcc_1737,science_news,3
higgs,higgs_wcc_1738,science_news,3
higgs,higgs_wcc_1739,science_news,3
higgs,higgs_wcc_1740,science_news,3
higgs,higgs_wcc_1741,science_news,3
higgs,higgs_wcc_1742,science_news,3
higgs,higgs_wcc_1743,science_news,3
higgs,higgs_wcc_1744,science_news,3
higgs,higgs_wcc_1745,science_news,3
higgs,higgs_wcc_1746,science_news,3
higgs,higgs_wcc_1747,science_news,3
higgs,higgs_wcc_1748,science_news,3
higgs,higgs_wcc_1749,science_news,3
higgs,higgs_wcc_1750,science_news,3
higgs,higgs_wcc_1751,science_news,3
higgs,higgs_wcc_1752,science_news,3
higgs,higgs_wcc_1753,science_news,3
higgs,higgs_wcc_1754,science_news,3
higgs,higgs_wcc_1755,science_news,3
higgs,higgs_wcc_1756,science_news,3
higgs,higgs_wcc_1757,science_news,3
higgs,higgs_wcc_1758,science_news,3
higgs,higgs_wcc_1759,science_news,3
higgs,higgs_wcc_1760,science_news,3
higgs,higgs_wcc_1761,science_news,3
higgs,higgs_wcc_1762,science_news,3
higgs,higgs_wcc_1763,science_news,3
higgs,higgs_wcc_1764,science_news,3
higgs,higgs_wcc_1765,science_news,3
higgs,higgs_wcc_1766,science_news,3
higgs,higgs_wcc_1767,science_news,3
higgs,higgs_wcc_1768,science_news,3
higgs,higgs_wcc_1769,science_news,3
higgs,higgs_wcc_1770,science_news,3
higgs,higgs_wcc_1771,science_news,3
higgs,higgs_wcc_1772,science_news,3
higgs,higgs_wcc_1773,science_news,3
higgs,higgs_wcc_1774,science_news,3
higgs,higgs_wcc_1775,science_news,3
higgs,higgs_wcc_1776,science_news,3
higgs,higgs_wcc_1777,science_news,3
higgs,higgs_wcc_1778,science_news,3
higgs,higgs_wcc_1779,science_news,3
higgs,higgs_wcc_1780,science_news,3
higgs,higgs_wcc_1781,science_news,3
higgs,higgs_wcc_1782,science_news,3
higgs,higgs_wcc_1783,science_news,3
higgs,higgs_wcc_1784,science_news,3
higgs,higgs_wcc_1785,science_news,3
higgs,higgs_wcc_1786,science_news,3
higgs,higgs_wcc_1787,science_news,3
higgs,higgs_wcc_1788,science_news,3
higgs,higgs_wcc_1789,science_news,3
higgs,higgs_wcc_1790,science_news,3
higgs,higgs_wcc_1791,science_news,3
higgs,higgs_wcc_1792,science_news,3
higgs,higgs_wcc_1793,science_news,3
higgs,higgs_wcc_1794,science_news,3
higgs,higgs_wcc_1795,science_news,3
higgs,higgs_wcc_1796,science_news,3
higgs,higgs_wcc_1797,science_news,3
higgs,higgs_wcc_1798,science_news,3
higgs,higgs_wcc_1799,science_news,3
higgs,higgs_wcc_1800,science_news,3
higgs,higgs_wcc_1801,science_news,3
higgs,higgs_wcc_1802,science_news,3
higgs,higgs_wcc_1803,science_news,3
higgs,higgs_wcc_1804,science_news,3
higgs,higgs_wcc_1805,science_news,3
higgs,higgs_wcc_1806,science_news,3
higgs,higgs_wcc_1807,science_news,3
higgs,higgs_wcc_1808,science_news,3
higgs,higgs_wcc_1809,science_news,3
higgs,higgs_wcc_1810,science_news,3
higgs,higgs_wcc_1811,science_news,3
higgs,higgs_wcc_1812,science_news,3
higgs,higgs_wcc_1813,science_news,3
higgs,higgs_wcc_1814,science_news,3
higgs,higgs_wcc_1815,science_news,3
higgs,higgs_wcc_1816,science_news,3
higgs,higgs_wcc_1817,science_news,3
higgs,higgs_wcc_1818,science_news,3
higgs,higgs_wcc_1819,science_news,3
higgs,higgs_wcc_1820,science_news,3
higgs,higgs_wcc_1821,science_news,3
higgs,higgs_wcc_1822,science_news,3
higgs,higgs_wcc_1823,science_news,3
higgs,higgs_wcc_1824,science_news,3
higgs,higgs_wcc_1825,science_news,3
higgs,higgs_wcc_1826,science_news,3
higgs,higgs_wcc_1827,science_news,3
higgs,higgs_wcc_1828,science_news,3
higgs,higgs_wcc_1829,science_news,3
higgs,higgs_wcc_1830,science_news,3
higgs,higgs_wcc_1831,science_news,3
higgs,higgs_wcc_1832,science_news,3
higgs,higgs_wcc_1833,science_news,3
higgs,higgs_wcc_1834,science_news,3
higgs,higgs_wcc_1835,science_news,3
higgs,higgs_wcc_1836,science_news,3
higgs,higgs_wcc_1837,science_news,3
higgs,higgs_wcc_1838,science_news,3
higgs,higgs_wcc_1839,science_news,3
higgs,higgs_wcc_1840,science_news,3
higgs,higgs_wcc_1841,science_news,3
higgs,higgs_wcc_1842,science_news,3
higgs,higgs_wcc_1843,science_news,3
higgs,higgs_wcc_1844,science_news,3
higgs,higgs_wcc_1845,science_news,3
higgs,higgs_wcc_1846,science_news,3
higgs,higgs_wcc_1847,science_news,3
higgs,higgs_wcc_1848,science_news,3
higgs,higgs_wcc_1849,science_news,3
higgs,higgs_wcc_1850,science_news,3
higgs,higgs_wcc_1851,science_news,3
higgs,higgs_wcc_1852,science_news,3
higgs,higgs_wcc_1853,science_news,3
higgs,higgs_wcc_1854,science_news,3
higgs,higgs_wcc_1855,science_news,3
higgs,higgs_wcc_1856,science_news,3
higgs,higgs_wcc_1857,science_news,3
higgs,higgs_wcc_1858,science_news,3
higgs,higgs_wcc_1859,science_news,3
higgs,higgs_wcc_1860,science_news,3
higgs,higgs_wcc_1861,science_news,3
higgs,higgs_wcc_1862,science_news,3
higgs,higgs_wcc_1863,science_news,3
higgs,higgs_wcc_1864,science_news,3
higgs,higgs_wcc_1865,science_news,3
higgs,higgs_wcc_1866,science_news,3
higgs,higgs_wcc_1867,science_news,3
higgs,higgs_wcc_1868,science_news,3
higgs,higgs_wcc_1869,science_news,3
higgs,higgs_wcc_1870,science_news,3
higgs,higgs_wcc_1871,science_news,3
higgs,higgs_wcc_1872,science_news,3
higgs,higgs_wcc_1873,science_news,3
higgs,higgs_wcc_1874,science_news,3
higgs,higgs_wcc_1875,science_news,3
higgs,higgs_wcc_1876,science_news,3
higgs,higgs_wcc_1877,science_news,3
higgs,higgs_wcc_1878,science_news,3
higgs,higgs_wcc_1879,science_news,3
higgs,higgs_wcc_1880,science_news,3
higgs,higgs_wcc_1881,science_news,3
higgs,higgs_wcc_1882,science_news,3
higgs,higgs_wcc_1883,science_news,3
higgs,higgs_wcc_1884,science_news,3
higgs,higgs_wcc_1885,science_news,3
higgs,higgs_wcc_1886,science_news,3
higgs,higgs_wcc_1887,science_news,3
higgs,higgs_wcc_1888,science_news,3
higgs,higgs_wcc_1889,science_news,3
higgs,higgs_wcc_1890,science_news,3
higgs,higgs_wcc_1891,science_news,3
higgs,higgs_wcc_1892,science_news,3
higgs,higgs_wcc_1893,science_news,3
higgs,higgs_wcc_1894,science_news,3
higgs,higgs_wcc_1895,science_news,3
higgs,higgs_wcc_1896,science_news,3
higgs,higgs_wcc_1897,science_news,3
higgs,higgs_wcc_1898,science_news,3
higgs,higgs_wcc_1899,science_news,3
higgs,higgs_wcc_1900,science_news,3
higgs,higgs_wcc_1901,science_news,3
higgs,higgs_wcc_1902,science_news,3
higgs,higgs_wcc_1903,science_news,3
higgs,higgs_wcc_1904,science_news,3
higgs,higgs_wcc_1905,science_news,3
higgs,higgs_wcc_1906,science_news,3
higgs,higgs_wcc_1907,science_news,3
higgs,higgs_wcc_1908,science_news,3
higgs,higgs_wcc_1909,science_news,3
higgs,higgs_wcc_1910,science_news,3
higgs,higgs_wcc_1911,science_news,3
higgs,higgs_wcc_1912,science_news,3
higgs,higgs_wcc_1913,science_news,3
higgs,higgs_wcc_1914,science_news,3
higgs,higgs_wcc_1915,science_news,3
higgs,higgs_wcc_1916,science_news,3
higgs,higgs_wcc_1917,science_news,3
higgs,higgs_wcc_1918,science_news,3
higgs,higgs_wcc_1919,science_news,3
higgs,higgs_wcc_1920,science_news,3
higgs,higgs_wcc_1921,science_news,3
higgs,higgs_wcc_1922,science_news,3
higgs,higgs_wcc_1923,science_news,3
higgs,higgs_wcc_1924,science_news,3
higgs,higgs_wcc_1925,science_news,3
higgs,higgs_wcc_1926,science_news,3
higgs,higgs_wcc_1927,science_news,3
higgs,higgs_wcc_1928,science_news,3
higgs,higgs_wcc_1929,science_news,3
higgs,higgs_wcc_1930,science_news,3
higgs,higgs_wcc_1931,science_news,3
higgs,higgs_wcc_1932,science_news,3
higgs,higgs_wcc_1933,science_news,3
higgs,higgs_wcc_1934,science_news,3
higgs,higgs_wcc_1935,science_news,3
higgs,higgs_wcc_1936,science_news,3
higgs,higgs_wcc_1937,science_news,3
higgs,higgs_wcc_1938,science_news,3
higgs,higgs_wcc_1939,science_news,3
higgs,higgs_wcc_1940,science_news,3
higgs,higgs_wcc_1941,science_news,3
higgs,higgs_wcc_1942,science_news,3
higgs,higgs_wcc_1943,science_news,3
higgs,higgs_wcc_1944,science_news,3
higgs,higgs_wcc_1945,science_news,3
higgs,higgs_wcc_1946,science_news,3
higgs,higgs_wcc_1947,science_news,3
higgs,higgs_wcc_1948,science_news,3
higgs,higgs_wcc_1949,science_news,3
higgs,higgs_wcc_1950,science_news,3
higgs,higgs_wcc_1951,science_news,3
higgs,higgs_wcc_1952,science_news,3
higgs,higgs_wcc_1953,science_news,3
higgs,higgs_wcc_1954,science_news,3
higgs,higgs_wcc_1955,science_news,3
higgs,higgs_wcc_1956,science_news,3
higgs,higgs_wcc_1957,science_news,3
higgs,higgs_wcc_1958,science_news,3
higgs,higgs_wcc_1959,science_news,3
higgs,higgs_wcc_1960,science_news,3
higgs,higgs_wcc_1961,science_news,3
higgs,higgs_wcc_1962,science_news,3
higgs,higgs_wcc_1963,science_news,3
higgs,higgs_wcc_1964,science_news,3
higgs,higgs_wcc_1965,science_news,3
higgs,higgs_wcc_1966,science_news,3
higgs,higgs_wcc_1967,science_news,3
higgs,higgs_wcc_1968,science_news,3
higgs,higgs_wcc_1969,science_news,3
higgs,higgs_wcc_1970,science_news,3
higgs,higgs_wcc_1971,science_news,3
higgs,higgs_wcc_1972,science_news,3
higgs,higgs_wcc_1973,science_news,3
higgs,higgs_wcc_1974,science_news,3
higgs,higgs_wcc_1975,science_news,3
higgs,higgs_wcc_1976,science_news,3
higgs,higgs_wcc_1977,science_news,3
higgs,higgs_wcc_1978,science_news,3
higgs,higgs_wcc_1979,science_news,3
higgs,higgs_wcc_1980,science_news,3
higgs,higgs_wcc_1981,science_news,3
higgs,higgs_wcc_1982,science_news,3
higgs,higgs_wcc_1983,science_news,3
higgs,higgs_wcc_1984,science_news,3
higgs,higgs_wcc_1985,science_news,3
higgs,higgs_wcc_1986,science_news,3
higgs,higgs_wcc_1987,science_news,3
higgs,higgs_wcc_1988,science_news,3
higgs,higgs_wcc_1989,science_news,3
higgs,higgs_wcc_1990,science_news,3
higgs,higgs_wcc_1991,science_news,3
higgs,higgs_wcc_1992,science_news,3
higgs,higgs_wcc_1993,science_news,3
higgs,higgs_wcc_1994,science_news,3
higgs,higgs_wcc_1995,science_news,3
higgs,higgs_wcc_1996,science_news,3
higgs,higgs_wcc_1997,science_news,3
higgs,higgs_wcc_1998,science_news,3
higgs,higgs_wcc_1999,science_news,3
higgs,higgs_wcc_2000,science_news,3
higgs,higgs_wcc_2001,science_news,3
higgs,higgs_wcc_2002,science_news,3
higgs,higgs_wcc_2003,science_news,3
higgs,higgs_wcc_2004,science_news,3
higgs,higgs_wcc_2005,science_news,3
higgs,higgs_wcc_2006,science_news,3
higgs,higgs_wcc_2007,science_news,3
higgs,higgs_wcc_2008,science_news,3
higgs,higgs_wcc_2009,science_news,3
higgs,higgs_wcc_2010,science_news,3
higgs,higgs_wcc_2011,science_news,3
higgs,higgs_wcc_2012,science_news,3
higgs,higgs_wcc_2013,science_news,3
higgs,higgs_wcc_2014,science_news,3
higgs,higgs_wcc_2015,science_news,3
higgs,higgs_wcc_2016,science_news,3
higgs,higgs_wcc_2017,science_news,3
higgs,higgs_wcc_2018,science_news,3
higgs,higgs_wcc_2019,science_news,3
higgs,higgs_wcc_2020,science_news,3
higgs,higgs_wcc_2021,science_news,3
higgs,higgs_wcc_2022,science_news,3
higgs,higgs_wcc_2023,science_news,3
higgs,higgs_wcc_2024,science_news,3
higgs,higgs_wcc_2025,science_news,3
higgs,higgs_wcc_2026,science_news,3
higgs,higgs_wcc_2027,science_news,3
higgs,higgs_wcc_2028,science_news,3
higgs,higgs_wcc_2029,science_news,3
higgs,higgs_wcc_2030,science_news,3
higgs,higgs_wcc_2031,science_news,3
higgs,higgs_wcc_2032,science_news,3
higgs,higgs_wcc_2033,science_news,3
higgs,higgs_wcc_2034,science_news,3
higgs,higgs_wcc_2035,science_news,3
higgs,higgs_wcc_2036,science_news,3
higgs,higgs_wcc_2037,science_news,3
higgs,higgs_wcc_2038,science_news,3
higgs,higgs_wcc_2039,science_news,3
higgs,higgs_wcc_2040,science_news,3
higgs,higgs_wcc_2041,science_news,3
higgs,higgs_wcc_2042,science_news,3
higgs,higgs_wcc_2043,science_news,3
higgs,higgs_wcc_2044,science_news,3
higgs,higgs_wcc_2045,science_news,3
higgs,higgs_wcc_2046,science_news,3
higgs,higgs_wcc_2047,science_news,3
higgs,higgs_wcc_2048,science_news,3
higgs,higgs_wcc_2049,science_news,3
higgs,higgs_wcc_2050,science_news,3
higgs,higgs_wcc_2051,science_news,3
higgs,higgs_wcc_2052,science_news,3
higgs,higgs_wcc_2053,science_news,3
higgs,higgs_wcc_2054,science_news,3
higgs,higgs_wcc_2055,science_news,3
higgs,higgs_wcc_2056,science_news,3
higgs,higgs_wcc_2057,science_news,3
higgs,higgs_wcc_2058,science_news,3
higgs,higgs_wcc_2059,science_news,3
higgs,higgs_wcc_2060,science_news,3
higgs,higgs_wcc_2061,science_news,3
higgs,higgs_wcc_2062,science_news,3
higgs,higgs_wcc_2063,science_news,3
higgs,higgs_wcc_2064,science_news,3
higgs,higgs_wcc_2065,science_news,3
higgs,higgs_wcc_2066,science_news,3
higgs,higgs_wcc_2067,science_news,3
higgs,higgs_wcc_2068,science_news,3
higgs,higgs_wcc_2069,science_news,3
higgs,higgs_wcc_2070,science_news,3
higgs,higgs_wcc_2071,science_news,3
higgs,higgs_wcc_2072,science_news,3
higgs,higgs_wcc_2073,science_news,3
higgs,higgs_wcc_2074,science_news,3
higgs,higgs_wcc_2075,science_news,3
higgs,higgs_wcc_2076,science_news,3
higgs,higgs_wcc_2077,science_news,3
higgs,higgs_wcc_2078,science_news,3
higgs,higgs_wcc_2079,science_news,3
higgs,higgs_wcc_2080,science_news,3
higgs,higgs_wcc_2081,science_news,3
higgs,higgs_wcc_2082,science_news,3
higgs,higgs_wcc_2083,science_news,3
higgs,higgs_wcc_2084,science_news,3
higgs,higgs_wcc_2085,science_news,3
higgs,higgs_wcc_2086,science_news,3
higgs,higgs_wcc_2087,science_news,3
higgs,higgs_wcc_2088,science_news,3
higgs,higgs_wcc_2089,science_news,3
higgs,higgs_wcc_2090,science_news,3
higgs,higgs_wcc_2091,science_news,3
higgs,higgs_wcc_2092,science_news,3
higgs,higgs_wcc_2093,science_news,3
higgs,higgs_wcc_2094,science_news,3
higgs,higgs_wcc_2095,science_news,3
higgs,higgs_wcc_2096,science_news,3
higgs,higgs_wcc_2097,science_news,3
higgs,higgs_wcc_2098,science_news,3
higgs,higgs_wcc_2099,science_news,3
higgs,higgs_wcc_2100,science_news,3
higgs,higgs_wcc_2101,science_news,3
higgs,higgs_wcc_2102,science_news,3
higgs,higgs_wcc_2103,science_news,3
higgs,higgs_wcc_2104,science_news,3
higgs,higgs_wcc_2105,science_news,3
higgs,higgs_wcc_2106,science_news,3
higgs,higgs_wcc_2107,science_news,3
higgs,higgs_wcc_2108,science_news,3
higgs,higgs_wcc_2109,science_news,3
higgs,higgs_wcc_2110,science_news,3
higgs,higgs_wcc_2111,science_news,3
higgs,higgs_wcc_2112,science_news,3
higgs,higgs_wcc_2113,science_news,3
higgs,higgs_wcc_2114,science_news,3
higgs,higgs_wcc_2115,science_news,3
higgs,higgs_wcc_2116,science_news,3
higgs,higgs_wcc_2117,science_news,3
higgs,higgs_wcc_2118,science_news,3
higgs,higgs_wcc_2119,science_news,3
higgs,higgs_wcc_2120,science_news,3
higgs,higgs_wcc_2121,science_news,3
higgs,higgs_wcc_2122,science_news,3
higgs,higgs_wcc_2123,science_news,3
higgs,higgs_wcc_2124,science_news,3
higgs,higgs_wcc_2125,science_news,3
higgs,higgs_wcc_2126,science_news,3
higgs,higgs_wcc_2127,science_news,3
higgs,higgs_wcc_2128,science_news,3
higgs,higgs_wcc_2129,science_news,3
higgs,higgs_wcc_2130,science_news,3
higgs,higgs_wcc_2131,science_news,3
higgs,higgs_wcc_2132,science_news,3
higgs,higgs_wcc_2133,science_news,3
higgs,higgs_wcc_2134,science_news,3
higgs,higgs_wcc_2135,science_news,3
higgs,higgs_wcc_2136,science_news,3
higgs,higgs_wcc_2137,science_news,3
higgs,higgs_wcc_2138,science_news,3
higgs,higgs_wcc_2139,science_news,3
higgs,higgs_wcc_2140,science_news,3
higgs,higgs_wcc_2141,science_news,3
higgs,higgs_wcc_2142,science_news,3
higgs,higgs_wcc_2143,science_news,3
higgs,higgs_wcc_2144,science_news,3
higgs,higgs_wcc_2145,science_news,3
higgs,higgs_wcc_2146,science_news,3
higgs,higgs_wcc_2147,science_news,3
higgs,higgs_wcc_2148,science_news,3
higgs,higgs_wcc_2149,science_news,3
higgs,higgs_wcc_2150,science_news,3
higgs,higgs_wcc_2151,science_news,3
higgs,higgs_wcc_2152,science_news,3
higgs,higgs_wcc_2153,science_news,3
higgs,higgs_wcc_2154,science_news,3
higgs,higgs_wcc_2155,science_news,3
higgs,higgs_wcc_2156,science_news,3
higgs,higgs_wcc_2157,science_news,3
higgs,higgs_wcc_2158,science_news,3
higgs,higgs_wcc_2159,science_news,3
higgs,higgs_wcc_2160,science_news,3
higgs,higgs_wcc_2161,science_news,3
higgs,higgs_wcc_2162,science_news,3
higgs,higgs_wcc_2163,science_news,3
higgs,higgs_wcc_2164,science_news,3
higgs,higgs_wcc_2165,science_news,3
higgs,higgs_wcc_2166,science_news,3
higgs,higgs_wcc_2167,science_news,3
higgs,higgs_wcc_2168,science_news,3
higgs,higgs_wcc_2169,science_news,3
higgs,higgs_wcc_2170,science_news,3
higgs,higgs_wcc_2171,science_news,3
higgs,higgs_wcc_2172,science_news,3
higgs,higgs_wcc_2173,science_news,3
higgs,higgs_wcc_2174,science_news,3
higgs,higgs_wcc_2175,science_news,3
higgs,higgs_wcc_2176,science_news,3
higgs,higgs_wcc_2177,science_news,3
higgs,higgs_wcc_2178,science_news,3
higgs,higgs_wcc_2179,science_news,3
higgs,higgs_wcc_2180,science_news,3
higgs,higgs_wcc_2181,science_news,3
higgs,higgs_wcc_2182,science_news,3
higgs,higgs_wcc_2183,science_news,3
higgs,higgs_wcc_2184,science_news,3
higgs,higgs_wcc_2185,science_news,3
higgs,higgs_wcc_2186,science_news,3
higgs,higgs_wcc_2187,science_news,3
higgs,higgs_wcc_2188,science_news,3
higgs,higgs_wcc_2189,science_news,3
higgs,higgs_wcc_2190,science_news,3
higgs,higgs_wcc_2191,science_news,3
higgs,higgs_wcc_2192,science_news,3
higgs,higgs_wcc_2193,science_news,3
higgs,higgs_wcc_2194,science_news,3
higgs,higgs_wcc_2195,science_news,3
higgs,higgs_wcc_2196,science_news,3
higgs,higgs_wcc_2197,science_news,3
higgs,higgs_wcc_2198,science_news,3
higgs,higgs_wcc_2199,science_news,3
higgs,higgs_wcc_2200,science_news,3
higgs,higgs_wcc_2201,science_news,3
higgs,higgs_wcc_2202,science_news,3
higgs,higgs_wcc_2203,science_news,3
higgs,higgs_wcc_2204,science_news,3
higgs,higgs_wcc_2205,science_news,3
higgs,higgs_wcc_2206,science_news,3
higgs,higgs_wcc_2207,science_news,3
higgs,higgs_wcc_2208,science_news,3
higgs,higgs_wcc_2209,science_news,3
higgs,higgs_wcc_2210,science_news,3
higgs,higgs_wcc_2211,science_news,3
higgs,higgs_wcc_2212,science_news,3
higgs,higgs_wcc_2213,science_news,3
higgs,higgs_wcc_2214,science_news,3
higgs,higgs_wcc_2215,science_news,3
higgs,higgs_wcc_2216,science_news,3
higgs,higgs_wcc_2217,science_news,3
higgs,higgs_wcc_2218,science_news,3
higgs,higgs_wcc_2219,science_news,3
higgs,higgs_wcc_2220,science_news,3
higgs,higgs_wcc_2221,science_news,3
higgs,higgs_wcc_2222,science_news,3
higgs,higgs_wcc_2223,science_news,3
higgs,higgs_wcc_2224,science_news,3
higgs,higgs_wcc_2225,science_news,3
higgs,higgs_wcc_2226,science_news,3
higgs,higgs_wcc_2227,science_news,3
higgs,higgs_wcc_2228,science_news,3
higgs,higgs_wcc_2229,science_news,3
higgs,higgs_wcc_2230,science_news,3
higgs,higgs_wcc_2231,science_news,3
higgs,higgs_wcc_2232,science_news,3
higgs,higgs_wcc_2233,science_news,3
higgs,higgs_wcc_2234,science_news,3
higgs,higgs_wcc_2235,science_news,3
higgs,higgs_wcc_2236,science_news,3
higgs,higgs_wcc_2237,science_news,3
higgs,higgs_wcc_2238,science_news,3
higgs,higgs_wcc_2239,science_news,3
higgs,higgs_wcc_2240,science_news,3
higgs,higgs_wcc_2241,science_news,3
higgs,higgs_wcc_2242,science_news,3
higgs,higgs_wcc_2243,science_news,3
higgs,higgs_wcc_2244,science_news,3
higgs,higgs_wcc_2245,science_news,3
higgs,higgs_wcc_2246,science_news,3
higgs,higgs_wcc_2247,science_news,3
higgs,higgs_wcc_2248,science_news,3
higgs,higgs_wcc_2249,science_news,3
higgs,higgs_wcc_2250,science_news,3
higgs,higgs_wcc_2251,science_news,3
higgs,higgs_wcc_2252,science_news,3
higgs,higgs_wcc_2253,science_news,3
higgs,higgs_wcc_2254,science_news,3
higgs,higgs_wcc_2255,science_news,3
higgs,higgs_wcc_2256,science_news,3
higgs,higgs_wcc_2257,science_news,3
higgs,higgs_wcc_2258,science_news,3
higgs,higgs_wcc_2259,science_news,3
higgs,higgs_wcc_2260,science_news,3
higgs,higgs_wcc_2261,science_news,3
higgs,higgs_wcc_2262,science_news,3
higgs,higgs_wcc_2263,science_news,3
higgs,higgs_wcc_2264,science_news,3
higgs,higgs_wcc_2265,science_news,3
higgs,higgs_wcc_2266,science_news,3
higgs,higgs_wcc_2267,science_news,3
higgs,higgs_wcc_2268,science_news,3
higgs,higgs_wcc_2269,science_news,3
higgs,higgs_wcc_2270,science_news,3
higgs,higgs_wcc_2271,science_news,3
higgs,higgs_wcc_2272,science_news,3
higgs,higgs_wcc_2273,science_news,3
higgs,higgs_wcc_2274,science_news,3
higgs,higgs_wcc_2275,science_news,3
higgs,higgs_wcc_2276,science_news,3
higgs,higgs_wcc_2277,science_news,3
higgs,higgs_wcc_2278,science_news,3
higgs,higgs_wcc_2279,science_news,3
higgs,higgs_wcc_2280,science_news,3
higgs,higgs_wcc_2281,science_news,3
higgs,higgs_wcc_2282,science_news,3
higgs,higgs_wcc_2283,science_news,3
higgs,higgs_wcc_2284,science_news,3
higgs,higgs_wcc_2285,science_news,3
higgs,higgs_wcc_2286,science_news,3
higgs,higgs_wcc_2287,science_news,3
higgs,higgs_wcc_2288,science_news,3
higgs,higgs_wcc_2289,science_news,3
higgs,higgs_wcc_2290,science_news,3
higgs,higgs_wcc_2291,science_news,3
higgs,higgs_wcc_2292,science_news,3
higgs,higgs_wcc_2293,science_news,3
higgs,higgs_wcc_2294,science_news,3
higgs,higgs_wcc_2295,science_news,3
higgs,higgs_wcc_2296,science_news,3
higgs,higgs_wcc_2297,science_news,3
higgs,higgs_wcc_2298,science_news,3
higgs,higgs_wcc_2299,science_news,3
higgs,higgs_wcc_2300,science_news,3
higgs,higgs_wcc_2301,science_news,3
higgs,higgs_wcc_2302,science_news,3
higgs,higgs_wcc_2303,science_news,3
higgs,higgs_wcc_2304,science_news,3
higgs,higgs_wcc_2305,science_news,3
higgs,higgs_wcc_2306,science_news,3
higgs,higgs_wcc_2307,science_news,3
higgs,higgs_wcc_2308,science_news,3
higgs,higgs_wcc_2309,science_news,3
higgs,higgs_wcc_2310,science_news,3
higgs,higgs_wcc_2311,science_news,3
higgs,higgs_wcc_2312,science_news,3
higgs,higgs_wcc_2313,science_news,3
higgs,higgs_wcc_2314,science_news,3
higgs,higgs_wcc_2315,science_news,3
higgs,higgs_wcc_2316,science_news,3
higgs,higgs_wcc_2317,science_news,3
higgs,higgs_wcc_2318,science_news,3
higgs,higgs_wcc_2319,science_news,3
higgs,higgs_wcc_2320,science_news,3
higgs,higgs_wcc_2321,science_news,3
higgs,higgs_wcc_2322,science_news,3
higgs,higgs_wcc_2323,science_news,3
higgs,higgs_wcc_2324,science_news,3
higgs,higgs_wcc_2325,science_news,3
higgs,higgs_wcc_2326,science_news,3
higgs,higgs_wcc_2327,science_news,3
higgs,higgs_wcc_2328,science_news,3
higgs,higgs_wcc_2329,science_news,3
higgs,higgs_wcc_2330,science_news,3
higgs,higgs_wcc_2331,science_news,3
higgs,higgs_wcc_2332,science_news,3
higgs,higgs_wcc_2333,science_news,3
higgs,higgs_wcc_2334,science_news,3
higgs,higgs_wcc_2335,science_news,3
higgs,higgs_wcc_2336,science_news,3
higgs,higgs_wcc_2337,science_news,3
higgs,higgs_wcc_2338,science_news,3
higgs,higgs_wcc_2339,science_news,3
higgs,higgs_wcc_2340,science_news,3
higgs,higgs_wcc_2341,science_news,3
higgs,higgs_wcc_2342,science_news,3
higgs,higgs_wcc_2343,science_news,3
higgs,higgs_wcc_2344,science_news,3
higgs,higgs_wcc_2345,science_news,3
higgs,higgs_wcc_2346,science_news,3
higgs,higgs_wcc_2347,science_news,3
higgs,higgs_wcc_2348,science_news,3
higgs,higgs_wcc_2349,science_news,3
higgs,higgs_wcc_2350,science_news,3
higgs,higgs_wcc_2351,science_news,3
higgs,higgs_wcc_2352,science_news,3
higgs,higgs_wcc_2353,science_news,3
higgs,higgs_wcc_2354,science_news,3
higgs,higgs_wcc_2355,science_news,3
higgs,higgs_wcc_2356,science_news,3
higgs,higgs_wcc_2357,science_news,3
higgs,higgs_wcc_2358,science_news,3
higgs,higgs_wcc_2359,science_news,3
higgs,higgs_wcc_2360,science_news,3
higgs,higgs_wcc_2361,science_news,3
higgs,higgs_wcc_2362,science_news,3
higgs,higgs_wcc_2363,science_news,3
higgs,higgs_wcc_2364,science_news,3
higgs,higgs_wcc_2365,science_news,3
higgs,higgs_wcc_2366,science_news,3
higgs,higgs_wcc_2367,science_news,3
higgs,higgs_wcc_2368,science_news,3
higgs,higgs_wcc_2369,science_news,3
higgs,higgs_wcc_2370,science_news,3
higgs,higgs_wcc_2371,science_news,3
higgs,higgs_wcc_2372,science_news,3
higgs,higgs_wcc_2373,science_news,3
higgs,higgs_wcc_2374,science_news,3
higgs,higgs_wcc_2375,science_news,3
higgs,higgs_wcc_2376,science_news,3
higgs,higgs_wcc_2377,science_news,3
higgs,higgs_wcc_2378,science_news,3
higgs,higgs_wcc_2379,science_news,3
higgs,higgs_wcc_2380,science_news,3
higgs,higgs_wcc_2381,science_news,3
higgs,higgs_wcc_2382,science_news,3
higgs,higgs_wcc_2383,science_news,3
higgs,higgs_wcc_2384,science_news,3
higgs,higgs_wcc_2385,science_news,3
higgs,higgs_wcc_2386,science_news,3
higgs,higgs_wcc_2387,science_news,3
higgs,higgs_wcc_2388,science_news,3
higgs,higgs_wcc_2389,science_news,3
higgs,higgs_wcc_2390,science_news,3
higgs,higgs_wcc_2391,science_news,3
higgs,higgs_wcc_2392,science_news,3
higgs,higgs_wcc_2393,science_news,3
higgs,higgs_wcc_2394,science_news,3
higgs,higgs_wcc_2395,science_news,3
higgs,higgs_wcc_2396,science_news,3
higgs,higgs_wcc_2397,science_news,3
higgs,higgs_wcc_2398,science_news,3
higgs,higgs_wcc_2399,science_news,3
higgs,higgs_wcc_2400,science_news,3
higgs,higgs_wcc_2401,science_news,3
higgs,higgs_wcc_2402,science_news,3
higgs,higgs_wcc_2403,science_news,3
higgs,higgs_wcc_2404,science_news,3
higgs,higgs_wcc_2405,science_news,3
higgs,higgs_wcc_2406,science_news,3
higgs,higgs_wcc_2407,science_news,3
higgs,higgs_wcc_2408,science_news,3
higgs,higgs_wcc_2409,science_news,3
higgs,higgs_wcc_2410,science_news,3
higgs,higgs_wcc_2411,science_news,3
higgs,higgs_wcc_2412,science_news,3
higgs,higgs_wcc_2413,science_news,3
higgs,higgs_wcc_2414,science_news,3
higgs,higgs_wcc_2415,science_news,3
higgs,higgs_wcc_2416,science_news,3
higgs,higgs_wcc_2417,science_news,3
higgs,higgs_wcc_2418,science_news,3
higgs,higgs_wcc_2419,science_news,3
higgs,higgs_wcc_2420,science_news,3
higgs,higgs_wcc_2421,science_news,3
higgs,higgs_wcc_2422,science_news,3
higgs,higgs_wcc_2423,science_news,3
higgs,higgs_wcc_2424,science_news,3
higgs,higgs_wcc_2425,science_news,3
higgs,higgs_wcc_2426,science_news,3
higgs,higgs_wcc_2427,science_news,3
higgs,higgs_wcc_2428,science_news,3
higgs,higgs_wcc_2429,science_news,3
higgs,higgs_wcc_2430,science_news,3
higgs,higgs_wcc_2431,science_news,3
higgs,higgs_wcc_2432,science_news,3
higgs,higgs_wcc_2433,science_news,3
higgs,higgs_wcc_2434,science_news,3
higgs,higgs_wcc_2435,science_news,3
higgs,higgs_wcc_2436,science_news,3
higgs,higgs_wcc_2437,science_news,3
higgs,higgs_wcc_2438,science_news,3
higgs,higgs_wcc_2439,science_news,3
higgs,higgs_wcc_2440,science_news,3
higgs,higgs_wcc_2441,science_news,3
higgs,higgs_wcc_2442,science_news,3
higgs,higgs_wcc_2443,science_news,3
higgs,higgs_wcc_2444,science_news,3
higgs,higgs_wcc_2445,science_news,3
higgs,higgs_wcc_2446,science_news,3
higgs,higgs_wcc_2447,science_news,3
higgs,higgs_wcc_2448,science_news,3
higgs,higgs_wcc_2449,science_news,3
higgs,higgs_wcc_2450,science_news,3
higgs,higgs_wcc_2451,science_news,3
higgs,higgs_wcc_2452,science_news,3
higgs,higgs_wcc_2453,science_news,3
higgs,higgs_wcc_2454,science_news,3
higgs,higgs_wcc_2455,science_news,3
higgs,higgs_wcc_2456,science_news,3
higgs,higgs_wcc_2457,science_news,3
higgs,higgs_wcc_2458,science_news,3
higgs,higgs_wcc_2459,science_news,3
higgs,higgs_wcc_2460,science_news,3
higgs,higgs_wcc_2461,science_news,3
higgs,higgs_wcc_2462,science_news,3
higgs,higgs_wcc_2463,science_news,3
higgs,higgs_wcc_2464,science_news,3
higgs,higgs_wcc_2465,science_news,3
higgs,higgs_wcc_2466,science_news,3
higgs,higgs_wcc_2467,science_news,3
higgs,higgs_wcc_2468,science_news,3
higgs,higgs_wcc_2469,science_news,3
higgs,higgs_wcc_2470,science_news,3
higgs,higgs_wcc_2471,science_news,3
higgs,higgs_wcc_2472,science_news,3
higgs,higgs_wcc_2473,science_news,3
higgs,higgs_wcc_2474,science_news,3
higgs,higgs_wcc_2475,science_news,3
higgs,higgs_wcc_2476,science_news,3
higgs,higgs_wcc_2477,science_news,3
higgs,higgs_wcc_2478,science_news,3
higgs,higgs_wcc_2479,science_news,3
higgs,higgs_wcc_2480,science_news,3
higgs,higgs_wcc_2481,science_news,3
higgs,higgs_wcc_2482,science_news,3
higgs,higgs_wcc_2483,science_news,3
higgs,higgs_wcc_2484,science_news,3
higgs,higgs_wcc_2485,science_news,3
higgs,higgs_wcc_2486,science_news,3
higgs,higgs_wcc_2487,science_news,3
higgs,higgs_wcc_2488,science_news,3
higgs,higgs_wcc_2489,science_news,3
higgs,higgs_wcc_2490,science_news,3
higgs,higgs_wcc_2491,science_news,3
higgs,higgs_wcc_2492,science_news,3
higgs,higgs_wcc_2493,science_news,3
higgs,higgs_wcc_2494,science_news,3
higgs,higgs_wcc_2495,science_news,3
higgs,higgs_wcc_2496,science_news,3
higgs,higgs_wcc_2497,science_news,3
higgs,higgs_wcc_2498,science_news,3
higgs,higgs_wcc_2499,science_news,3
higgs,higgs_wcc_2500,science_news,3
higgs,higgs_wcc_2501,science_news,3
higgs,higgs_wcc_2502,science_news,3
higgs,higgs_wcc_2503,science_news,3
higgs,higgs_wcc_2504,science_news,3
higgs,higgs_wcc_2505,science_news,3
higgs,higgs_wcc_2506,science_news,3
higgs,higgs_wcc_2507,science_news,3
higgs,higgs_wcc_2508,science_news,3
higgs,higgs_wcc_2509,science_news,3
higgs,higgs_wcc_2510,science_news,3
higgs,higgs_wcc_2511,science_news,3
higgs,higgs_wcc_2512,science_news,3
higgs,higgs_wcc_2513,science_news,3
higgs,higgs_wcc_2514,science_news,3
higgs,higgs_wcc_2515,science_news,3
higgs,higgs_wcc_2516,science_news,3
higgs,higgs_wcc_2517,science_news,3
higgs,higgs_wcc_2518,science_news,3
higgs,higgs_wcc_2519,science_news,3
higgs,higgs_wcc_2520,science_news,3
higgs,higgs_wcc_2521,science_news,3
higgs,higgs_wcc_2522,science_news,3
higgs,higgs_wcc_2523,science_news,3
higgs,higgs_wcc_2524,science_news,3
higgs,higgs_wcc_2525,science_news,3
higgs,higgs_wcc_2526,science_news,3
higgs,higgs_wcc_2527,science_news,3
higgs,higgs_wcc_2528,science_news,3
higgs,higgs_wcc_2529,science_news,3
higgs,higgs_wcc_2530,science_news,3
higgs,higgs_wcc_2531,science_news,3
higgs,higgs_wcc_2532,science_news,3
higgs,higgs_wcc_2533,science_news,3
higgs,higgs_wcc_2534,science_news,3
higgs,higgs_wcc_2535,science_news,3
higgs,higgs_wcc_2536,science_news,3
higgs,higgs_wcc_2537,science_news,3
higgs,higgs_wcc_2538,science_news,3
higgs,higgs_wcc_2539,science_news,3
higgs,higgs_wcc_2540,science_news,3
higgs,higgs_wcc_2541,science_news,3
higgs,higgs_wcc_2542,science_news,3
higgs,higgs_wcc_2543,science_news,3
higgs,higgs_wcc_2544,science_news,3
higgs,higgs_wcc_2545,science_news,3
higgs,higgs_wcc_2546,science_news,3
higgs,higgs_wcc_2547,science_news,3
higgs,higgs_wcc_2548,science_news,3
higgs,higgs_wcc_2549,science_news,3
higgs,higgs_wcc_2550,science_news,3
higgs,higgs_wcc_2551,science_news,3
higgs,higgs_wcc_2552,science_news,3
higgs,higgs_wcc_2553,science_news,3
higgs,higgs_wcc_2554,science_news,3
higgs,higgs_wcc_2555,science_news,3
higgs,higgs_wcc_2556,science_news,3
higgs,higgs_wcc_2557,science_news,3
higgs,higgs_wcc_2558,science_news,3
higgs,higgs_wcc_2559,science_news,3
higgs,higgs_wcc_2560,science_news,3
higgs,higgs_wcc_2561,science_news,3
higgs,higgs_wcc_2562,science_news,3
higgs,higgs_wcc_2563,science_news,3
higgs,higgs_wcc_2564,science_news,3
higgs,higgs_wcc_2565,science_news,3
higgs,higgs_wcc_2566,science_news,3
higgs,higgs_wcc_2567,science_news,3
higgs,higgs_wcc_2568,science_news,3
higgs,higgs_wcc_2569,science_news,3
higgs,higgs_wcc_2570,science_news,3
higgs,higgs_wcc_2571,science_news,3
higgs,higgs_wcc_2572,science_news,3
higgs,higgs_wcc_2573,science_news,3
higgs,higgs_wcc_2574,science_news,3
higgs,higgs_wcc_2575,science_news,3
higgs,higgs_wcc_2576,science_news,3
higgs,higgs_wcc_2577,science_news,3
higgs,higgs_wcc_2578,science_news,3
higgs,higgs_wcc_2579,science_news,3
higgs,higgs_wcc_2580,science_news,3
higgs,higgs_wcc_2581,science_news,3
higgs,higgs_wcc_2582,science_news,3
higgs,higgs_wcc_2583,science_news,3
higgs,higgs_wcc_2584,science_news,3
higgs,higgs_wcc_2585,science_news,3
higgs,higgs_wcc_2586,science_news,3
higgs,higgs_wcc_2587,science_news,3
higgs,higgs_wcc_2588,science_news,3
higgs,higgs_wcc_2589,science_news,3
higgs,higgs_wcc_2590,science_news,3
higgs,higgs_wcc_2591,science_news,3
higgs,higgs_wcc_2592,science_news,3
higgs,higgs_wcc_2593,science_news,3
higgs,higgs_wcc_2594,science_news,3
higgs,higgs_wcc_2595,science_news,3
higgs,higgs_wcc_2596,science_news,3
higgs,higgs_wcc_2597,science_news,3
higgs,higgs_wcc_2598,science_news,3
higgs,higgs_wcc_2599,science_news,3
higgs,higgs_wcc_2600,science_news,3
higgs,higgs_wcc_2601,science_news,3
higgs,higgs_wcc_2602,science_news,3
higgs,higgs_wcc_2603,science_news,3
higgs,higgs_wcc_2604,science_news,3
higgs,higgs_wcc_2605,science_news,3
higgs,higgs_wcc_2606,science_news,3
higgs,higgs_wcc_2607,science_news,3
higgs,higgs_wcc_2608,science_news,3
higgs,higgs_wcc_2609,science_news,3
higgs,higgs_wcc_2610,science_news,3
higgs,higgs_wcc_2611,science_news,3
higgs,higgs_wcc_2612,science_news,3
higgs,higgs_wcc_2613,science_news,3
higgs,higgs_wcc_2614,science_news,3
higgs,higgs_wcc_2615,science_news,3
higgs,higgs_wcc_2616,science_news,3
higgs,higgs_wcc_2617,science_news,3
higgs,higgs_wcc_2618,science_news,3
higgs,higgs_wcc_2619,science_news,3
higgs,higgs_wcc_2620,science_news,3
higgs,higgs_wcc_2621,science_news,3
higgs,higgs_wcc_2622,science_news,3
higgs,higgs_wcc_2623,science_news,3
higgs,higgs_wcc_2624,science_news,3
higgs,higgs_wcc_2625,science_news,3
higgs,higgs_wcc_2626,science_news,3
higgs,higgs_wcc_2627,science_news,3
higgs,higgs_wcc_2628,science_news,3
higgs,higgs_wcc_2629,science_news,3
higgs,higgs_wcc_2630,science_news,3
higgs,higgs_wcc_2631,science_news,3
higgs,higgs_wcc_2632,science_news,3
higgs,higgs_wcc_2633,science_news,3
higgs,higgs_wcc_2634,science_news,3
higgs,higgs_wcc_2635,science_news,3
higgs,higgs_wcc_2636,science_news,3
higgs,higgs_wcc_2637,science_news,3
higgs,higgs_wcc_2638,science_news,3
higgs,higgs_wcc_2639,science_news,3
higgs,higgs_wcc_2640,science_news,3
higgs,higgs_wcc_2641,science_news,3
higgs,higgs_wcc_2642,science_news,3
higgs,higgs_wcc_2643,science_news,3
higgs,higgs_wcc_2644,science_news,3
higgs,higgs_wcc_2645,science_news,3
higgs,higgs_wcc_2646,science_news,3
higgs,higgs_wcc_2647,science_news,3
higgs,higgs_wcc_2648,science_news,3
higgs,higgs_wcc_2649,science_news,3
higgs,higgs_wcc_2650,science_news,3
higgs,higgs_wcc_2651,science_news,3
higgs,higgs_wcc_2652,science_news,3
higgs,higgs_wcc_2653,science_news,3
higgs,higgs_wcc_2654,science_news,3
higgs,higgs_wcc_2655,science_news,3
higgs,higgs_wcc_2656,science_news,3
higgs,higgs_wcc_2657,science_news,3
higgs,higgs_wcc_2658,science_news,3
higgs,higgs_wcc_2659,science_news,3
higgs,higgs_wcc_2660,science_news,3
higgs,higgs_wcc_2661,science_news,3
higgs,higgs_wcc_2662,science_news,3
higgs,higgs_wcc_2663,science_news,3
higgs,higgs_wcc_2664,science_news,3
higgs,higgs_wcc_2665,science_news,3
higgs,higgs_wcc_2666,science_news,3
higgs,higgs_wcc_2667,science_news,3
higgs,higgs_wcc_2668,science_news,3
higgs,higgs_wcc_2669,science_news,3
higgs,higgs_wcc_2670,science_news,3
higgs,higgs_wcc_2671,science_news,3
higgs,higgs_wcc_2672,science_news,3
higgs,higgs_wcc_2673,science_news,3
higgs,higgs_wcc_2674,science_news,3
higgs,higgs_wcc_2675,science_news,3
higgs,higgs_wcc_2676,science_news,3
higgs,higgs_wcc_2677,science_news,3
higgs,higgs_wcc_2678,science_news,3
higgs,higgs_wcc_2679,science_news,3
higgs,higgs_wcc_2680,science_news,3
higgs,higgs_wcc_2681,science_news,3
higgs,higgs_wcc_2682,science_news,3
higgs,higgs_wcc_2683,science_news,3
higgs,higgs_wcc_2684,science_news,3
higgs,higgs_wcc_2685,science_news,3
higgs,higgs_wcc_2686,science_news,3
higgs,higgs_wcc_2687,science_news,3
higgs,higgs_wcc_2688,science_news,3
higgs,higgs_wcc_2689,science_news,3
higgs,higgs_wcc_2690,science_news,3
higgs,higgs_wcc_2691,science_news,3
higgs,higgs_wcc_2692,science_news,3
higgs,higgs_wcc_2693,science_news,3
higgs,higgs_wcc_2694,science_news,3
higgs,higgs_wcc_2695,science_news,3
higgs,higgs_wcc_2696,science_news,3
higgs,higgs_wcc_2697,science_news,3
higgs,higgs_wcc_2698,science_news,3
higgs,higgs_wcc_2699,science_news,3
higgs,higgs_wcc_2700,science_news,3
higgs,higgs_wcc_2701,science_news,3
higgs,higgs_wcc_2702,science_news,3
higgs,higgs_wcc_2703,science_news,3
higgs,higgs_wcc_2704,science_news,3
higgs,higgs_wcc_2705,science_news,3
higgs,higgs_wcc_2706,science_news,3
higgs,higgs_wcc_2707,science_news,3
higgs,higgs_wcc_2708,science_news,3
higgs,higgs_wcc_2709,science_news,3
higgs,higgs_wcc_2710,science_news,3
higgs,higgs_wcc_2711,science_news,3
higgs,higgs_wcc_2712,science_news,3
higgs,higgs_wcc_2713,science_news,3
higgs,higgs_wcc_2714,science_news,3
higgs,higgs_wcc_2715,science_news,3
higgs,higgs_wcc_2716,science_news,3
higgs,higgs_wcc_2717,science_news,3
higgs,higgs_wcc_2718,science_news,3
higgs,higgs_wcc_2719,science_news,3
higgs,higgs_wcc_2720,science_news,3
higgs,higgs_wcc_2721,science_news,3
higgs,higgs_wcc_2722,science_news,3
higgs,higgs_wcc_2723,science_news,3
higgs,higgs_wcc_2724,science_news,3
higgs,higgs_wcc_2725,science_news,3
higgs,higgs_wcc_2726,science_news,3
higgs,higgs_wcc_2727,science_news,3
higgs,higgs_wcc_2728,science_news,3
higgs,higgs_wcc_2729,science_news,3
higgs,higgs_wcc_2730,science_news,3
higgs,higgs_wcc_2731,science_news,3
higgs,higgs_wcc_2732,science_news,3
higgs,higgs_wcc_2733,science_news,3
higgs,higgs_wcc_2734,science_news,3
higgs,higgs_wcc_2735,science_news,3
higgs,higgs_wcc_2736,science_news,3
higgs,higgs_wcc_2737,science_news,3
higgs,higgs_wcc_2738,science_news,3
higgs,higgs_wcc_2739,science_news,3
higgs,higgs_wcc_2740,science_news,3
higgs,higgs_wcc_2741,science_news,3
higgs,higgs_wcc_2742,science_news,3
higgs,higgs_wcc_2743,science_news,3
higgs,higgs_wcc_2744,science_news,3
higgs,higgs_wcc_2745,science_news,3
higgs,higgs_wcc_2746,science_news,3
higgs,higgs_wcc_2747,science_news,3
higgs,higgs_wcc_2748,science_news,3
higgs,higgs_wcc_2749,science_news,3
higgs,higgs_wcc_2750,science_news,3
higgs,higgs_wcc_2751,science_news,3
higgs,higgs_wcc_2752,science_news,3
higgs,higgs_wcc_2753,science_news,3
higgs,higgs_wcc_2754,science_news,3
higgs,higgs_wcc_2755,science_news,3
higgs,higgs_wcc_2756,science_news,3
higgs,higgs_wcc_2757,science_news,3
higgs,higgs_wcc_2758,science_news,3
higgs,higgs_wcc_2759,science_news,3
higgs,higgs_wcc_2760,science_news,3
higgs,higgs_wcc_2761,science_news,3
higgs,higgs_wcc_2762,science_news,3
higgs,higgs_wcc_2763,science_news,3
higgs,higgs_wcc_2764,science_news,3
higgs,higgs_wcc_2765,science_news,3
higgs,higgs_wcc_2766,science_news,3
higgs,higgs_wcc_2767,science_news,3
higgs,higgs_wcc_2768,science_news,3
higgs,higgs_wcc_2769,science_news,3
higgs,higgs_wcc_2770,science_news,3
higgs,higgs_wcc_2771,science_news,3
higgs,higgs_wcc_2772,science_news,3
higgs,higgs_wcc_2773,science_news,3
higgs,higgs_wcc_2774,science_news,3
higgs,higgs_wcc_2775,science_news,3
higgs,higgs_wcc_2776,science_news,3
higgs,higgs_wcc_2777,science_news,3
higgs,higgs_wcc_2778,science_news,3
higgs,higgs_wcc_2779,science_news,3
higgs,higgs_wcc_2780,science_news,3
higgs,higgs_wcc_2781,science_news,3
higgs,higgs_wcc_2782,science_news,3
higgs,higgs_wcc_2783,science_news,3
higgs,higgs_wcc_2784,science_news,3
higgs,higgs_wcc_2785,science_news,3
higgs,higgs_wcc_2786,science_news,3
higgs,higgs_wcc_2787,science_news,3
higgs,higgs_wcc_2788,science_news,3
higgs,higgs_wcc_2789,science_news,3
higgs,higgs_wcc_2790,science_news,3
higgs,higgs_wcc_2791,science_news,3
higgs,higgs_wcc_2792,science_news,3
higgs,higgs_wcc_2793,science_news,3
higgs,higgs_wcc_2794,science_news,3
higgs,higgs_wcc_2795,science_news,3
higgs,higgs_wcc_2796,science_news,3
higgs,higgs_wcc_2797,science_news,3
higgs,higgs_wcc_2798,science_news,3
higgs,higgs_wcc_2799,science_news,3
higgs,higgs_wcc_2800,science_news,3
higgs,higgs_wcc_2801,science_news,3
higgs,higgs_wcc_2802,science_news,3
higgs,higgs_wcc_2803,science_news,3
higgs,higgs_wcc_2804,science_news,3
higgs,higgs_wcc_2805,science_news,3
higgs,higgs_wcc_2806,science_news,3
higgs,higgs_wcc_2807,science_news,3
higgs,higgs_wcc_2808,science_news,3
higgs,higgs_wcc_2809,science_news,3
higgs,higgs_wcc_2810,science_news,3
higgs,higgs_wcc_2811,science_news,3
higgs,higgs_wcc_2812,science_news,3
higgs,higgs_wcc_2813,science_news,3
higgs,higgs_wcc_2814,science_news,3
higgs,higgs_wcc_2815,science_news,3
higgs,higgs_wcc_2816,science_news,3
higgs,higgs_wcc_2817,science_news,3
higgs,higgs_wcc_2818,science_news,3
higgs,higgs_wcc_2819,science_news,3
higgs,higgs_wcc_2820,science_news,3
higgs,higgs_wcc_2821,science_news,3
higgs,higgs_wcc_2822,science_news,3
higgs,higgs_wcc_2823,science_news,3
higgs,higgs_wcc_2824,science_news,3
higgs,higgs_wcc_2825,science_news,3
higgs,higgs_wcc_2826,science_news,3
higgs,higgs_wcc_2827,science_news,3
higgs,higgs_wcc_2828,science_news,3
higgs,higgs_wcc_2829,science_news,3
higgs,higgs_wcc_2830,science_news,3
higgs,higgs_wcc_2831,science_news,3
higgs,higgs_wcc_2832,science_news,3
higgs,higgs_wcc_2833,science_news,3
higgs,higgs_wcc_2834,science_news,3
higgs,higgs_wcc_2835,science_news,3
higgs,higgs_wcc_2836,science_news,3
higgs,higgs_wcc_2837,science_news,3
higgs,higgs_wcc_2838,science_news,3
higgs,higgs_wcc_2839,science_news,3
higgs,higgs_wcc_2840,science_news,3
higgs,higgs_wcc_2841,science_news,3
higgs,higgs_wcc_2842,science_news,3
higgs,higgs_wcc_2843,science_news,3
higgs,higgs_wcc_2844,science_news,3
higgs,higgs_wcc_2845,science_news,3
higgs,higgs_wcc_2846,science_news,3
higgs,higgs_wcc_2847,science_news,3
higgs,higgs_wcc_2848,science_news,3
higgs,higgs_wcc_2849,science_news,3
higgs,higgs_wcc_2850,science_news,3
higgs,higgs_wcc_2851,science_news,3
higgs,higgs_wcc_2852,science_news,3
higgs,higgs_wcc_2853,science_news,3
higgs,higgs_wcc_2854,science_news,3
higgs,higgs_wcc_2855,science_news,3
higgs,higgs_wcc_2856,science_news,3
higgs,higgs_wcc_2857,science_news,3
higgs,higgs_wcc_2858,science_news,3
higgs,higgs_wcc_2859,science_news,3
higgs,higgs_wcc_2860,science_news,3
higgs,higgs_wcc_2861,science_news,3
higgs,higgs_wcc_2862,science_news,3
higgs,higgs_wcc_2863,science_news,3
higgs,higgs_wcc_2864,science_news,3
higgs,higgs_wcc_2865,science_news,3
higgs,higgs_wcc_2866,science_news,3
higgs,higgs_wcc_2867,science_news,3
higgs,higgs_wcc_2868,science_news,3
higgs,higgs_wcc_2869,science_news,3
higgs,higgs_wcc_2870,science_news,3
higgs,higgs_wcc_2871,science_news,3
higgs,higgs_wcc_2872,science_news,3
higgs,higgs_wcc_2873,science_news,3
higgs,higgs_wcc_2874,science_news,3
higgs,higgs_wcc_2875,science_news,3
higgs,higgs_wcc_2876,science_news,3
higgs,higgs_wcc_2877,science_news,3
higgs,higgs_wcc_2878,science_news,3
higgs,higgs_wcc_2879,science_news,3
higgs,higgs_wcc_2880,science_news,3
higgs,higgs_wcc_2881,science_news,3
higgs,higgs_wcc_2882,science_news,3
higgs,higgs_wcc_2883,science_news,3
higgs,higgs_wcc_2884,science_news,3
higgs,higgs_wcc_2885,science_news,3
higgs,higgs_wcc_2886,science_news,3
higgs,higgs_wcc_2887,science_news,3
higgs,higgs_wcc_2888,science_news,3
higgs,higgs_wcc_2889,science_news,3
higgs,higgs_wcc_2890,science_news,3
higgs,higgs_wcc_2891,science_news,3
higgs,higgs_wcc_2892,science_news,3
higgs,higgs_wcc_2893,science_news,3
higgs,higgs_wcc_2894,science_news,3
higgs,higgs_wcc_2895,science_news,3
higgs,higgs_wcc_2896,science_news,3
higgs,higgs_wcc_2897,science_news,3
higgs,higgs_wcc_2898,science_news,3
higgs,higgs_wcc_2899,science_news,3
higgs,higgs_wcc_2900,science_news,3
higgs,higgs_wcc_2901,science_news,3
higgs,higgs_wcc_2902,science_news,3
higgs,higgs_wcc_2903,science_news,3
higgs,higgs_wcc_2904,science_news,3
higgs,higgs_wcc_2905,science_news,3
higgs,higgs_wcc_2906,science_news,3
higgs,higgs_wcc_2907,science_news,3
higgs,higgs_wcc_2908,science_news,3
higgs,higgs_wcc_2909,science_news,3
higgs,higgs_wcc_2910,science_news,3
higgs,higgs_wcc_2911,science_news,3
higgs,higgs_wcc_2912,science_news,3
higgs,higgs_wcc_2913,science_news,3
higgs,higgs_wcc_2914,science_news,3
higgs,higgs_wcc_2915,science_news,3
higgs,higgs_wcc_2916,science_news,3
higgs,higgs_wcc_2917,science_news,3
higgs,higgs_wcc_2918,science_news,3
higgs,higgs_wcc_2919,science_news,3
higgs,higgs_wcc_2920,science_news,3
higgs,higgs_wcc_2921,science_news,3
higgs,higgs_wcc_2922,science_news,3
higgs,higgs_wcc_2923,science_news,3
higgs,higgs_wcc_2924,science_news,3
higgs,higgs_wcc_2925,science_news,3
higgs,higgs_wcc_2926,science_news,3
higgs,higgs_wcc_2927,science_news,3
higgs,higgs_wcc_2928,science_news,3
higgs,higgs_wcc_2929,science_news,3
higgs,higgs_wcc_2930,science_news,3
higgs,higgs_wcc_2931,science_news,3
higgs,higgs_wcc_2932,science_news,3
higgs,higgs_wcc_2933,science_news,3
higgs,higgs_wcc_2934,science_news,3
higgs,higgs_wcc_2935,science_news,3
higgs,higgs_wcc_2936,science_news,3
higgs,higgs_wcc_2937,science_news,3
higgs,higgs_wcc_2938,science_news,3
higgs,higgs_wcc_2939,science_news,3
higgs,higgs_wcc_2940,science_news,3
higgs,higgs_wcc_2941,science_news,3
higgs,higgs_wcc_2942,science_news,3
higgs,higgs_wcc_2943,science_news,3
higgs,higgs_wcc_2944,science_news,3
higgs,higgs_wcc_2945,science_news,3
higgs,higgs_wcc_2946,science_news,3
higgs,higgs_wcc_2947,science_news,3
higgs,higgs_wcc_2948,science_news,3
higgs,higgs_wcc_2949,science_news,3
higgs,higgs_wcc_2950,science_news,3
higgs,higgs_wcc_2951,science_news,3
higgs,higgs_wcc_2952,science_news,3
higgs,higgs_wcc_2953,science_news,3
higgs,higgs_wcc_2954,science_news,3
higgs,higgs_wcc_2955,science_news,3
higgs,higgs_wcc_2956,science_news,3
higgs,higgs_wcc_2957,science_news,3
higgs,higgs_wcc_2958,science_news,3
higgs,higgs_wcc_2959,science_news,3
higgs,higgs_wcc_2960,science_news,3
higgs,higgs_wcc_2961,science_news,3
higgs,higgs_wcc_2962,science_news,3
higgs,higgs_wcc_2963,science_news,3
higgs,higgs_wcc_2964,science_news,3
higgs,higgs_wcc_2965,science_news,3
higgs,higgs_wcc_2966,science_news,3
higgs,higgs_wcc_2967,science_news,3
higgs,higgs_wcc_2968,science_news,3
higgs,higgs_wcc_2969,science_news,3
higgs,higgs_wcc_2970,science_news,3
higgs,higgs_wcc_2971,science_news,3
higgs,higgs_wcc_2972,science_news,3
higgs,higgs_wcc_2973,science_news,3
higgs,higgs_wcc_2974,science_news,3
higgs,higgs_wcc_2975,science_news,3
higgs,higgs_wcc_2976,science_news,3
higgs,higgs_wcc_2977,science_news,3
higgs,higgs_wcc_2978,science_news,3
higgs,higgs_wcc_2979,science_news,3
higgs,higgs_wcc_2980,science_news,3
higgs,higgs_wcc_2981,science_news,3
higgs,higgs_wcc_2982,science_news,3
higgs,higgs_wcc_2983,science_news,3
higgs,higgs_wcc_2984,science_news,3
higgs,higgs_wcc_2985,science_news,3
higgs,higgs_wcc_2986,science_news,3
higgs,higgs_wcc_2987,science_news,3
higgs,higgs_wcc_2988,science_news,3
higgs,higgs_wcc_2989,science_news,3
higgs,higgs_wcc_2990,science_news,3
higgs,higgs_wcc_2991,science_news,3
higgs,higgs_wcc_2992,science_news,3
higgs,higgs_wcc_2993,science_news,3
higgs,higgs_wcc_2994,science_news,3
higgs,higgs_wcc_2995,science_news,3
higgs,higgs_wcc_2996,science_news,3
higgs,higgs_wcc_2997,science_news,3
higgs,higgs_wcc_2998,science_news,3
higgs,higgs_wcc_2999,science_news,3
higgs,higgs_wcc_3000,science_news,3
higgs,higgs_wcc_3001,science_news,3
higgs,higgs_wcc_3002,science_news,3
higgs,higgs_wcc_3003,science_news,3
higgs,higgs_wcc_3004,science_news,3
higgs,higgs_wcc_3005,science_news,3
higgs,higgs_wcc_3006,science_news,3
higgs,higgs_wcc_3007,science_news,3
higgs,higgs_wcc_3008,science_news,3
higgs,higgs_wcc_3009,science_news,3
higgs,higgs_wcc_3010,science_news,3
higgs,higgs_wcc_3011,science_news,3
higgs,higgs_wcc_3012,science_news,3
higgs,higgs_wcc_3013,science_news,3
higgs,higgs_wcc_3014,science_news,3
higgs,higgs_wcc_3015,science_news,3
higgs,higgs_wcc_3016,science_news,3
higgs,higgs_wcc_3017,science_news,3
higgs,higgs_wcc_3018,science_news,3
higgs,higgs_wcc_3019,science_news,3
higgs,higgs_wcc_3020,science_news,3
higgs,higgs_wcc_3021,science_news,3
higgs,higgs_wcc_3022,science_news,3
higgs,higgs_wcc_3023,science_news,3
higgs,higgs_wcc_3024,science_news,3
higgs,higgs_wcc_3025,science_news,3
higgs,higgs_wcc_3026,science_news,3
higgs,higgs_wcc_3027,science_news,3
higgs,higgs_wcc_3028,science_news,3
higgs,higgs_wcc_3029,science_news,3
higgs,higgs_wcc_3030,science_news,3
higgs,higgs_wcc_3031,science_news,3
higgs,higgs_wcc_3032,science_news,3
higgs,higgs_wcc_3033,science_news,3
higgs,higgs_wcc_3034,science_news,3
higgs,higgs_wcc_3035,science_news,3
higgs,higgs_wcc_3036,science_news,3
higgs,higgs_wcc_3037,science_news,3
higgs,higgs_wcc_3038,science_news,3
higgs,higgs_wcc_3039,science_news,3
higgs,higgs_wcc_3040,science_news,3
higgs,higgs_wcc_3041,science_news,3
higgs,higgs_wcc_3042,science_news,3
higgs,higgs_wcc_3043,science_news,3
higgs,higgs_wcc_3044,science_news,3
higgs,higgs_wcc_3045,science_news,3
higgs,higgs_wcc_3046,science_news,3
higgs,higgs_wcc_3047,science_news,3
higgs,higgs_wcc_3048,science_news,3
higgs,higgs_wcc_3049,science_news,3
higgs,higgs_wcc_3050,science_news,3
higgs,higgs_wcc_3051,science_news,3
higgs,higgs_wcc_3052,science_news,3
higgs,higgs_wcc_3053,science_news,3
higgs,higgs_wcc_3054,science_news,3
higgs,higgs_wcc_3055,science_news,3
higgs,higgs_wcc_3056,science_news,3
higgs,higgs_wcc_3057,science_news,3
higgs,higgs_wcc_3058,science_news,3
higgs,higgs_wcc_3059,science_news,3
higgs,higgs_wcc_3060,science_news,3
higgs,higgs_wcc_3061,science_news,3
higgs,higgs_wcc_3062,science_news,3
higgs,higgs_wcc_3063,science_news,3
higgs,higgs_wcc_3064,science_news,3
higgs,higgs_wcc_3065,science_news,3
higgs,higgs_wcc_3066,science_news,3
higgs,higgs_wcc_3067,science_news,3
higgs,higgs_wcc_3068,science_news,3
higgs,higgs_wcc_3069,science_news,3
higgs,higgs_wcc_3070,science_news,3
higgs,higgs_wcc_3071,science_news,3
higgs,higgs_wcc_3072,science_news,3
higgs,higgs_wcc_3073,science_news,3
higgs,higgs_wcc_3074,science_news,3
higgs,higgs_wcc_3075,science_news,3
higgs,higgs_wcc_3076,science_news,3
higgs,higgs_wcc_3077,science_news,3
higgs,higgs_wcc_3078,science_news,3
higgs,higgs_wcc_3079,science_news,3
higgs,higgs_wcc_3080,science_news,3
higgs,higgs_wcc_3081,science_news,3
higgs,higgs_wcc_3082,science_news,3
higgs,higgs_wcc_3083,science_news,3
higgs,higgs_wcc_3084,science_news,3
higgs,higgs_wcc_3085,science_news,3
higgs,higgs_wcc_3086,science_news,3
higgs,higgs_wcc_3087,science_news,3
higgs,higgs_wcc_3088,science_news,3
higgs,higgs_wcc_3089,science_news,3
higgs,higgs_wcc_3090,science_news,3
higgs,higgs_wcc_3091,science_news,3
higgs,higgs_wcc_3092,science_news,3
higgs,higgs_wcc_3093,science_news,3
higgs,higgs_wcc_3094,science_news,3
higgs,higgs_wcc_3095,science_news,3
higgs,higgs_wcc_3096,science_news,3
higgs,higgs_wcc_3097,science_news,2
higgs,higgs_wcc_3098,science_news,2
higgs,higgs_wcc_3099,science_news,2
higgs,higgs_wcc_3100,science_news,2
higgs,higgs_wcc_3101,science_news,2
higgs,higgs_wcc_3102,science_news,2
higgs,higgs_wcc_3103,science_news,2
higgs,higgs_wcc_3104,science_news,2
higgs,higgs_wcc_3105,science_news,2
higgs,higgs_wcc_3106,science_news,2
higgs,higgs_wcc_3107,science_news,2
higgs,higgs_wcc_3108,science_news,2
higgs,higgs_wcc_3109,science_news,2
higgs,higgs_wcc_3110,science_news,2
higgs,higgs_wcc_3111,science_news,2
higgs,higgs_wcc_3112,science_news,2
higgs,higgs_wcc_3113,science_news,2
higgs,higgs_wcc_3114,science_news,2
higgs,higgs_wcc_3115,science_news,2
higgs,higgs_wcc_3116,science_news,2
higgs,higgs_wcc_3117,science_news,2
higgs,higgs_wcc_3118,science_news,2
higgs,higgs_wcc_3119,science_news,2
higgs,higgs_wcc_3120,science_news,2
higgs,higgs_wcc_3121,science_news,2
higgs,higgs_wcc_3122,science_news,2
higgs,higgs_wcc_3123,science_news,2
higgs,higgs_wcc_3124,science_news,2
higgs,higgs_wcc_3125,science_news,2
higgs,higgs_wcc_3126,science_news,2
higgs,higgs_wcc_3127,science_news,2
higgs,higgs_wcc_3128,science_news,2
higgs,higgs_wcc_3129,science_news,2
higgs,higgs_wcc_3130,science_news,2
higgs,higgs_wcc_3131,science_news,2
higgs,higgs_wcc_3132,science_news,2
higgs,higgs_wcc_3133,science_news,2
higgs,higgs_wcc_3134,science_news,2
higgs,higgs_wcc_3135,science_news,2
higgs,higgs_wcc_3136,science_news,2
higgs,higgs_wcc_3137,science_news,2
higgs,higgs_wcc_3138,science_news,2
higgs,higgs_wcc_3139,science_news,2
higgs,higgs_wcc_3140,science_news,2
higgs,higgs_wcc_3141,science_news,2
higgs,higgs_wcc_3142,science_news,2
higgs,higgs_wcc_3143,science_news,2
higgs,higgs_wcc_3144,science_news,2
higgs,higgs_wcc_3145,science_news,2
higgs,higgs_wcc_3146,science_news,2
higgs,higgs_wcc_3147,science_news,2
higgs,higgs_wcc_3148,science_news,2
higgs,higgs_wcc_3149,science_news,2
higgs,higgs_wcc_3150,science_news,2
higgs,higgs_wcc_3151,science_news,2
higgs,higgs_wcc_3152,science_news,2
higgs,higgs_wcc_3153,science_news,2
higgs,higgs_wcc_3154,science_news,2
higgs,higgs_wcc_3155,science_news,2
higgs,higgs_wcc_3156,science_news,2
higgs,higgs_wcc_3157,science_news,2
higgs,higgs_wcc_3158,science_news,2
higgs,higgs_wcc_3159,science_news,2
higgs,higgs_wcc_3160,science_news,2
higgs,higgs_wcc_3161,science_news,2
higgs,higgs_wcc_3162,science_news,2
higgs,higgs_wcc_3163,science_news,2
higgs,higgs_wcc_3164,science_news,2
higgs,higgs_wcc_3165,science_news,2
higgs,higgs_wcc_3166,science_news,2
higgs,higgs_wcc_3167,science_news,2
higgs,higgs_wcc_3168,science_news,2
higgs,higgs_wcc_3169,science_news,2
higgs,higgs_wcc_3170,science_news,2
higgs,higgs_wcc_3171,science_news,2
higgs,higgs_wcc_3172,science_news,2
higgs,higgs_wcc_3173,science_news,2
higgs,higgs_wcc_3174,science_news,2
higgs,higgs_wcc_3175,science_news,2
higgs,higgs_wcc_3176,science_news,2
higgs,higgs_wcc_3177,science_news,2
higgs,higgs_wcc_3178,science_news,2
higgs,higgs_wcc_3179,science_news,2
higgs,higgs_wcc_3180,science_news,2
higgs,higgs_wcc_3181,science_news,2
higgs,higgs_wcc_3182,science_news,2
higgs,higgs_wcc_3183,science_news,2
higgs,higgs_wcc_3184,science_news,2
higgs,higgs_wcc_3185,science_news,2
higgs,higgs_wcc_3186,science_news,2
higgs,higgs_wcc_3187,science_news,2
higgs,higgs_wcc_3188,science_news,2
higgs,higgs_wcc_3189,science_news,2
higgs,higgs_wcc_3190,science_news,2
higgs,higgs_wcc_3191,science_news,2
higgs,higgs_wcc_3192,science_news,2
higgs,higgs_wcc_3193,science_news,2
higgs,higgs_wcc_3194,science_news,2
higgs,higgs_wcc_3195,science_news,2
higgs,higgs_wcc_3196,science_news,2
higgs,higgs_wcc_3197,science_news,2
higgs,higgs_wcc_3198,science_news,2
higgs,higgs_wcc_3199,science_news,2
higgs,higgs_wcc_3200,science_news,2
higgs,higgs_wcc_3201,science_news,2
higgs,higgs_wcc_3202,science_news,2
higgs,higgs_wcc_3203,science_news,2
higgs,higgs_wcc_3204,science_news,2
higgs,higgs_wcc_3205,science_news,2
higgs,higgs_wcc_3206,science_news,2
higgs,higgs_wcc_3207,science_news,2
higgs,higgs_wcc_3208,science_news,2
higgs,higgs_wcc_3209,science_news,2
higgs,higgs_wcc_3210,science_news,2
higgs,higgs_wcc_3211,science_news,2
higgs,higgs_wcc_3212,science_news,2
higgs,higgs_wcc_3213,science_news,2
higgs,higgs_wcc_3214,science_news,2
higgs,higgs_wcc_3215,science_news,2
higgs,higgs_wcc_3216,science_news,2
higgs,higgs_wcc_3217,science_news,2
higgs,higgs_wcc_3218,science_news,2
higgs,higgs_wcc_3219,science_news,2
higgs,higgs_wcc_3220,science_news,2
higgs,higgs_wcc_3221,science_news,2
higgs,higgs_wcc_3222,science_news,2
higgs,higgs_wcc_3223,science_news,2
higgs,higgs_wcc_3224,science_news,2
higgs,higgs_wcc_3225,science_news,2
higgs,higgs_wcc_3226,science_news,2
higgs,higgs_wcc_3227,science_news,2
higgs,higgs_wcc_3228,science_news,2
higgs,higgs_wcc_3229,science_news,2
higgs,higgs_wcc_3230,science_news,2
higgs,higgs_wcc_3231,science_news,2
higgs,higgs_wcc_3232,science_news,2
higgs,higgs_wcc_3233,science_news,2
higgs,higgs_wcc_3234,science_news,2
higgs,higgs_wcc_3235,science_news,2
higgs,higgs_wcc_3236,science_news,2
higgs,higgs_wcc_3237,science_news,2
higgs,higgs_wcc_3238,science_news,2
higgs,higgs_wcc_3239,science_news,2
higgs,higgs_wcc_3240,science_news,2
higgs,higgs_wcc_3241,science_news,2
higgs,higgs_wcc_3242,science_news,2
higgs,higgs_wcc_3243,science_news,2
higgs,higgs_wcc_3244,science_news,2
higgs,higgs_wcc_3245,science_news,2
higgs,higgs_wcc_3246,science_news,2
higgs,higgs_wcc_3247,science_news,2
higgs,higgs_wcc_3248,science_news,2
higgs,higgs_wcc_3249,science_news,2
higgs,higgs_wcc_3250,science_news,2
higgs,higgs_wcc_3251,science_news,2
higgs,higgs_wcc_3252,science_news,2
higgs,higgs_wcc_3253,science_news,2
higgs,higgs_wcc_3254,science_news,2
higgs,higgs_wcc_3255,science_news,2
higgs,higgs_wcc_3256,science_news,2
higgs,higgs_wcc_3257,science_news,2
higgs,higgs_wcc_3258,science_news,2
higgs,higgs_wcc_3259,science_news,2
higgs,higgs_wcc_3260,science_news,2
higgs,higgs_wcc_3261,science_news,2
higgs,higgs_wcc_3262,science_news,2
higgs,higgs_wcc_3263,science_news,2
higgs,higgs_wcc_3264,science_news,2
higgs,higgs_wcc_3265,science_news,2
higgs,higgs_wcc_3266,science_news,2
higgs,higgs_wcc_3267,science_news,2
higgs,higgs_wcc_3268,science_news,2
higgs,higgs_wcc_3269,science_news,2
higgs,higgs_wcc_3270,science_news,2
higgs,higgs_wcc_3271,science_news,2
higgs,higgs_wcc_3272,science_news,2
higgs,higgs_wcc_3273,science_news,2
higgs,higgs_wcc_3274,science_news,2
higgs,higgs_wcc_3275,science_news,2
higgs,higgs_wcc_3276,science_news,2
higgs,higgs_wcc_3277,science_news,2
higgs,higgs_wcc_3278,science_news,2
higgs,higgs_wcc_3279,science_news,2
higgs,higgs_wcc_3280,science_news,2
higgs,higgs_wcc_3281,science_news,2
higgs,higgs_wcc_3282,science_news,2
higgs,higgs_wcc_3283,science_news,2
higgs,higgs_wcc_3284,science_news,2
higgs,higgs_wcc_3285,science_news,2
higgs,higgs_wcc_3286,science_news,2
higgs,higgs_wcc_3287,science_news,2
higgs,higgs_wcc_3288,science_news,2
higgs,higgs_wcc_3289,science_news,2
higgs,higgs_wcc_3290,science_news,2
higgs,higgs_wcc_3291,science_news,2
higgs,higgs_wcc_3292,science_news,2
higgs,higgs_wcc_3293,science_news,2
higgs,higgs_wcc_3294,science_news,2
higgs,higgs_wcc_3295,science_news,2
higgs,higgs_wcc_3296,science_news,2
higgs,higgs_wcc_3297,science_news,2
higgs,higgs_wcc_3298,science_news,2
higgs,higgs_wcc_3299,science_news,2
higgs,higgs_wcc_3300,science_news,2
higgs,higgs_wcc_3301,science_news,2
higgs,higgs_wcc_3302,science_news,2
higgs,higgs_wcc_3303,science_news,2
higgs,higgs_wcc_3304,science_news,2
higgs,higgs_wcc_3305,science_news,2
higgs,higgs_wcc_3306,science_news,2
higgs,higgs_wcc_3307,science_news,2
higgs,higgs_wcc_3308,science_news,2
higgs,higgs_wcc_3309,science_news,2
higgs,higgs_wcc_3310,science_news,2
higgs,higgs_wcc_3311,science_news,2
higgs,higgs_wcc_3312,science_news,2
higgs,higgs_wcc_3313,science_news,2
higgs,higgs_wcc_3314,science_news,2
higgs,higgs_wcc_3315,science_news,2
higgs,higgs_wcc_3316,science_news,2
higgs,higgs_wcc_3317,science_news,2
higgs,higgs_wcc_3318,science_news,2
higgs,higgs_wcc_3319,science_news,2
higgs,higgs_wcc_3320,science_news,2
higgs,higgs_wcc_3321,science_news,2
higgs,higgs_wcc_3322,science_news,2
higgs,higgs_wcc_3323,science_news,2
higgs,higgs_wcc_3324,science_news,2
higgs,higgs_wcc_3325,science_news,2
higgs,higgs_wcc_3326,science_news,2
higgs,higgs_wcc_3327,science_news,2
higgs,higgs_wcc_3328,science_news,2
higgs,higgs_wcc_3329,science_news,2
higgs,higgs_wcc_3330,science_news,2
higgs,higgs_wcc_3331,science_news,2
higgs,higgs_wcc_3332,science_news,2
higgs,higgs_wcc_3333,science_news,2
higgs,higgs_wcc_3334,science_news,2
higgs,higgs_wcc_3335,science_news,2
higgs,higgs_wcc_3336,science_news,2
higgs,higgs_wcc_3337,science_news,2
higgs,higgs_wcc_3338,science_news,2
higgs,higgs_wcc_3339,science_news,2
higgs,higgs_wcc_3340,science_news,2
higgs,higgs_wcc_3341,science_news,2
higgs,higgs_wcc_3342,science_news,2
higgs,higgs_wcc_3343,science_news,2
higgs,higgs_wcc_3344,science_news,2
higgs,higgs_wcc_3345,science_news,2
higgs,higgs_wcc_3346,science_news,2
higgs,higgs_wcc_3347,science_news,2
higgs,higgs_wcc_3348,science_news,2
higgs,higgs_wcc_3349,science_news,2
higgs,higgs_wcc_3350,science_news,2
higgs,higgs_wcc_3351,science_news,2
higgs,higgs_wcc_3352,science_news,2
higgs,higgs_wcc_3353,science_news,2
higgs,higgs_wcc_3354,science_news,2
higgs,higgs_wcc_3355,science_news,2
higgs,higgs_wcc_3356,science_news,2
higgs,higgs_wcc_3357,science_news,2
higgs,higgs_wcc_3358,science_news,2
higgs,higgs_wcc_3359,science_news,2
higgs,higgs_wcc_3360,science_news,2
higgs,higgs_wcc_3361,science_news,2
higgs,higgs_wcc_3362,science_news,2
higgs,higgs_wcc_3363,science_news,2
higgs,higgs_wcc_3364,science_news,2
higgs,higgs_wcc_3365,science_news,2
higgs,higgs_wcc_3366,science_news,2
higgs,higgs_wcc_3367,science_news,2
higgs,higgs_wcc_3368,science_news,2
higgs,higgs_wcc_3369,science_news,2
higgs,higgs_wcc_3370,science_news,2
higgs,higgs_wcc_3371,science_news,2
higgs,higgs_wcc_3372,science_news,2
higgs,higgs_wcc_3373,science_news,2
higgs,higgs_wcc_3374,science_news,2
higgs,higgs_wcc_3375,science_news,2
higgs,higgs_wcc_3376,science_news,2
higgs,higgs_wcc_3377,science_news,2
higgs,higgs_wcc_3378,science_news,2
higgs,higgs_wcc_3379,science_news,2
higgs,higgs_wcc_3380,science_news,2
higgs,higgs_wcc_3381,science_news,2
higgs,higgs_wcc_3382,science_news,2
higgs,higgs_wcc_3383,science_news,2
higgs,higgs_wcc_3384,science_news,2
higgs,higgs_wcc_3385,science_news,2
higgs,higgs_wcc_3386,science_news,2
higgs,higgs_wcc_3387,science_news,2
higgs,higgs_wcc_3388,science_news,2
higgs,higgs_wcc_3389,science_news,2
higgs,higgs_wcc_3390,science_news,2
higgs,higgs_wcc_3391,science_news,2
higgs,higgs_wcc_3392,science_news,2
higgs,higgs_wcc_3393,science_news,2
higgs,higgs_wcc_3394,science_news,2
higgs,higgs_wcc_3395,science_news,2
higgs,higgs_wcc_3396,science_news,2
higgs,higgs_wcc_3397,science_news,2
higgs,higgs_wcc_3398,science_news,2
higgs,higgs_wcc_3399,science_news,2
higgs,higgs_wcc_3400,science_news,2
higgs,higgs_wcc_3401,science_news,2
higgs,higgs_wcc_3402,science_news,2
higgs,higgs_wcc_3403,science_news,2
higgs,higgs_wcc_3404,science_news,2
higgs,higgs_wcc_3405,science_news,2
higgs,higgs_wcc_3406,science_news,2
higgs,higgs_wcc_3407,science_news,2
higgs,higgs_wcc_3408,science_news,2
higgs,higgs_wcc_3409,science_news,2
higgs,higgs_wcc_3410,science_news,2
higgs,higgs_wcc_3411,science_news,2
higgs,higgs_wcc_3412,science_news,2
higgs,higgs_wcc_3413,science_news,2
higgs,higgs_wcc_3414,science_news,2
higgs,higgs_wcc_3415,science_news,2
higgs,higgs_wcc_3416,science_news,2
higgs,higgs_wcc_3417,science_news,2
higgs,higgs_wcc_3418,science_news,2
higgs,higgs_wcc_3419,science_news,2
higgs,higgs_wcc_3420,science_news,2
higgs,higgs_wcc_3421,science_news,2
higgs,higgs_wcc_3422,science_news,2
higgs,higgs_wcc_3423,science_news,2
higgs,higgs_wcc_3424,science_news,2
higgs,higgs_wcc_3425,science_news,2
higgs,higgs_wcc_3426,science_news,2
higgs,higgs_wcc_3427,science_news,2
higgs,higgs_wcc_3428,science_news,2
higgs,higgs_wcc_3429,science_news,2
higgs,higgs_wcc_3430,science_news,2
higgs,higgs_wcc_3431,science_news,2
higgs,higgs_wcc_3432,science_news,2
higgs,higgs_wcc_3433,science_news,2
higgs,higgs_wcc_3434,science_news,2
higgs,higgs_wcc_3435,science_news,2
higgs,higgs_wcc_3436,science_news,2
higgs,higgs_wcc_3437,science_news,2
higgs,higgs_wcc_3438,science_news,2
higgs,higgs_wcc_3439,science_news,2
higgs,higgs_wcc_3440,science_news,2
higgs,higgs_wcc_3441,science_news,2
higgs,higgs_wcc_3442,science_news,2
higgs,higgs_wcc_3443,science_news,2
higgs,higgs_wcc_3444,science_news,2
higgs,higgs_wcc_3445,science_news,2
higgs,higgs_wcc_3446,science_news,2
higgs,higgs_wcc_3447,science_news,2
higgs,higgs_wcc_3448,science_news,2
higgs,higgs_wcc_3449,science_news,2
higgs,higgs_wcc_3450,science_news,2
higgs,higgs_wcc_3451,science_news,2
higgs,higgs_wcc_3452,science_news,2
higgs,higgs_wcc_3453,science_news,2
higgs,higgs_wcc_3454,science_news,2
higgs,higgs_wcc_3455,science_news,2
higgs,higgs_wcc_3456,science_news,2
higgs,higgs_wcc_3457,science_news,2
higgs,higgs_wcc_3458,science_news,2
higgs,higgs_wcc_3459,science_news,2
higgs,higgs_wcc_3460,science_news,2
higgs,higgs_wcc_3461,science_news,2
higgs,higgs_wcc_3462,science_news,2
higgs,higgs_wcc_3463,science_news,2
higgs,higgs_wcc_3464,science_news,2
higgs,higgs_wcc_3465,science_news,2
higgs,higgs_wcc_3466,science_news,2
higgs,higgs_wcc_3467,science_news,2
higgs,higgs_wcc_3468,science_news,2
higgs,higgs_wcc_3469,science_news,2
higgs,higgs_wcc_3470,science_news,2
higgs,higgs_wcc_3471,science_news,2
higgs,higgs_wcc_3472,science_news,2
higgs,higgs_wcc_3473,science_news,2
higgs,higgs_wcc_3474,science_news,2
higgs,higgs_wcc_3475,science_news,2
higgs,higgs_wcc_3476,science_news,2
higgs,higgs_wcc_3477,science_news,2
higgs,higgs_wcc_3478,science_news,2
higgs,higgs_wcc_3479,science_news,2
higgs,higgs_wcc_3480,science_news,2
higgs,higgs_wcc_3481,science_news,2
higgs,higgs_wcc_3482,science_news,2
higgs,higgs_wcc_3483,science_news,2
higgs,higgs_wcc_3484,science_news,2
higgs,higgs_wcc_3485,science_news,2
higgs,higgs_wcc_3486,science_news,2
higgs,higgs_wcc_3487,science_news,2
higgs,higgs_wcc_3488,science_news,2
higgs,higgs_wcc_3489,science_news,2
higgs,higgs_wcc_3490,science_news,2
higgs,higgs_wcc_3491,science_news,2
higgs,higgs_wcc_3492,science_news,2
higgs,higgs_wcc_3493,science_news,2
higgs,higgs_wcc_3494,science_news,2
higgs,higgs_wcc_3495,science_news,2
higgs,higgs_wcc_3496,science_news,2
higgs,higgs_wcc_3497,science_news,2
higgs,higgs_wcc_3498,science_news,2
higgs,higgs_wcc_3499,science_news,2
higgs,higgs_wcc_3500,science_news,2
higgs,higgs_wcc_3501,science_news,2
higgs,higgs_wcc_3502,science_news,2
higgs,higgs_wcc_3503,science_news,2
higgs,higgs_wcc_3504,science_news,2
higgs,higgs_wcc_3505,science_news,2
higgs,higgs_wcc_3506,science_news,2
higgs,higgs_wcc_3507,science_news,2
higgs,higgs_wcc_3508,science_news,2
higgs,higgs_wcc_3509,science_news,2
higgs,higgs_wcc_3510,science_news,2
higgs,higgs_wcc_3511,science_news,2
higgs,higgs_wcc_3512,science_news,2
higgs,higgs_wcc_3513,science_news,2
higgs,higgs_wcc_3514,science_news,2
higgs,higgs_wcc_3515,science_news,2
higgs,higgs_wcc_3516,science_news,2
higgs,higgs_wcc_3517,science_news,2
higgs,higgs_wcc_3518,science_news,2
higgs,higgs_wcc_3519,science_news,2
higgs,higgs_wcc_3520,science_news,2
higgs,higgs_wcc_3521,science_news,2
higgs,higgs_wcc_3522,science_news,2
higgs,higgs_wcc_3523,science_news,2
higgs,higgs_wcc_3524,science_news,2
higgs,higgs_wcc_3525,science_news,2
higgs,higgs_wcc_3526,science_news,2
higgs,higgs_wcc_3527,science_news,2
higgs,higgs_wcc_3528,science_news,2
higgs,higgs_wcc_3529,science_news,2
higgs,higgs_wcc_3530,science_news,2
higgs,higgs_wcc_3531,science_news,2
higgs,higgs_wcc_3532,science_news,2
higgs,higgs_wcc_3533,science_news,2
higgs,higgs_wcc_3534,science_news,2
higgs,higgs_wcc_3535,science_news,2
higgs,higgs_wcc_3536,science_news,2
higgs,higgs_wcc_3537,science_news,2
higgs,higgs_wcc_3538,science_news,2
higgs,higgs_wcc_3539,science_news,2
higgs,higgs_wcc_3540,science_news,2
higgs,higgs_wcc_3541,science_news,2
higgs,higgs_wcc_3542,science_news,2
higgs,higgs_wcc_3543,science_news,2
higgs,higgs_wcc_3544,science_news,2
higgs,higgs_wcc_3545,science_news,2
higgs,higgs_wcc_3546,science_news,2
higgs,higgs_wcc_3547,science_news,2
higgs,higgs_wcc_3548,science_news,2
higgs,higgs_wcc_3549,science_news,2
higgs,higgs_wcc_3550,science_news,2
higgs,higgs_wcc_3551,science_news,2
higgs,higgs_wcc_3552,science_news,2
higgs,higgs_wcc_3553,science_news,2
higgs,higgs_wcc_3554,science_news,2
higgs,higgs_wcc_3555,science_news,2
higgs,higgs_wcc_3556,science_news,2
higgs,higgs_wcc_3557,science_news,2
higgs,higgs_wcc_3558,science_news,2
higgs,higgs_wcc_3559,science_news,2
higgs,higgs_wcc_3560,science_news,2
higgs,higgs_wcc_3561,science_news,2
higgs,higgs_wcc_3562,science_news,2
higgs,higgs_wcc_3563,science_news,2
higgs,higgs_wcc_3564,science_news,2
higgs,higgs_wcc_3565,science_news,2
higgs,higgs_wcc_3566,science_news,2
higgs,higgs_wcc_3567,science_news,2
higgs,higgs_wcc_3568,science_news,2
higgs,higgs_wcc_3569,science_news,2
higgs,higgs_wcc_3570,science_news,2
higgs,higgs_wcc_3571,science_news,2
higgs,higgs_wcc_3572,science_news,2
higgs,higgs_wcc_3573,science_news,2
higgs,higgs_wcc_3574,science_news,2
higgs,higgs_wcc_3575,science_news,2
higgs,higgs_wcc_3576,science_news,2
higgs,higgs_wcc_3577,science_news,2
higgs,higgs_wcc_3578,science_news,2
higgs,higgs_wcc_3579,science_news,2
higgs,higgs_wcc_3580,science_news,2
higgs,higgs_wcc_3581,science_news,2
higgs,higgs_wcc_3582,science_news,2
higgs,higgs_wcc_3583,science_news,2
higgs,higgs_wcc_3584,science_news,2
higgs,higgs_wcc_3585,science_news,2
higgs,higgs_wcc_3586,science_news,2
higgs,higgs_wcc_3587,science_news,2
higgs,higgs_wcc_3588,science_news,2
higgs,higgs_wcc_3589,science_news,2
higgs,higgs_wcc_3590,science_news,2
higgs,higgs_wcc_3591,science_news,2
higgs,higgs_wcc_3592,science_news,2
higgs,higgs_wcc_3593,science_news,2
higgs,higgs_wcc_3594,science_news,2
higgs,higgs_wcc_3595,science_news,2
higgs,higgs_wcc_3596,science_news,2
higgs,higgs_wcc_3597,science_news,2
higgs,higgs_wcc_3598,science_news,2
higgs,higgs_wcc_3599,science_news,2
higgs,higgs_wcc_3600,science_news,2
higgs,higgs_wcc_3601,science_news,2
higgs,higgs_wcc_3602,science_news,2
higgs,higgs_wcc_3603,science_news,2
higgs,higgs_wcc_3604,science_news,2
higgs,higgs_wcc_3605,science_news,2
higgs,higgs_wcc_3606,science_news,2
higgs,higgs_wcc_3607,science_news,2
higgs,higgs_wcc_3608,science_news,2
higgs,higgs_wcc_3609,science_news,2
higgs,higgs_wcc_3610,science_news,2
higgs,higgs_wcc_3611,science_news,2
higgs,higgs_wcc_3612,science_news,2
higgs,higgs_wcc_3613,science_news,2
higgs,higgs_wcc_3614,science_news,2
higgs,higgs_wcc_3615,science_news,2
higgs,higgs_wcc_3616,science_news,2
higgs,higgs_wcc_3617,science_news,2
higgs,higgs_wcc_3618,science_news,2
higgs,higgs_wcc_3619,science_news,2
higgs,higgs_wcc_3620,science_news,2
higgs,higgs_wcc_3621,science_news,2
higgs,higgs_wcc_3622,science_news,2
higgs,higgs_wcc_3623,science_news,2
higgs,higgs_wcc_3624,science_news,2
higgs,higgs_wcc_3625,science_news,2
higgs,higgs_wcc_3626,science_news,2
higgs,higgs_wcc_3627,science_news,2
higgs,higgs_wcc_3628,science_news,2
higgs,higgs_wcc_3629,science_news,2
higgs,higgs_wcc_3630,science_news,2
higgs,higgs_wcc_3631,science_news,2
higgs,higgs_wcc_3632,science_news,2
higgs,higgs_wcc_3633,science_news,2
higgs,higgs_wcc_3634,science_news,2
higgs,higgs_wcc_3635,science_news,2
higgs,higgs_wcc_3636,science_news,2
higgs,higgs_wcc_3637,science_news,2
higgs,higgs_wcc_3638,science_news,2
higgs,higgs_wcc_3639,science_news,2
higgs,higgs_wcc_3640,science_news,2
higgs,higgs_wcc_3641,science_news,2
higgs,higgs_wcc_3642,science_news,2
higgs,higgs_wcc_3643,science_news,2
higgs,higgs_wcc_3644,science_news,2
higgs,higgs_wcc_3645,science_news,2
higgs,higgs_wcc_3646,science_news,2
higgs,higgs_wcc_3647,science_news,2
higgs,higgs_wcc_3648,science_news,2
higgs,higgs_wcc_3649,science_news,2
higgs,higgs_wcc_3650,science_news,2
higgs,higgs_wcc_3651,science_news,2
higgs,higgs_wcc_3652,science_news,2
higgs,higgs_wcc_3653,science_news,2
higgs,higgs_wcc_3654,science_news,2
higgs,higgs_wcc_3655,science_news,2
higgs,higgs_wcc_3656,science_news,2
higgs,higgs_wcc_3657,science_news,2
higgs,higgs_wcc_3658,science_news,2
higgs,higgs_wcc_3659,science_news,2
higgs,higgs_wcc_3660,science_news,2
higgs,higgs_wcc_3661,science_news,2
higgs,higgs_wcc_3662,science_news,2
higgs,higgs_wcc_3663,science_news,2
higgs,higgs_wcc_3664,science_news,2
higgs,higgs_wcc_3665,science_news,2
higgs,higgs_wcc_3666,science_news,2
higgs,higgs_wcc_3667,science_news,2
higgs,higgs_wcc_3668,science_news,2
higgs,higgs_wcc_3669,science_news,2
higgs,higgs_wcc_3670,science_news,2
higgs,higgs_wcc_3671,science_news,2
higgs,higgs_wcc_3672,science_news,2
higgs,higgs_wcc_3673,science_news,2
higgs,higgs_wcc_3674,science_news,2
higgs,higgs_wcc_3675,science_news,2
higgs,higgs_wcc_3676,science_news,2
higgs,higgs_wcc_3677,science_news,2
higgs,higgs_wcc_3678,science_news,2
higgs,higgs_wcc_3679,science_news,2
higgs,higgs_wcc_3680,science_news,2
higgs,higgs_wcc_3681,science_news,2
higgs,higgs_wcc_3682,science_news,2
higgs,higgs_wcc_3683,science_news,2
higgs,higgs_wcc_3684,science_news,2
higgs,higgs_wcc_3685,science_news,2
higgs,higgs_wcc_3686,science_news,2
higgs,higgs_wcc_3687,science_news,2
higgs,higgs_wcc_3688,science_news,2
higgs,higgs_wcc_3689,science_news,2
higgs,higgs_wcc_3690,science_news,2
higgs,higgs_wcc_3691,science_news,2
higgs,higgs_wcc_3692,science_news,2
higgs,higgs_wcc_3693,science_news,2
higgs,higgs_wcc_3694,science_news,2
higgs,higgs_wcc_3695,science_news,2
higgs,higgs_wcc_3696,science_news,2
higgs,higgs_wcc_3697,science_news,2
higgs,higgs_wcc_3698,science_news,2
higgs,higgs_wcc_3699,science_news,2
higgs,higgs_wcc_3700,science_news,2
higgs,higgs_wcc_3701,science_news,2
higgs,higgs_wcc_3702,science_news,2
higgs,higgs_wcc_3703,science_news,2
higgs,higgs_wcc_3704,science_news,2
higgs,higgs_wcc_3705,science_news,2
higgs,higgs_wcc_3706,science_news,2
higgs,higgs_wcc_3707,science_news,2
higgs,higgs_wcc_3708,science_news,2
higgs,higgs_wcc_3709,science_news,2
higgs,higgs_wcc_3710,science_news,2
higgs,higgs_wcc_3711,science_news,2
higgs,higgs_wcc_3712,science_news,2
higgs,higgs_wcc_3713,science_news,2
higgs,higgs_wcc_3714,science_news,2
higgs,higgs_wcc_3715,science_news,2
higgs,higgs_wcc_3716,science_news,2
higgs,higgs_wcc_3717,science_news,2
higgs,higgs_wcc_3718,science_news,2
higgs,higgs_wcc_3719,science_news,2
higgs,higgs_wcc_3720,science_news,2
higgs,higgs_wcc_3721,science_news,2
higgs,higgs_wcc_3722,science_news,2
higgs,higgs_wcc_3723,science_news,2
higgs,higgs_wcc_3724,science_news,2
higgs,higgs_wcc_3725,science_news,2
higgs,higgs_wcc_3726,science_news,2
higgs,higgs_wcc_3727,science_news,2
higgs,higgs_wcc_3728,science_news,2
higgs,higgs_wcc_3729,science_news,2
higgs,higgs_wcc_3730,science_news,2
higgs,higgs_wcc_3731,science_news,2
higgs,higgs_wcc_3732,science_news,2
higgs,higgs_wcc_3733,science_news,2
higgs,higgs_wcc_3734,science_news,2
higgs,higgs_wcc_3735,science_news,2
higgs,higgs_wcc_3736,science_news,2
higgs,higgs_wcc_3737,science_news,2
higgs,higgs_wcc_3738,science_news,2
higgs,higgs_wcc_3739,science_news,2
higgs,higgs_wcc_3740,science_news,2
higgs,higgs_wcc_3741,science_news,2
higgs,higgs_wcc_3742,science_news,2
higgs,higgs_wcc_3743,science_news,2
higgs,higgs_wcc_3744,science_news,2
higgs,higgs_wcc_3745,science_news,2
higgs,higgs_wcc_3746,science_news,2
higgs,higgs_wcc_3747,science_news,2
higgs,higgs_wcc_3748,science_news,2
higgs,higgs_wcc_3749,science_news,2
higgs,higgs_wcc_3750,science_news,2
higgs,higgs_wcc_3751,science_news,2
higgs,higgs_wcc_3752,science_news,2
higgs,higgs_wcc_3753,science_news,2
higgs,higgs_wcc_3754,science_news,2
higgs,higgs_wcc_3755,science_news,2
higgs,higgs_wcc_3756,science_news,2
higgs,higgs_wcc_3757,science_news,2
higgs,higgs_wcc_3758,science_news,2
higgs,higgs_wcc_3759,science_news,2
higgs,higgs_wcc_3760,science_news,2
higgs,higgs_wcc_3761,science_news,2
higgs,higgs_wcc_3762,science_news,2
higgs,higgs_wcc_3763,science_news,2
higgs,higgs_wcc_3764,science_news,2
higgs,higgs_wcc_3765,science_news,2
higgs,higgs_wcc_3766,science_news,2
higgs,higgs_wcc_3767,science_news,2
higgs,higgs_wcc_3768,science_news,2
higgs,higgs_wcc_3769,science_news,2
higgs,higgs_wcc_3770,science_news,2
higgs,higgs_wcc_3771,science_news,2
higgs,higgs_wcc_3772,science_news,2
higgs,higgs_wcc_3773,science_news,2
higgs,higgs_wcc_3774,science_news,2
higgs,higgs_wcc_3775,science_news,2
higgs,higgs_wcc_3776,science_news,2
higgs,higgs_wcc_3777,science_news,2
higgs,higgs_wcc_3778,science_news,2
higgs,higgs_wcc_3779,science_news,2
higgs,higgs_wcc_3780,science_news,2
higgs,higgs_wcc_3781,science_news,2
higgs,higgs_wcc_3782,science_news,2
higgs,higgs_wcc_3783,science_news,2
higgs,higgs_wcc_3784,science_news,2
higgs,higgs_wcc_3785,science_news,2
higgs,higgs_wcc_3786,science_news,2
higgs,higgs_wcc_3787,science_news,2
higgs,higgs_wcc_3788,science_news,2
higgs,higgs_wcc_3789,science_news,2
higgs,higgs_wcc_3790,science_news,2
higgs,higgs_wcc_3791,science_news,2
higgs,higgs_wcc_3792,science_news,2
higgs,higgs_wcc_3793,science_news,2
higgs,higgs_wcc_3794,science_news,2
higgs,higgs_wcc_3795,science_news,2
higgs,higgs_wcc_3796,science_news,2
higgs,higgs_wcc_3797,science_news,2
higgs,higgs_wcc_3798,science_news,2
higgs,higgs_wcc_3799,science_news,2
higgs,higgs_wcc_3800,science_news,2
higgs,higgs_wcc_3801,science_news,2
higgs,higgs_wcc_3802,science_news,2
higgs,higgs_wcc_3803,science_news,2
higgs,higgs_wcc_3804,science_news,2
higgs,higgs_wcc_3805,science_news,2
higgs,higgs_wcc_3806,science_news,2
higgs,higgs_wcc_3807,science_news,2
higgs,higgs_wcc_3808,science_news,2
higgs,higgs_wcc_3809,science_news,2
higgs,higgs_wcc_3810,science_news,2
higgs,higgs_wcc_3811,science_news,2
higgs,higgs_wcc_3812,science_news,2
higgs,higgs_wcc_3813,science_news,2
higgs,higgs_wcc_3814,science_news,2
higgs,higgs_wcc_3815,science_news,2
higgs,higgs_wcc_3816,science_news,2
higgs,higgs_wcc_3817,science_news,2
higgs,higgs_wcc_3818,science_news,2
higgs,higgs_wcc_3819,science_news,2
higgs,higgs_wcc_3820,science_news,2
higgs,higgs_wcc_3821,science_news,2
higgs,higgs_wcc_3822,science_news,2
higgs,higgs_wcc_3823,science_news,2
higgs,higgs_wcc_3824,science_news,2
higgs,higgs_wcc_3825,science_news,2
higgs,higgs_wcc_3826,science_news,2
higgs,higgs_wcc_3827,science_news,2
higgs,higgs_wcc_3828,science_news,2
higgs,higgs_wcc_3829,science_news,2
higgs,higgs_wcc_3830,science_news,2
higgs,higgs_wcc_3831,science_news,2
higgs,higgs_wcc_3832,science_news,2
higgs,higgs_wcc_3833,science_news,2
higgs,higgs_wcc_3834,science_news,2
higgs,higgs_wcc_3835,science_news,2
higgs,higgs_wcc_3836,science_news,2
higgs,higgs_wcc_3837,science_news,2
higgs,higgs_wcc_3838,science_news,2
higgs,higgs_wcc_3839,science_news,2
higgs,higgs_wcc_3840,science_news,2
higgs,higgs_wcc_3841,science_news,2
higgs,higgs_wcc_3842,science_news,2
higgs,higgs_wcc_3843,science_news,2
higgs,higgs_wcc_3844,science_news,2
higgs,higgs_wcc_3845,science_news,2
higgs,higgs_wcc_3846,science_news,2
higgs,higgs_wcc_3847,science_news,2
higgs,higgs_wcc_3848,science_news,2
higgs,higgs_wcc_3849,science_news,2
higgs,higgs_wcc_3850,science_news,2
higgs,higgs_wcc_3851,science_news,2
higgs,higgs_wcc_3852,science_news,2
higgs,higgs_wcc_3853,science_news,2
higgs,higgs_wcc_3854,science_news,2
higgs,higgs_wcc_3855,science_news,2
higgs,higgs_wcc_3856,science_news,2
higgs,higgs_wcc_3857,science_news,2
higgs,higgs_wcc_3858,science_news,2
higgs,higgs_wcc_3859,science_news,2
higgs,higgs_wcc_3860,science_news,2
higgs,higgs_wcc_3861,science_news,2
higgs,higgs_wcc_3862,science_news,2
higgs,higgs_wcc_3863,science_news,2
higgs,higgs_wcc_3864,science_news,2
higgs,higgs_wcc_3865,science_news,2
higgs,higgs_wcc_3866,science_news,2
higgs,higgs_wcc_3867,science_news,2
higgs,higgs_wcc_3868,science_news,2
higgs,higgs_wcc_3869,science_news,2
higgs,higgs_wcc_3870,science_news,2
higgs,higgs_wcc_3871,science_news,2
higgs,higgs_wcc_3872,science_news,2
higgs,higgs_wcc_3873,science_news,2
higgs,higgs_wcc_3874,science_news,2
higgs,higgs_wcc_3875,science_news,2
higgs,higgs_wcc_3876,science_news,2
higgs,higgs_wcc_3877,science_news,2
higgs,higgs_wcc_3878,science_news,2
higgs,higgs_wcc_3879,science_news,2
higgs,higgs_wcc_3880,science_news,2
higgs,higgs_wcc_3881,science_news,2
higgs,higgs_wcc_3882,science_news,2
higgs,higgs_wcc_3883,science_news,2
higgs,higgs_wcc_3884,science_news,2
higgs,higgs_wcc_3885,science_news,2
higgs,higgs_wcc_3886,science_news,2
higgs,higgs_wcc_3887,science_news,2
higgs,higgs_wcc_3888,science_news,2
higgs,higgs_wcc_3889,science_news,2
higgs,higgs_wcc_3890,science_news,2
higgs,higgs_wcc_3891,science_news,2
higgs,higgs_wcc_3892,science_news,2
higgs,higgs_wcc_3893,science_news,2
higgs,higgs_wcc_3894,science_news,2
higgs,higgs_wcc_3895,science_news,2
higgs,higgs_wcc_3896,science_news,2
higgs,higgs_wcc_3897,science_news,2
higgs,higgs_wcc_3898,science_news,2
higgs,higgs_wcc_3899,science_news,2
higgs,higgs_wcc_3900,science_news,2
higgs,higgs_wcc_3901,science_news,2
higgs,higgs_wcc_3902,science_news,2
higgs,higgs_wcc_3903,science_news,2
higgs,higgs_wcc_3904,science_news,2
higgs,higgs_wcc_3905,science_news,2
higgs,higgs_wcc_3906,science_news,2
higgs,higgs_wcc_3907,science_news,2
higgs,higgs_wcc_3908,science_news,2
higgs,higgs_wcc_3909,science_news,2
higgs,higgs_wcc_3910,science_news,2
higgs,higgs_wcc_3911,science_news,2
higgs,higgs_wcc_3912,science_news,2
higgs,higgs_wcc_3913,science_news,2
higgs,higgs_wcc_3914,science_news,2
higgs,higgs_wcc_3915,science_news,2
higgs,higgs_wcc_3916,science_news,2
higgs,higgs_wcc_3917,science_news,2
higgs,higgs_wcc_3918,science_news,2
higgs,higgs_wcc_3919,science_news,2
higgs,higgs_wcc_3920,science_news,2
higgs,higgs_wcc_3921,science_news,2
higgs,higgs_wcc_3922,science_news,2
higgs,higgs_wcc_3923,science_news,2
higgs,higgs_wcc_3924,science_news,2
higgs,higgs_wcc_3925,science_news,2
higgs,higgs_wcc_3926,science_news,2
higgs,higgs_wcc_3927,science_news,2
higgs,higgs_wcc_3928,science_news,2
higgs,higgs_wcc_3929,science_news,2
higgs,higgs_wcc_3930,science_news,2
higgs,higgs_wcc_3931,science_news,2
higgs,higgs_wcc_3932,science_news,2
higgs,higgs_wcc_3933,science_news,2
higgs,higgs_wcc_3934,science_news,2
higgs,higgs_wcc_3935,science_news,2
higgs,higgs_wcc_3936,science_news,2
higgs,higgs_wcc_3937,science_news,2
higgs,higgs_wcc_3938,science_news,2
higgs,higgs_wcc_3939,science_news,2
higgs,higgs_wcc_3940,science_news,2
higgs,higgs_wcc_3941,science_news,2
higgs,higgs_wcc_3942,science_news,2
higgs,higgs_wcc_3943,science_news,2
higgs,higgs_wcc_3944,science_news,2
higgs,higgs_wcc_3945,science_news,2
higgs,higgs_wcc_3946,science_news,2
higgs,higgs_wcc_3947,science_news,2
higgs,higgs_wcc_3948,science_news,2
higgs,higgs_wcc_3949,science_news,2
higgs,higgs_wcc_3950,science_news,2
higgs,higgs_wcc_3951,science_news,2
higgs,higgs_wcc_3952,science_news,2
higgs,higgs_wcc_3953,science_news,2
higgs,higgs_wcc_3954,science_news,2
higgs,higgs_wcc_3955,science_news,2
higgs,higgs_wcc_3956,science_news,2
higgs,higgs_wcc_3957,science_news,2
higgs,higgs_wcc_3958,science_news,2
higgs,higgs_wcc_3959,science_news,2
higgs,higgs_wcc_3960,science_news,2
higgs,higgs_wcc_3961,science_news,2
higgs,higgs_wcc_3962,science_news,2
higgs,higgs_wcc_3963,science_news,2
higgs,higgs_wcc_3964,science_news,2
higgs,higgs_wcc_3965,science_news,2
higgs,higgs_wcc_3966,science_news,2
higgs,higgs_wcc_3967,science_news,2
higgs,higgs_wcc_3968,science_news,2
higgs,higgs_wcc_3969,science_news,2
higgs,higgs_wcc_3970,science_news,2
higgs,higgs_wcc_3971,science_news,2
higgs,higgs_wcc_3972,science_news,2
higgs,higgs_wcc_3973,science_news,2
higgs,higgs_wcc_3974,science_news,2
higgs,higgs_wcc_3975,science_news,2
higgs,higgs_wcc_3976,science_news,2
higgs,higgs_wcc_3977,science_news,2
higgs,higgs_wcc_3978,science_news,2
higgs,higgs_wcc_3979,science_news,2
higgs,higgs_wcc_3980,science_news,2
higgs,higgs_wcc_3981,science_news,2
higgs,higgs_wcc_3982,science_news,2
higgs,higgs_wcc_3983,science_news,2
higgs,higgs_wcc_3984,science_news,2
higgs,higgs_wcc_3985,science_news,2
higgs,higgs_wcc_3986,science_news,2
higgs,higgs_wcc_3987,science_news,2
higgs,higgs_wcc_3988,science_news,2
higgs,higgs_wcc_3989,science_news,2
higgs,higgs_wcc_3990,science_news,2
higgs,higgs_wcc_3991,science_news,2
higgs,higgs_wcc_3992,science_news,2
higgs,higgs_wcc_3993,science_news,2
higgs,higgs_wcc_3994,science_news,2
higgs,higgs_wcc_3995,science_news,2
higgs,higgs_wcc_3996,science_news,2
higgs,higgs_wcc_3997,science_news,2
higgs,higgs_wcc_3998,science_news,2
higgs,higgs_wcc_3999,science_news,2
higgs,higgs_wcc_4000,science_news,2
higgs,higgs_wcc_4001,science_news,2
higgs,higgs_wcc_4002,science_news,2
higgs,higgs_wcc_4003,science_news,2
higgs,higgs_wcc_4004,science_news,2
higgs,higgs_wcc_4005,science_news,2
higgs,higgs_wcc_4006,science_news,2
higgs,higgs_wcc_4007,science_news,2
higgs,higgs_wcc_4008,science_news,2
higgs,higgs_wcc_4009,science_news,2
higgs,higgs_wcc_4010,science_news,2
higgs,higgs_wcc_4011,science_news,2
higgs,higgs_wcc_4012,science_news,2
higgs,higgs_wcc_4013,science_news,2
higgs,higgs_wcc_4014,science_news,2
higgs,higgs_wcc_4015,science_news,2
higgs,higgs_wcc_4016,science_news,2
higgs,higgs_wcc_4017,science_news,2
higgs,higgs_wcc_4018,science_news,2
higgs,higgs_wcc_4019,science_news,2
higgs,higgs_wcc_4020,science_news,2
higgs,higgs_wcc_4021,science_news,2
higgs,higgs_wcc_4022,science_news,2
higgs,higgs_wcc_4023,science_news,2
higgs,higgs_wcc_4024,science_news,2
higgs,higgs_wcc_4025,science_news,2
higgs,higgs_wcc_4026,science_news,2
higgs,higgs_wcc_4027,science_news,2
higgs,higgs_wcc_4028,science_news,2
higgs,higgs_wcc_4029,science_news,2
higgs,higgs_wcc_4030,science_news,2
higgs,higgs_wcc_4031,science_news,2
higgs,higgs_wcc_4032,science_news,2
higgs,higgs_wcc_4033,science_news,2
higgs,higgs_wcc_4034,science_news,2
higgs,higgs_wcc_4035,science_news,2
higgs,higgs_wcc_4036,science_news,2
higgs,higgs_wcc_4037,science_news,2
higgs,higgs_wcc_4038,science_news,2
higgs,higgs_wcc_4039,science_news,2
higgs,higgs_wcc_4040,science_news,2
higgs,higgs_wcc_4041,science_news,2
higgs,higgs_wcc_4042,science_news,2
higgs,higgs_wcc_4043,science_news,2
higgs,higgs_wcc_4044,science_news,2
higgs,higgs_wcc_4045,science_news,2
higgs,higgs_wcc_4046,science_news,2
higgs,higgs_wcc_4047,science_news,2
higgs,higgs_wcc_4048,science_news,2
higgs,higgs_wcc_4049,science_news,2
higgs,higgs_wcc_4050,science_news,2
higgs,higgs_wcc_4051,science_news,2
higgs,higgs_wcc_4052,science_news,2
higgs,higgs_wcc_4053,science_news,2
higgs,higgs_wcc_4054,science_news,2
higgs,higgs_wcc_4055,science_news,2
higgs,higgs_wcc_4056,science_news,2
higgs,higgs_wcc_4057,science_news,2
higgs,higgs_wcc_4058,science_news,2
higgs,higgs_wcc_4059,science_news,2
higgs,higgs_wcc_4060,science_news,2
higgs,higgs_wcc_4061,science_news,2
higgs,higgs_wcc_4062,science_news,2
higgs,higgs_wcc_4063,science_news,2
higgs,higgs_wcc_4064,science_news,2
higgs,higgs_wcc_4065,science_news,2
higgs,higgs_wcc_4066,science_news,2
higgs,higgs_wcc_4067,science_news,2
higgs,higgs_wcc_4068,science_news,2
higgs,higgs_wcc_4069,science_news,2
higgs,higgs_wcc_4070,science_news,2
higgs,higgs_wcc_4071,science_news,2
higgs,higgs_wcc_4072,science_news,2
higgs,higgs_wcc_4073,science_news,2
higgs,higgs_wcc_4074,science_news,2
higgs,higgs_wcc_4075,science_news,2
higgs,higgs_wcc_4076,science_news,2
higgs,higgs_wcc_4077,science_news,2
higgs,higgs_wcc_4078,science_news,2
higgs,higgs_wcc_4079,science_news,2
higgs,higgs_wcc_4080,science_news,2
higgs,higgs_wcc_4081,science_news,2
higgs,higgs_wcc_4082,science_news,2
higgs,higgs_wcc_4083,science_news,2
higgs,higgs_wcc_4084,science_news,2
higgs,higgs_wcc_4085,science_news,2
higgs,higgs_wcc_4086,science_news,2
higgs,higgs_wcc_4087,science_news,2
higgs,higgs_wcc_4088,science_news,2
higgs,higgs_wcc_4089,science_news,2
higgs,higgs_wcc_4090,science_news,2
higgs,higgs_wcc_4091,science_news,2
higgs,higgs_wcc_4092,science_news,2
higgs,higgs_wcc_4093,science_news,2
higgs,higgs_wcc_4094,science_news,2
higgs,higgs_wcc_4095,science_news,2
higgs,higgs_wcc_4096,science_news,2
higgs,higgs_wcc_4097,science_news,2
higgs,higgs_wcc_4098,science_news,2
higgs,higgs_wcc_4099,science_news,2
higgs,higgs_wcc_4100,science_news,2
higgs,higgs_wcc_4101,science_news,2
higgs,higgs_wcc_4102,science_news,2
higgs,higgs_wcc_4103,science_news,2
higgs,higgs_wcc_4104,science_news,2
higgs,higgs_wcc_4105,science_news,2
higgs,higgs_wcc_4106,science_news,2
higgs,higgs_wcc_4107,science_news,2
higgs,higgs_wcc_4108,science_news,2
higgs,higgs_wcc_4109,science_news,2
higgs,higgs_wcc_4110,science_news,2
higgs,higgs_wcc_4111,science_news,2
higgs,higgs_wcc_4112,science_news,2
higgs,higgs_wcc_4113,science_news,2
higgs,higgs_wcc_4114,science_news,2
higgs,higgs_wcc_4115,science_news,2
higgs,higgs_wcc_4116,science_news,2
higgs,higgs_wcc_4117,science_news,2
higgs,higgs_wcc_4118,science_news,2
higgs,higgs_wcc_4119,science_news,2
higgs,higgs_wcc_4120,science_news,2
higgs,higgs_wcc_4121,science_news,2
higgs,higgs_wcc_4122,science_news,2
higgs,higgs_wcc_4123,science_news,2
higgs,higgs_wcc_4124,science_news,2
higgs,higgs_wcc_4125,science_news,2
higgs,higgs_wcc_4126,science_news,2
higgs,higgs_wcc_4127,science_news,2
higgs,higgs_wcc_4128,science_news,2
higgs,higgs_wcc_4129,science_news,2
higgs,higgs_wcc_4130,science_news,2
higgs,higgs_wcc_4131,science_news,2
higgs,higgs_wcc_4132,science_news,2
higgs,higgs_wcc_4133,science_news,2
higgs,higgs_wcc_4134,science_news,2
higgs,higgs_wcc_4135,science_news,2
higgs,higgs_wcc_4136,science_news,2
higgs,higgs_wcc_4137,science_news,2
higgs,higgs_wcc_4138,science_news,2
higgs,higgs_wcc_4139,science_news,2
higgs,higgs_wcc_4140,science_news,2
higgs,higgs_wcc_4141,science_news,2
higgs,higgs_wcc_4142,science_news,2
higgs,higgs_wcc_4143,science_news,2
higgs,higgs_wcc_4144,science_news,2
higgs,higgs_wcc_4145,science_news,2
higgs,higgs_wcc_4146,science_news,2
higgs,higgs_wcc_4147,science_news,2
higgs,higgs_wcc_4148,science_news,2
higgs,higgs_wcc_4149,science_news,2
higgs,higgs_wcc_4150,science_news,2
higgs,higgs_wcc_4151,science_news,2
higgs,higgs_wcc_4152,science_news,2
higgs,higgs_wcc_4153,science_news,2
higgs,higgs_wcc_4154,science_news,2
higgs,higgs_wcc_4155,science_news,2
higgs,higgs_wcc_4156,science_news,2
higgs,higgs_wcc_4157,science_news,2
higgs,higgs_wcc_4158,science_news,2
higgs,higgs_wcc_4159,science_news,2
higgs,higgs_wcc_4160,science_news,2
higgs,higgs_wcc_4161,science_news,2
higgs,higgs_wcc_4162,science_news,2
higgs,higgs_wcc_4163,science_news,2
higgs,higgs_wcc_4164,science_news,2
higgs,higgs_wcc_4165,science_news,2
higgs,higgs_wcc_4166,science_news,2
higgs,higgs_wcc_4167,science_news,2
higgs,higgs_wcc_4168,science_news,2
higgs,higgs_wcc_4169,science_news,2
higgs,higgs_wcc_4170,science_news,2
higgs,higgs_wcc_4171,science_news,2
higgs,higgs_wcc_4172,science_news,2
higgs,higgs_wcc_4173,science_news,2
higgs,higgs_wcc_4174,science_news,2
higgs,higgs_wcc_4175,science_news,2
higgs,higgs_wcc_4176,science_news,2
higgs,higgs_wcc_4177,science_news,2
higgs,higgs_wcc_4178,science_news,2
higgs,higgs_wcc_4179,science_news,2
higgs,higgs_wcc_4180,science_news,2
higgs,higgs_wcc_4181,science_news,2
higgs,higgs_wcc_4182,science_news,2
higgs,higgs_wcc_4183,science_news,2
higgs,higgs_wcc_4184,science_news,2
higgs,higgs_wcc_4185,science_news,2
higgs,higgs_wcc_4186,science_news,2
higgs,higgs_wcc_4187,science_news,2
higgs,higgs_wcc_4188,science_news,2
higgs,higgs_wcc_4189,science_news,2
higgs,higgs_wcc_4190,science_news,2
higgs,higgs_wcc_4191,science_news,2
higgs,higgs_wcc_4192,science_news,2
higgs,higgs_wcc_4193,science_news,2
higgs,higgs_wcc_4194,science_news,2
higgs,higgs_wcc_4195,science_news,2
higgs,higgs_wcc_4196,science_news,2
higgs,higgs_wcc_4197,science_news,2
higgs,higgs_wcc_4198,science_news,2
higgs,higgs_wcc_4199,science_news,2
higgs,higgs_wcc_4200,science_news,2
higgs,higgs_wcc_4201,science_news,2
higgs,higgs_wcc_4202,science_news,2
higgs,higgs_wcc_4203,science_news,2
higgs,higgs_wcc_4204,science_news,2
higgs,higgs_wcc_4205,science_news,2
higgs,higgs_wcc_4206,science_news,2
higgs,higgs_wcc_4207,science_news,2
higgs,higgs_wcc_4208,science_news,2
higgs,higgs_wcc_4209,science_news,2
higgs,higgs_wcc_4210,science_news,2
higgs,higgs_wcc_4211,science_news,2
higgs,higgs_wcc_4212,science_news,2
higgs,higgs_wcc_4213,science_news,2
higgs,higgs_wcc_4214,science_news,2
higgs,higgs_wcc_4215,science_news,2
higgs,higgs_wcc_4216,science_news,2
higgs,higgs_wcc_4217,science_news,2
higgs,higgs_wcc_4218,science_news,2
higgs,higgs_wcc_4219,science_news,2
higgs,higgs_wcc_4220,science_news,2
higgs,higgs_wcc_4221,science_news,2
higgs,higgs_wcc_4222,science_news,2
higgs,higgs_wcc_4223,science_news,2
higgs,higgs_wcc_4224,science_news,2
higgs,higgs_wcc_4225,science_news,2
higgs,higgs_wcc_4226,science_news,2
higgs,higgs_wcc_4227,science_news,2
higgs,higgs_wcc_4228,science_news,2
higgs,higgs_wcc_4229,science_news,2
higgs,higgs_wcc_4230,science_news,2
higgs,higgs_wcc_4231,science_news,2
higgs,higgs_wcc_4232,science_news,2
higgs,higgs_wcc_4233,science_news,2
higgs,higgs_wcc_4234,science_news,2
higgs,higgs_wcc_4235,science_news,2
higgs,higgs_wcc_4236,science_news,2
higgs,higgs_wcc_4237,science_news,2
higgs,higgs_wcc_4238,science_news,2
higgs,higgs_wcc_4239,science_news,2
higgs,higgs_wcc_4240,science_news,2
higgs,higgs_wcc_4241,science_news,2
higgs,higgs_wcc_4242,science_news,2
higgs,higgs_wcc_4243,science_news,2
higgs,higgs_wcc_4244,science_news,2
higgs,higgs_wcc_4245,science_news,2
higgs,higgs_wcc_4246,science_news,2
higgs,higgs_wcc_4247,science_news,2
higgs,higgs_wcc_4248,science_news,2
higgs,higgs_wcc_4249,science_news,2
higgs,higgs_wcc_4250,science_news,2
higgs,higgs_wcc_4251,science_news,2
higgs,higgs_wcc_4252,science_news,2
higgs,higgs_wcc_4253,science_news,2
higgs,higgs_wcc_4254,science_news,2
higgs,higgs_wcc_4255,science_news,2
higgs,higgs_wcc_4256,science_news,2
higgs,higgs_wcc_4257,science_news,2
higgs,higgs_wcc_4258,science_news,2
higgs,higgs_wcc_4259,science_news,2
higgs,higgs_wcc_4260,science_news,2
higgs,higgs_wcc_4261,science_news,2
higgs,higgs_wcc_4262,science_news,2
higgs,higgs_wcc_4263,science_news,2
higgs,higgs_wcc_4264,science_news,2
higgs,higgs_wcc_4265,science_news,2
higgs,higgs_wcc_4266,science_news,2
higgs,higgs_wcc_4267,science_news,2
higgs,higgs_wcc_4268,science_news,2
higgs,higgs_wcc_4269,science_news,2
higgs,higgs_wcc_4270,science_news,2
higgs,higgs_wcc_4271,science_news,2
higgs,higgs_wcc_4272,science_news,2
higgs,higgs_wcc_4273,science_news,2
higgs,higgs_wcc_4274,science_news,2
higgs,higgs_wcc_4275,science_news,2
higgs,higgs_wcc_4276,science_news,2
higgs,higgs_wcc_4277,science_news,2
higgs,higgs_wcc_4278,science_news,2
higgs,higgs_wcc_4279,science_news,2
higgs,higgs_wcc_4280,science_news,2
higgs,higgs_wcc_4281,science_news,2
higgs,higgs_wcc_4282,science_news,2
higgs,higgs_wcc_4283,science_news,2
higgs,higgs_wcc_4284,science_news,2
higgs,higgs_wcc_4285,science_news,2
higgs,higgs_wcc_4286,science_news,2
higgs,higgs_wcc_4287,science_news,2
higgs,higgs_wcc_4288,science_news,2
higgs,higgs_wcc_4289,science_news,2
higgs,higgs_wcc_4290,science_news,2
higgs,higgs_wcc_4291,science_news,2
higgs,higgs_wcc_4292,science_news,2
higgs,higgs_wcc_4293,science_news,2
higgs,higgs_wcc_4294,science_news,2
higgs,higgs_wcc_4295,science_news,2
higgs,higgs_wcc_4296,science_news,2
higgs,higgs_wcc_4297,science_news,2
higgs,higgs_wcc_4298,science_news,2
higgs,higgs_wcc_4299,science_news,2
higgs,higgs_wcc_4300,science_news,2
higgs,higgs_wcc_4301,science_news,2
higgs,higgs_wcc_4302,science_news,2
higgs,higgs_wcc_4303,science_news,2
higgs,higgs_wcc_4304,science_news,2
higgs,higgs_wcc_4305,science_news,2
higgs,higgs_wcc_4306,science_news,2
higgs,higgs_wcc_4307,science_news,2
higgs,higgs_wcc_4308,science_news,2
higgs,higgs_wcc_4309,science_news,2
higgs,higgs_wcc_4310,science_news,2
higgs,higgs_wcc_4311,science_news,2
higgs,higgs_wcc_4312,science_news,2
higgs,higgs_wcc_4313,science_news,2
higgs,higgs_wcc_4314,science_news,2
higgs,higgs_wcc_4315,science_news,2
higgs,higgs_wcc_4316,science_news,2
higgs,higgs_wcc_4317,science_news,2
higgs,higgs_wcc_4318,science_news,2
higgs,higgs_wcc_4319,science_news,2
higgs,higgs_wcc_4320,science_news,2
higgs,higgs_wcc_4321,science_news,2
higgs,higgs_wcc_4322,science_news,2
higgs,higgs_wcc_4323,science_news,2
higgs,higgs_wcc_4324,science_news,2
higgs,higgs_wcc_4325,science_news,2
higgs,higgs_wcc_4326,science_news,2
higgs,higgs_wcc_4327,science_news,2
higgs,higgs_wcc_4328,science_news,2
higgs,higgs_wcc_4329,science_news,2
higgs,higgs_wcc_4330,science_news,2
higgs,higgs_wcc_4331,science_news,2
higgs,higgs_wcc_4332,science_news,2
higgs,higgs_wcc_4333,science_news,2
higgs,higgs_wcc_4334,science_news,2
higgs,higgs_wcc_4335,science_news,2
higgs,higgs_wcc_4336,science_news,2
higgs,higgs_wcc_4337,science_news,2
higgs,higgs_wcc_4338,science_news,2
higgs,higgs_wcc_4339,science_news,2
higgs,higgs_wcc_4340,science_news,2
higgs,higgs_wcc_4341,science_news,2
higgs,higgs_wcc_4342,science_news,2
higgs,higgs_wcc_4343,science_news,2
higgs,higgs_wcc_4344,science_news,2
higgs,higgs_wcc_4345,science_news,2
higgs,higgs_wcc_4346,science_news,2
higgs,higgs_wcc_4347,science_news,2
higgs,higgs_wcc_4348,science_news,2
higgs,higgs_wcc_4349,science_news,2
higgs,higgs_wcc_4350,science_news,2
higgs,higgs_wcc_4351,science_news,2
higgs,higgs_wcc_4352,science_news,2
higgs,higgs_wcc_4353,science_news,2
higgs,higgs_wcc_4354,science_news,2
higgs,higgs_wcc_4355,science_news,2
higgs,higgs_wcc_4356,science_news,2
higgs,higgs_wcc_4357,science_news,2
higgs,higgs_wcc_4358,science_news,2
higgs,higgs_wcc_4359,science_news,2
higgs,higgs_wcc_4360,science_news,2
higgs,higgs_wcc_4361,science_news,2
higgs,higgs_wcc_4362,science_news,2
higgs,higgs_wcc_4363,science_news,2
higgs,higgs_wcc_4364,science_news,2
higgs,higgs_wcc_4365,science_news,2
higgs,higgs_wcc_4366,science_news,2
higgs,higgs_wcc_4367,science_news,2
higgs,higgs_wcc_4368,science_news,2
higgs,higgs_wcc_4369,science_news,2
higgs,higgs_wcc_4370,science_news,2
higgs,higgs_wcc_4371,science_news,2
higgs,higgs_wcc_4372,science_news,2
higgs,higgs_wcc_4373,science_news,2
higgs,higgs_wcc_4374,science_news,2
higgs,higgs_wcc_4375,science_news,2
higgs,higgs_wcc_4376,science_news,2
higgs,higgs_wcc_4377,science_news,2
higgs,higgs_wcc_4378,science_news,2
higgs,higgs_wcc_4379,science_news,2
higgs,higgs_wcc_4380,science_news,2
higgs,higgs_wcc_4381,science_news,2
higgs,higgs_wcc_4382,science_news,2
higgs,higgs_wcc_4383,science_news,2
higgs,higgs_wcc_4384,science_news,2
higgs,higgs_wcc_4385,science_news,2
higgs,higgs_wcc_4386,science_news,2
higgs,higgs_wcc_4387,science_news,2
higgs,higgs_wcc_4388,science_news,2
higgs,higgs_wcc_4389,science_news,2
higgs,higgs_wcc_4390,science_news,2
higgs,higgs_wcc_4391,science_news,2
higgs,higgs_wcc_4392,science_news,2
higgs,higgs_wcc_4393,science_news,2
higgs,higgs_wcc_4394,science_news,2
higgs,higgs_wcc_4395,science_news,2
higgs,higgs_wcc_4396,science_news,2
higgs,higgs_wcc_4397,science_news,2
higgs,higgs_wcc_4398,science_news,2
higgs,higgs_wcc_4399,science_news,2
higgs,higgs_wcc_4400,science_news,2
higgs,higgs_wcc_4401,science_news,2
higgs,higgs_wcc_4402,science_news,2
higgs,higgs_wcc_4403,science_news,2
higgs,higgs_wcc_4404,science_news,2
higgs,higgs_wcc_4405,science_news,2
higgs,higgs_wcc_4406,science_news,2
higgs,higgs_wcc_4407,science_news,2
higgs,higgs_wcc_4408,science_news,2
higgs,higgs_wcc_4409,science_news,2
higgs,higgs_wcc_4410,science_news,2
higgs,higgs_wcc_4411,science_news,2
higgs,higgs_wcc_4412,science_news,2
higgs,higgs_wcc_4413,science_news,2
higgs,higgs_wcc_4414,science_news,2
higgs,higgs_wcc_4415,science_news,2
higgs,higgs_wcc_4416,science_news,2
higgs,higgs_wcc_4417,science_news,2
higgs,higgs_wcc_4418,science_news,2
higgs,higgs_wcc_4419,science_news,2
higgs,higgs_wcc_4420,science_news,2
higgs,higgs_wcc_4421,science_news,2
higgs,higgs_wcc_4422,science_news,2
higgs,higgs_wcc_4423,science_news,2
higgs,higgs_wcc_4424,science_news,2
higgs,higgs_wcc_4425,science_news,2
higgs,higgs_wcc_4426,science_news,2
higgs,higgs_wcc_4427,science_news,2
higgs,higgs_wcc_4428,science_news,2
higgs,higgs_wcc_4429,science_news,2
higgs,higgs_wcc_4430,science_news,2
higgs,higgs_wcc_4431,science_news,2
higgs,higgs_wcc_4432,science_news,2
higgs,higgs_wcc_4433,science_news,2
higgs,higgs_wcc_4434,science_news,2
higgs,higgs_wcc_4435,science_news,2
higgs,higgs_wcc_4436,science_news,2
higgs,higgs_wcc_4437,science_news,2
higgs,higgs_wcc_4438,science_news,2
higgs,higgs_wcc_4439,science_news,2
higgs,higgs_wcc_4440,science_news,2
higgs,higgs_wcc_4441,science_news,2
higgs,higgs_wcc_4442,science_news,2
higgs,higgs_wcc_4443,science_news,2
higgs,higgs_wcc_4444,science_news,2
higgs,higgs_wcc_4445,science_news,2
higgs,higgs_wcc_4446,science_news,2
higgs,higgs_wcc_4447,science_news,2
higgs,higgs_wcc_4448,science_news,2
higgs,higgs_wcc_4449,science_news,2
higgs,higgs_wcc_4450,science_news,2
higgs,higgs_wcc_4451,science_news,2
higgs,higgs_wcc_4452,science_news,2
higgs,higgs_wcc_4453,science_news,2
higgs,higgs_wcc_4454,science_news,2
higgs,higgs_wcc_4455,science_news,2
higgs,higgs_wcc_4456,science_news,2
higgs,higgs_wcc_4457,science_news,2
higgs,higgs_wcc_4458,science_news,2
higgs,higgs_wcc_4459,science_news,2
higgs,higgs_wcc_4460,science_news,2
higgs,higgs_wcc_4461,science_news,2
higgs,higgs_wcc_4462,science_news,2
higgs,higgs_wcc_4463,science_news,2
higgs,higgs_wcc_4464,science_news,2
higgs,higgs_wcc_4465,science_news,2
higgs,higgs_wcc_4466,science_news,2
higgs,higgs_wcc_4467,science_news,2
higgs,higgs_wcc_4468,science_news,2
higgs,higgs_wcc_4469,science_news,2
higgs,higgs_wcc_4470,science_news,2
higgs,higgs_wcc_4471,science_news,2
higgs,higgs_wcc_4472,science_news,2
higgs,higgs_wcc_4473,science_news,2
higgs,higgs_wcc_4474,science_news,2
higgs,higgs_wcc_4475,science_news,2
higgs,higgs_wcc_4476,science_news,2
higgs,higgs_wcc_4477,science_news,2
higgs,higgs_wcc_4478,science_news,2
higgs,higgs_wcc_4479,science_news,2
higgs,higgs_wcc_4480,science_news,2
higgs,higgs_wcc_4481,science_news,2
higgs,higgs_wcc_4482,science_news,2
higgs,higgs_wcc_4483,science_news,2
higgs,higgs_wcc_4484,science_news,2
higgs,higgs_wcc_4485,science_news,2
higgs,higgs_wcc_4486,science_news,2
higgs,higgs_wcc_4487,science_news,2
higgs,higgs_wcc_4488,science_news,2
higgs,higgs_wcc_4489,science_news,2
higgs,higgs_wcc_4490,science_news,2
higgs,higgs_wcc_4491,science_news,2
higgs,higgs_wcc_4492,science_news,2
higgs,higgs_wcc_4493,science_news,2
higgs,higgs_wcc_4494,science_news,2
higgs,higgs_wcc_4495,science_news,2
higgs,higgs_wcc_4496,science_news,2
higgs,higgs_wcc_4497,science_news,2
higgs,higgs_wcc_4498,science_news,2
higgs,higgs_wcc_4499,science_news,2
higgs,higgs_wcc_4500,science_news,2
higgs,higgs_wcc_4501,science_news,2
higgs,higgs_wcc_4502,science_news,2
higgs,higgs_wcc_4503,science_news,2
higgs,higgs_wcc_4504,science_news,2
higgs,higgs_wcc_4505,science_news,2
higgs,higgs_wcc_4506,science_news,2
higgs,higgs_wcc_4507,science_news,2
higgs,higgs_wcc_4508,science_news,2
higgs,higgs_wcc_4509,science_news,2
higgs,higgs_wcc_4510,science_news,2
higgs,higgs_wcc_4511,science_news,2
higgs,higgs_wcc_4512,science_news,2
higgs,higgs_wcc_4513,science_news,2
higgs,higgs_wcc_4514,science_news,2
higgs,higgs_wcc_4515,science_news,2
higgs,higgs_wcc_4516,science_news,2
higgs,higgs_wcc_4517,science_news,2
higgs,higgs_wcc_4518,science_news,2
higgs,higgs_wcc_4519,science_news,2
higgs,higgs_wcc_4520,science_news,2
higgs,higgs_wcc_4521,science_news,2
higgs,higgs_wcc_4522,science_news,2
higgs,higgs_wcc_4523,science_news,2
higgs,higgs_wcc_4524,science_news,2
higgs,higgs_wcc_4525,science_news,2
higgs,higgs_wcc_4526,science_news,2
higgs,higgs_wcc_4527,science_news,2
higgs,higgs_wcc_4528,science_news,2
higgs,higgs_wcc_4529,science_news,2
higgs,higgs_wcc_4530,science_news,2
higgs,higgs_wcc_4531,science_news,2
higgs,higgs_wcc_4532,science_news,2
higgs,higgs_wcc_4533,science_news,2
higgs,higgs_wcc_4534,science_news,2
higgs,higgs_wcc_4535,science_news,2
higgs,higgs_wcc_4536,science_news,2
higgs,higgs_wcc_4537,science_news,2
higgs,higgs_wcc_4538,science_news,2
higgs,higgs_wcc_4539,science_news,2
higgs,higgs_wcc_4540,science_news,2
higgs,higgs_wcc_4541,science_news,2
higgs,higgs_wcc_4542,science_news,2
higgs,higgs_wcc_4543,science_news,2
higgs,higgs_wcc_4544,science_news,2
higgs,higgs_wcc_4545,science_news,2
higgs,higgs_wcc_4546,science_news,2
higgs,higgs_wcc_4547,science_news,2
higgs,higgs_wcc_4548,science_news,2
higgs,higgs_wcc_4549,science_news,2
higgs,higgs_wcc_4550,science_news,2
higgs,higgs_wcc_4551,science_news,2
higgs,higgs_wcc_4552,science_news,2
higgs,higgs_wcc_4553,science_news,2
higgs,higgs_wcc_4554,science_news,2
higgs,higgs_wcc_4555,science_news,2
higgs,higgs_wcc_4556,science_news,2
higgs,higgs_wcc_4557,science_news,2
higgs,higgs_wcc_4558,science_news,2
higgs,higgs_wcc_4559,science_news,2
higgs,higgs_wcc_4560,science_news,2
higgs,higgs_wcc_4561,science_news,2
higgs,higgs_wcc_4562,science_news,2
higgs,higgs_wcc_4563,science_news,2
higgs,higgs_wcc_4564,science_news,2
higgs,higgs_wcc_4565,science_news,2
higgs,higgs_wcc_4566,science_news,2
higgs,higgs_wcc_4567,science_news,2
higgs,higgs_wcc_4568,science_news,2
higgs,higgs_wcc_4569,science_news,2
higgs,higgs_wcc_4570,science_news,2
higgs,higgs_wcc_4571,science_news,2
higgs,higgs_wcc_4572,science_news,2
higgs,higgs_wcc_4573,science_news,2
higgs,higgs_wcc_4574,science_news,2
higgs,higgs_wcc_4575,science_news,2
higgs,higgs_wcc_4576,science_news,2
higgs,higgs_wcc_4577,science_news,2
higgs,higgs_wcc_4578,science_news,2
higgs,higgs_wcc_4579,science_news,2
higgs,higgs_wcc_4580,science_news,2
higgs,higgs_wcc_4581,science_news,2
higgs,higgs_wcc_4582,science_news,2
higgs,higgs_wcc_4583,science_news,2
higgs,higgs_wcc_4584,science_news,2
higgs,higgs_wcc_4585,science_news,2
higgs,higgs_wcc_4586,science_news,2
higgs,higgs_wcc_4587,science_news,2
higgs,higgs_wcc_4588,science_news,2
higgs,higgs_wcc_4589,science_news,2
higgs,higgs_wcc_4590,science_news,2
higgs,higgs_wcc_4591,science_news,2
higgs,higgs_wcc_4592,science_news,2
higgs,higgs_wcc_4593,science_news,2
higgs,higgs_wcc_4594,science_news,2
higgs,higgs_wcc_4595,science_news,2
higgs,higgs_wcc_4596,science_news,2
higgs,higgs_wcc_4597,science_news,2
higgs,higgs_wcc_4598,science_news,2
higgs,higgs_wcc_4599,science_news,2
higgs,higgs_wcc_4600,science_news,2
higgs,higgs_wcc_4601,science_news,2
higgs,higgs_wcc_4602,science_news,2
higgs,higgs_wcc_4603,science_news,2
higgs,higgs_wcc_4604,science_news,2
higgs,higgs_wcc_4605,science_news,2
higgs,higgs_wcc_4606,science_news,2
higgs,higgs_wcc_4607,science_news,2
higgs,higgs_wcc_4608,science_news,2
higgs,higgs_wcc_4609,science_news,2
higgs,higgs_wcc_4610,science_news,2
higgs,higgs_wcc_4611,science_news,2
higgs,higgs_wcc_4612,science_news,2
higgs,higgs_wcc_4613,science_news,2
higgs,higgs_wcc_4614,science_news,2
higgs,higgs_wcc_4615,science_news,2
higgs,higgs_wcc_4616,science_news,2
higgs,higgs_wcc_4617,science_news,2
higgs,higgs_wcc_4618,science_news,2
higgs,higgs_wcc_4619,science_news,2
higgs,higgs_wcc_4620,science_news,2
higgs,higgs_wcc_4621,science_news,2
higgs,higgs_wcc_4622,science_news,2
higgs,higgs_wcc_4623,science_news,2
higgs,higgs_wcc_4624,science_news,2
higgs,higgs_wcc_4625,science_news,2
higgs,higgs_wcc_4626,science_news,2
higgs,higgs_wcc_4627,science_news,2
higgs,higgs_wcc_4628,science_news,2
higgs,higgs_wcc_4629,science_news,2
higgs,higgs_wcc_4630,science_news,2
higgs,higgs_wcc_4631,science_news,2
higgs,higgs_wcc_4632,science_news,2
higgs,higgs_wcc_4633,science_news,2
higgs,higgs_wcc_4634,science_news,2
higgs,higgs_wcc_4635,science_news,2
higgs,higgs_wcc_4636,science_news,2
higgs,higgs_wcc_4637,science_news,2
higgs,higgs_wcc_4638,science_news,2
higgs,higgs_wcc_4639,science_news,2
higgs,higgs_wcc_4640,science_news,2
higgs,higgs_wcc_4641,science_news,2
higgs,higgs_wcc_4642,science_news,2
higgs,higgs_wcc_4643,science_news,2
higgs,higgs_wcc_4644,science_news,2
higgs,higgs_wcc_4645,science_news,2
higgs,higgs_wcc_4646,science_news,2
higgs,higgs_wcc_4647,science_news,2
higgs,higgs_wcc_4648,science_news,2
higgs,higgs_wcc_4649,science_news,2
higgs,higgs_wcc_4650,science_news,2
higgs,higgs_wcc_4651,science_news,2
higgs,higgs_wcc_4652,science_news,2
higgs,higgs_wcc_4653,science_news,2
higgs,higgs_wcc_4654,science_news,2
higgs,higgs_wcc_4655,science_news,2
higgs,higgs_wcc_4656,science_news,2
higgs,higgs_wcc_4657,science_news,2
higgs,higgs_wcc_4658,science_news,2
higgs,higgs_wcc_4659,science_news,2
higgs,higgs_wcc_4660,science_news,2
higgs,higgs_wcc_4661,science_news,2
higgs,higgs_wcc_4662,science_news,2
higgs,higgs_wcc_4663,science_news,2
higgs,higgs_wcc_4664,science_news,2
higgs,higgs_wcc_4665,science_news,2
higgs,higgs_wcc_4666,science_news,2
higgs,higgs_wcc_4667,science_news,2
higgs,higgs_wcc_4668,science_news,2
higgs,higgs_wcc_4669,science_news,2
higgs,higgs_wcc_4670,science_news,2
higgs,higgs_wcc_4671,science_news,2
higgs,higgs_wcc_4672,science_news,2
higgs,higgs_wcc_4673,science_news,2
higgs,higgs_wcc_4674,science_news,2
higgs,higgs_wcc_4675,science_news,2
higgs,higgs_wcc_4676,science_news,2
higgs,higgs_wcc_4677,science_news,2
higgs,higgs_wcc_4678,science_news,2
higgs,higgs_wcc_4679,science_news,2
higgs,higgs_wcc_4680,science_news,2
higgs,higgs_wcc_4681,science_news,2
higgs,higgs_wcc_4682,science_news,2
higgs,higgs_wcc_4683,science_news,2
higgs,higgs_wcc_4684,science_news,2
higgs,higgs_wcc_4685,science_news,2
higgs,higgs_wcc_4686,science_news,2
higgs,higgs_wcc_4687,science_news,2
higgs,higgs_wcc_4688,science_news,2
higgs,higgs_wcc_4689,science_news,2
higgs,higgs_wcc_4690,science_news,2
higgs,higgs_wcc_4691,science_news,2
higgs,higgs_wcc_4692,science_news,2
higgs,higgs_wcc_4693,science_news,2
higgs,higgs_wcc_4694,science_news,2
higgs,higgs_wcc_4695,science_news,2
higgs,higgs_wcc_4696,science_news,2
higgs,higgs_wcc_4697,science_news,2
higgs,higgs_wcc_4698,science_news,2
higgs,higgs_wcc_4699,science_news,2
higgs,higgs_wcc_4700,science_news,2
higgs,higgs_wcc_4701,science_news,2
higgs,higgs_wcc_4702,science_news,2
higgs,higgs_wcc_4703,science_news,2
higgs,higgs_wcc_4704,science_news,2
higgs,higgs_wcc_4705,science_news,2
higgs,higgs_wcc_4706,science_news,2
higgs,higgs_wcc_4707,science_news,2
higgs,higgs_wcc_4708,science_news,2
higgs,higgs_wcc_4709,science_news,2
higgs,higgs_wcc_4710,science_news,2
higgs,higgs_wcc_4711,science_news,2
higgs,higgs_wcc_4712,science_news,2
higgs,higgs_wcc_4713,science_news,2
higgs,higgs_wcc_4714,science_news,2
higgs,higgs_wcc_4715,science_news,2
higgs,higgs_wcc_4716,science_news,2
higgs,higgs_wcc_4717,science_news,2
higgs,higgs_wcc_4718,science_news,2
higgs,higgs_wcc_4719,science_news,2
higgs,higgs_wcc_4720,science_news,2
higgs,higgs_wcc_4721,science_news,2
higgs,higgs_wcc_4722,science_news,2
higgs,higgs_wcc_4723,science_news,2
higgs,higgs_wcc_4724,science_news,2
higgs,higgs_wcc_4725,science_news,2
higgs,higgs_wcc_4726,science_news,2
higgs,higgs_wcc_4727,science_news,2
higgs,higgs_wcc_4728,science_news,2
higgs,higgs_wcc_4729,science_news,2
higgs,higgs_wcc_4730,science_news,2
higgs,higgs_wcc_4731,science_news,2
higgs,higgs_wcc_4732,science_news,2
higgs,higgs_wcc_4733,science_news,2
higgs,higgs_wcc_4734,science_news,2
higgs,higgs_wcc_4735,science_news,2
higgs,higgs_wcc_4736,science_news,2
higgs,higgs_wcc_4737,science_news,2
higgs,higgs_wcc_4738,science_news,2
higgs,higgs_wcc_4739,science_news,2
higgs,higgs_wcc_4740,science_news,2
higgs,higgs_wcc_4741,science_news,2
higgs,higgs_wcc_4742,science_news,2
higgs,higgs_wcc_4743,science_news,2
higgs,higgs_wcc_4744,science_news,2
higgs,higgs_wcc_4745,science_news,2
higgs,higgs_wcc_4746,science_news,2
higgs,higgs_wcc_4747,science_news,2
higgs,higgs_wcc_4748,science_news,2
higgs,higgs_wcc_4749,science_news,2
higgs,higgs_wcc_4750,science_news,2
higgs,higgs_wcc_4751,science_news,2
higgs,higgs_wcc_4752,science_news,2
higgs,higgs_wcc_4753,science_news,2
higgs,higgs_wcc_4754,science_news,2
higgs,higgs_wcc_4755,science_news,2
higgs,higgs_wcc_4756,science_news,2
higgs,higgs_wcc_4757,science_news,2
higgs,higgs_wcc_4758,science_news,2
higgs,higgs_wcc_4759,science_news,2
higgs,higgs_wcc_4760,science_news,2
higgs,higgs_wcc_4761,science_news,2
higgs,higgs_wcc_4762,science_news,2
higgs,higgs_wcc_4763,science_news,2
higgs,higgs_wcc_4764,science_news,2
higgs,higgs_wcc_4765,science_news,2
higgs,higgs_wcc_4766,science_news,2
higgs,higgs_wcc_4767,science_news,2
higgs,higgs_wcc_4768,science_news,2
higgs,higgs_wcc_4769,science_news,2
higgs,higgs_wcc_4770,science_news,2
higgs,higgs_wcc_4771,science_news,2
higgs,higgs_wcc_4772,science_news,2
higgs,higgs_wcc_4773,science_news,2
higgs,higgs_wcc_4774,science_news,2
higgs,higgs_wcc_4775,science_news,2
higgs,higgs_wcc_4776,science_news,2
higgs,higgs_wcc_4777,science_news,2
higgs,higgs_wcc_4778,science_news,2
higgs,higgs_wcc_4779,science_news,2
higgs,higgs_wcc_4780,science_news,2
higgs,higgs_wcc_4781,science_news,2
higgs,higgs_wcc_4782,science_news,2
higgs,higgs_wcc_4783,science_news,2
higgs,higgs_wcc_4784,science_news,2
higgs,higgs_wcc_4785,science_news,2
higgs,higgs_wcc_4786,science_news,2
higgs,higgs_wcc_4787,science_news,2
higgs,higgs_wcc_4788,science_news,2
higgs,higgs_wcc_4789,science_news,2
higgs,higgs_wcc_4790,science_news,2
higgs,higgs_wcc_4791,science_news,2
higgs,higgs_wcc_4792,science_news,2
higgs,higgs_wcc_4793,science_news,2
higgs,higgs_wcc_4794,science_news,2
higgs,higgs_wcc_4795,science_news,2
higgs,higgs_wcc_4796,science_news,2
higgs,higgs_wcc_4797,science_news,2
higgs,higgs_wcc_4798,science_news,2
higgs,higgs_wcc_4799,science_news,2
higgs,higgs_wcc_4800,science_news,2
higgs,higgs_wcc_4801,science_news,2
higgs,higgs_wcc_4802,science_news,2
higgs,higgs_wcc_4803,science_news,2
higgs,higgs_wcc_4804,science_news,2
higgs,higgs_wcc_4805,science_news,2
higgs,higgs_wcc_4806,science_news,2
higgs,higgs_wcc_4807,science_news,2
higgs,higgs_wcc_4808,science_news,2
higgs,higgs_wcc_4809,science_news,2
higgs,higgs_wcc_4810,science_news,2
higgs,higgs_wcc_4811,science_news,2
higgs,higgs_wcc_4812,science_news,2
higgs,higgs_wcc_4813,science_news,2
higgs,higgs_wcc_4814,science_news,2
higgs,higgs_wcc_4815,science_news,2
higgs,higgs_wcc_4816,science_news,2
higgs,higgs_wcc_4817,science_news,2
higgs,higgs_wcc_4818,science_news,2
higgs,higgs_wcc_4819,science_news,2
higgs,higgs_wcc_4820,science_news,2
higgs,higgs_wcc_4821,science_news,2
higgs,higgs_wcc_4822,science_news,2
higgs,higgs_wcc_4823,science_news,2
higgs,higgs_wcc_4824,science_news,2
higgs,higgs_wcc_4825,science_news,2
higgs,higgs_wcc_4826,science_news,2
higgs,higgs_wcc_4827,science_news,2
higgs,higgs_wcc_4828,science_news,2
higgs,higgs_wcc_4829,science_news,2
higgs,higgs_wcc_4830,science_news,2
higgs,higgs_wcc_4831,science_news,2
higgs,higgs_wcc_4832,science_news,2
higgs,higgs_wcc_4833,science_news,2
higgs,higgs_wcc_4834,science_news,2
higgs,higgs_wcc_4835,science_news,2
higgs,higgs_wcc_4836,science_news,2
higgs,higgs_wcc_4837,science_news,2
higgs,higgs_wcc_4838,science_news,2
higgs,higgs_wcc_4839,science_news,2
higgs,higgs_wcc_4840,science_news,2
higgs,higgs_wcc_4841,science_news,2
higgs,higgs_wcc_4842,science_news,2
higgs,higgs_wcc_4843,science_news,2
higgs,higgs_wcc_4844,science_news,2
higgs,higgs_wcc_4845,science_news,2
higgs,higgs_wcc_4846,science_news,2
higgs,higgs_wcc_4847,science_news,2
higgs,higgs_wcc_4848,science_news,2
higgs,higgs_wcc_4849,science_news,2
higgs,higgs_wcc_4850,science_news,2
higgs,higgs_wcc_4851,science_news,2
higgs,higgs_wcc_4852,science_news,2
higgs,higgs_wcc_4853,science_news,2
higgs,higgs_wcc_4854,science_news,2
higgs,higgs_wcc_4855,science_news,2
higgs,higgs_wcc_4856,science_news,2
higgs,higgs_wcc_4857,science_news,2
higgs,higgs_wcc_4858,science_news,2
higgs,higgs_wcc_4859,science_news,2
higgs,higgs_wcc_4860,science_news,2
higgs,higgs_wcc_4861,science_news,2
higgs,higgs_wcc_4862,science_news,2
higgs,higgs_wcc_4863,science_news,2
higgs,higgs_wcc_4864,science_news,2
higgs,higgs_wcc_4865,science_news,2
higgs,higgs_wcc_4866,science_news,2
higgs,higgs_wcc_4867,science_news,2
higgs,higgs_wcc_4868,science_news,2
higgs,higgs_wcc_4869,science_news,2
higgs,higgs_wcc_4870,science_news,2
higgs,higgs_wcc_4871,science_news,2
higgs,higgs_wcc_4872,science_news,2
higgs,higgs_wcc_4873,science_news,2
higgs,higgs_wcc_4874,science_news,2
higgs,higgs_wcc_4875,science_news,2
higgs,higgs_wcc_4876,science_news,2
higgs,higgs_wcc_4877,science_news,2
higgs,higgs_wcc_4878,science_news,2
higgs,higgs_wcc_4879,science_news,2
higgs,higgs_wcc_4880,science_news,2
higgs,higgs_wcc_4881,science_news,2
higgs,higgs_wcc_4882,science_news,2
higgs,higgs_wcc_4883,science_news,2
higgs,higgs_wcc_4884,science_news,2
higgs,higgs_wcc_4885,science_news,2
higgs,higgs_wcc_4886,science_news,2
higgs,higgs_wcc_4887,science_news,2
higgs,higgs_wcc_4888,science_news,2
higgs,higgs_wcc_4889,science_news,2
higgs,higgs_wcc_4890,science_news,2
higgs,higgs_wcc_4891,science_news,2
higgs,higgs_wcc_4892,science_news,2
higgs,higgs_wcc_4893,science_news,2
higgs,higgs_wcc_4894,science_news,2
higgs,higgs_wcc_4895,science_news,2
higgs,higgs_wcc_4896,science_news,2
higgs,higgs_wcc_4897,science_news,2
higgs,higgs_wcc_4898,science_news,2
higgs,higgs_wcc_4899,science_news,2
higgs,higgs_wcc_4900,science_news,2
higgs,higgs_wcc_4901,science_news,2
higgs,higgs_wcc_4902,science_news,2
higgs,higgs_wcc_4903,science_news,2
higgs,higgs_wcc_4904,science_news,2
higgs,higgs_wcc_4905,science_news,2
higgs,higgs_wcc_4906,science_news,2
higgs,higgs_wcc_4907,science_news,2
higgs,higgs_wcc_4908,science_news,2
higgs,higgs_wcc_4909,science_news,2
higgs,higgs_wcc_4910,science_news,2
higgs,higgs_wcc_4911,science_news,2
higgs,higgs_wcc_4912,science_news,2
higgs,higgs_wcc_4913,science_news,2
higgs,higgs_wcc_4914,science_news,2
higgs,higgs_wcc_4915,science_news,2
higgs,higgs_wcc_4916,science_news,2
higgs,higgs_wcc_4917,science_news,2
higgs,higgs_wcc_4918,science_news,2
higgs,higgs_wcc_4919,science_news,2
higgs,higgs_wcc_4920,science_news,2
higgs,higgs_wcc_4921,science_news,2
higgs,higgs_wcc_4922,science_news,2
higgs,higgs_wcc_4923,science_news,2
higgs,higgs_wcc_4924,science_news,2
higgs,higgs_wcc_4925,science_news,2
higgs,higgs_wcc_4926,science_news,2
higgs,higgs_wcc_4927,science_news,2
higgs,higgs_wcc_4928,science_news,2
higgs,higgs_wcc_4929,science_news,2
higgs,higgs_wcc_4930,science_news,2
higgs,higgs_wcc_4931,science_news,2
higgs,higgs_wcc_4932,science_news,2
higgs,higgs_wcc_4933,science_news,2
higgs,higgs_wcc_4934,science_news,2
higgs,higgs_wcc_4935,science_news,2
higgs,higgs_wcc_4936,science_news,2
higgs,higgs_wcc_4937,science_news,2
higgs,higgs_wcc_4938,science_news,2
higgs,higgs_wcc_4939,science_news,2
higgs,higgs_wcc_4940,science_news,2
higgs,higgs_wcc_4941,science_news,2
higgs,higgs_wcc_4942,science_news,2
higgs,higgs_wcc_4943,science_news,2
higgs,higgs_wcc_4944,science_news,2
higgs,higgs_wcc_4945,science_news,2
higgs,higgs_wcc_4946,science_news,2
higgs,higgs_wcc_4947,science_news,2
higgs,higgs_wcc_4948,science_news,2
higgs,higgs_wcc_4949,science_news,2
higgs,higgs_wcc_4950,science_news,2
higgs,higgs_wcc_4951,science_news,2
higgs,higgs_wcc_4952,science_news,2
higgs,higgs_wcc_4953,science_news,2
higgs,higgs_wcc_4954,science_news,2
higgs,higgs_wcc_4955,science_news,2
higgs,higgs_wcc_4956,science_news,2
higgs,higgs_wcc_4957,science_news,2
higgs,higgs_wcc_4958,science_news,2
higgs,higgs_wcc_4959,science_news,2
higgs,higgs_wcc_4960,science_news,2
higgs,higgs_wcc_4961,science_news,2
higgs,higgs_wcc_4962,science_news,2
higgs,higgs_wcc_4963,science_news,2
higgs,higgs_wcc_4964,science_news,2
higgs,higgs_wcc_4965,science_news,2
higgs,higgs_wcc_4966,science_news,2
higgs,higgs_wcc_4967,science_news,2
higgs,higgs_wcc_4968,science_news,2
higgs,higgs_wcc_4969,science_news,2
higgs,higgs_wcc_4970,science_news,2
higgs,higgs_wcc_4971,science_news,2
higgs,higgs_wcc_4972,science_news,2
higgs,higgs_wcc_4973,science_news,2
higgs,higgs_wcc_4974,science_news,2
higgs,higgs_wcc_4975,science_news,2
higgs,higgs_wcc_4976,science_news,2
higgs,higgs_wcc_4977,science_news,2
higgs,higgs_wcc_4978,science_news,2
higgs,higgs_wcc_4979,science_news,2
higgs,higgs_wcc_4980,science_news,2
higgs,higgs_wcc_4981,science_news,2
higgs,higgs_wcc_4982,science_news,2
higgs,higgs_wcc_4983,science_news,2
higgs,higgs_wcc_4984,science_news,2
higgs,higgs_wcc_4985,science_news,2
higgs,higgs_wcc_4986,science_news,2
higgs,higgs_wcc_4987,science_news,2
higgs,higgs_wcc_4988,science_news,2
higgs,higgs_wcc_4989,science_news,2
higgs,higgs_wcc_4990,science_news,2
higgs,higgs_wcc_4991,science_news,2
higgs,higgs_wcc_4992,science_news,2
higgs,higgs_wcc_4993,science_news,2
higgs,higgs_wcc_4994,science_news,2
higgs,higgs_wcc_4995,science_news,2
higgs,higgs_wcc_4996,science_news,2
higgs,higgs_wcc_4997,science_news,2
higgs,higgs_wcc_4998,science_news,2
higgs,higgs_wcc_4999,science_news,2
higgs,higgs_wcc_5000,science_news,2
higgs,higgs_wcc_5001,science_news,2
higgs,higgs_wcc_5002,science_news,2
higgs,higgs_wcc_5003,science_news,2
higgs,higgs_wcc_5004,science_news,2
higgs,higgs_wcc_5005,science_news,2
higgs,higgs_wcc_5006,science_news,2
higgs,higgs_wcc_5007,science_news,2
higgs,higgs_wcc_5008,science_news,2
higgs,higgs_wcc_5009,science_news,2
higgs,higgs_wcc_5010,science_news,2
higgs,higgs_wcc_5011,science_news,2
higgs,higgs_wcc_5012,science_news,2
higgs,higgs_wcc_5013,science_news,2
higgs,higgs_wcc_5014,science_news,2
higgs,higgs_wcc_5015,science_news,2
higgs,higgs_wcc_5016,science_news,2
higgs,higgs_wcc_5017,science_news,2
higgs,higgs_wcc_5018,science_news,2
higgs,higgs_wcc_5019,science_news,2
higgs,higgs_wcc_5020,science_news,2
higgs,higgs_wcc_5021,science_news,2
higgs,higgs_wcc_5022,science_news,2
higgs,higgs_wcc_5023,science_news,2
higgs,higgs_wcc_5024,science_news,2
higgs,higgs_wcc_5025,science_news,2
higgs,higgs_wcc_5026,science_news,2
higgs,higgs_wcc_5027,science_news,2
higgs,higgs_wcc_5028,science_news,2
higgs,higgs_wcc_5029,science_news,2
higgs,higgs_wcc_5030,science_news,2
higgs,higgs_wcc_5031,science_news,2
higgs,higgs_wcc_5032,science_news,2
higgs,higgs_wcc_5033,science_news,2
higgs,higgs_wcc_5034,science_news,2
higgs,higgs_wcc_5035,science_news,2
higgs,higgs_wcc_5036,science_news,2
higgs,higgs_wcc_5037,science_news,2
higgs,higgs_wcc_5038,science_news,2
higgs,higgs_wcc_5039,science_news,2
higgs,higgs_wcc_5040,science_news,2
higgs,higgs_wcc_5041,science_news,2
higgs,higgs_wcc_5042,science_news,2
higgs,higgs_wcc_5043,science_news,2
higgs,higgs_wcc_5044,science_news,2
higgs,higgs_wcc_5045,science_news,2
higgs,higgs_wcc_5046,science_news,2
higgs,higgs_wcc_5047,science_news,2
higgs,higgs_wcc_5048,science_news,2
higgs,higgs_wcc_5049,science_news,2
higgs,higgs_wcc_5050,science_news,2
higgs,higgs_wcc_5051,science_news,2
higgs,higgs_wcc_5052,science_news,2
higgs,higgs_wcc_5053,science_news,2
higgs,higgs_wcc_5054,science_news,2
higgs,higgs_wcc_5055,science_news,2
higgs,higgs_wcc_5056,science_news,2
higgs,higgs_wcc_5057,science_news,2
higgs,higgs_wcc_5058,science_news,2
higgs,higgs_wcc_5059,science_news,2
higgs,higgs_wcc_5060,science_news,2
higgs,higgs_wcc_5061,science_news,2
higgs,higgs_wcc_5062,science_news,2
higgs,higgs_wcc_5063,science_news,2
higgs,higgs_wcc_5064,science_news,2
higgs,higgs_wcc_5065,science_news,2
higgs,higgs_wcc_5066,science_news,2
higgs,higgs_wcc_5067,science_news,2
higgs,higgs_wcc_5068,science_news,2
higgs,higgs_wcc_5069,science_news,2
higgs,higgs_wcc_5070,science_news,2
higgs,higgs_wcc_5071,science_news,2
higgs,higgs_wcc_5072,science_news,2
higgs,higgs_wcc_5073,science_news,2
higgs,higgs_wcc_5074,science_news,2
higgs,higgs_wcc_5075,science_news,2
higgs,higgs_wcc_5076,science_news,2
higgs,higgs_wcc_5077,science_news,2
higgs,higgs_wcc_5078,science_news,2
higgs,higgs_wcc_5079,science_news,2
higgs,higgs_wcc_5080,science_news,2
higgs,higgs_wcc_5081,science_news,2
higgs,higgs_wcc_5082,science_news,2
higgs,higgs_wcc_5083,science_news,2
higgs,higgs_wcc_5084,science_news,2
higgs,higgs_wcc_5085,science_news,2
higgs,higgs_wcc_5086,science_news,2
higgs,higgs_wcc_5087,science_news,2
higgs,higgs_wcc_5088,science_news,2
higgs,higgs_wcc_5089,science_news,2
higgs,higgs_wcc_5090,science_news,2
higgs,higgs_wcc_5091,science_news,2
higgs,higgs_wcc_5092,science_news,2
higgs,higgs_wcc_5093,science_news,2
higgs,higgs_wcc_5094,science_news,2
higgs,higgs_wcc_5095,science_news,2
higgs,higgs_wcc_5096,science_news,2
higgs,higgs_wcc_5097,science_news,2
higgs,higgs_wcc_5098,science_news,2
higgs,higgs_wcc_5099,science_news,2
higgs,higgs_wcc_5100,science_news,2
higgs,higgs_wcc_5101,science_news,2
higgs,higgs_wcc_5102,science_news,2
higgs,higgs_wcc_5103,science_news,2
higgs,higgs_wcc_5104,science_news,2
higgs,higgs_wcc_5105,science_news,2
higgs,higgs_wcc_5106,science_news,2
higgs,higgs_wcc_5107,science_news,2
higgs,higgs_wcc_5108,science_news,2
higgs,higgs_wcc_5109,science_news,2
higgs,higgs_wcc_5110,science_news,2
higgs,higgs_wcc_5111,science_news,2
higgs,higgs_wcc_5112,science_news,2
higgs,higgs_wcc_5113,science_news,2
higgs,higgs_wcc_5114,science_news,2
higgs,higgs_wcc_5115,science_news,2
higgs,higgs_wcc_5116,science_news,2
higgs,higgs_wcc_5117,science_news,2
higgs,higgs_wcc_5118,science_news,2
higgs,higgs_wcc_5119,science_news,2
higgs,higgs_wcc_5120,science_news,2
higgs,higgs_wcc_5121,science_news,2
higgs,higgs_wcc_5122,science_news,2
higgs,higgs_wcc_5123,science_news,2
higgs,higgs_wcc_5124,science_news,2
higgs,higgs_wcc_5125,science_news,2
higgs,higgs_wcc_5126,science_news,2
higgs,higgs_wcc_5127,science_news,2
higgs,higgs_wcc_5128,science_news,2
higgs,higgs_wcc_5129,science_news,2
higgs,higgs_wcc_5130,science_news,2
higgs,higgs_wcc_5131,science_news,2
higgs,higgs_wcc_5132,science_news,2
higgs,higgs_wcc_5133,science_news,2
higgs,higgs_wcc_5134,science_news,2
higgs,higgs_wcc_5135,science_news,2
higgs,higgs_wcc_5136,science_news,2
higgs,higgs_wcc_5137,science_news,2
higgs,higgs_wcc_5138,science_news,2
higgs,higgs_wcc_5139,science_news,2
higgs,higgs_wcc_5140,science_news,2
higgs,higgs_wcc_5141,science_news,2
higgs,higgs_wcc_5142,science_news,2
higgs,higgs_wcc_5143,science_news,2
higgs,higgs_wcc_5144,science_news,2
higgs,higgs_wcc_5145,science_news,2
higgs,higgs_wcc_5146,science_news,2
higgs,higgs_wcc_5147,science_news,2
higgs,higgs_wcc_5148,science_news,2
higgs,higgs_wcc_5149,science_news,2
higgs,higgs_wcc_5150,science_news,2
higgs,higgs_wcc_5151,science_news,2
higgs,higgs_wcc_5152,science_news,2
higgs,higgs_wcc_5153,science_news,2
higgs,higgs_wcc_5154,science_news,2
higgs,higgs_wcc_5155,science_news,2
higgs,higgs_wcc_5156,science_news,2
higgs,higgs_wcc_5157,science_news,2
higgs,higgs_wcc_5158,science_news,2
higgs,higgs_wcc_5159,science_news,2
higgs,higgs_wcc_5160,science_news,2
higgs,higgs_wcc_5161,science_news,2
higgs,higgs_wcc_5162,science_news,2
higgs,higgs_wcc_5163,science_news,2
higgs,higgs_wcc_5164,science_news,2
higgs,higgs_wcc_5165,science_news,2
higgs,higgs_wcc_5166,science_news,2
higgs,higgs_wcc_5167,science_news,2
higgs,higgs_wcc_5168,science_news,2
higgs,higgs_wcc_5169,science_news,2
higgs,higgs_wcc_5170,science_news,2
higgs,higgs_wcc_5171,science_news,2
higgs,higgs_wcc_5172,science_news,2
higgs,higgs_wcc_5173,science_news,2
higgs,higgs_wcc_5174,science_news,2
higgs,higgs_wcc_5175,science_news,2
higgs,higgs_wcc_5176,science_news,2
higgs,higgs_wcc_5177,science_news,2
higgs,higgs_wcc_5178,science_news,2
higgs,higgs_wcc_5179,science_news,2
higgs,higgs_wcc_5180,science_news,2
higgs,higgs_wcc_5181,science_news,2
higgs,higgs_wcc_5182,science_news,2
higgs,higgs_wcc_5183,science_news,2
higgs,higgs_wcc_5184,science_news,2
higgs,higgs_wcc_5185,science_news,2
higgs,higgs_wcc_5186,science_news,2
higgs,higgs_wcc_5187,science_news,2
higgs,higgs_wcc_5188,science_news,2
higgs,higgs_wcc_5189,science_news,2
higgs,higgs_wcc_5190,science_news,2
higgs,higgs_wcc_5191,science_news,2
higgs,higgs_wcc_5192,science_news,2
higgs,higgs_wcc_5193,science_news,2
higgs,higgs_wcc_5194,science_news,2
higgs,higgs_wcc_5195,science_news,2
higgs,higgs_wcc_5196,science_news,2
higgs,higgs_wcc_5197,science_news,2
higgs,higgs_wcc_5198,science_news,2
higgs,higgs_wcc_5199,science_news,2
higgs,higgs_wcc_5200,science_news,2
higgs,higgs_wcc_5201,science_news,2
higgs,higgs_wcc_5202,science_news,2
higgs,higgs_wcc_5203,science_news,2
higgs,higgs_wcc_5204,science_news,2
higgs,higgs_wcc_5205,science_news,2
higgs,higgs_wcc_5206,science_news,2
higgs,higgs_wcc_5207,science_news,2
higgs,higgs_wcc_5208,science_news,2
higgs,higgs_wcc_5209,science_news,2
higgs,higgs_wcc_5210,science_news,2
higgs,higgs_wcc_5211,science_news,2
higgs,higgs_wcc_5212,science_news,2
higgs,higgs_wcc_5213,science_news,2
higgs,higgs_wcc_5214,science_news,2
higgs,higgs_wcc_5215,science_news,2
higgs,higgs_wcc_5216,science_news,2
higgs,higgs_wcc_5217,science_news,2
higgs,higgs_wcc_5218,science_news,2
higgs,higgs_wcc_5219,science_news,2
higgs,higgs_wcc_5220,science_news,2
higgs,higgs_wcc_5221,science_news,2
higgs,higgs_wcc_5222,science_news,2
higgs,higgs_wcc_5223,science_news,2
higgs,higgs_wcc_5224,science_news,2
higgs,higgs_wcc_5225,science_news,2
higgs,higgs_wcc_5226,science_news,2
higgs,higgs_wcc_5227,science_news,2
higgs,higgs_wcc_5228,science_news,2
higgs,higgs_wcc_5229,science_news,2
higgs,higgs_wcc_5230,science_news,2
higgs,higgs_wcc_5231,science_news,2
higgs,higgs_wcc_5232,science_news,2
higgs,higgs_wcc_5233,science_news,2
higgs,higgs_wcc_5234,science_news,2
higgs,higgs_wcc_5235,science_news,2
higgs,higgs_wcc_5236,science_news,2
higgs,higgs_wcc_5237,science_news,2
higgs,higgs_wcc_5238,science_news,2
higgs,higgs_wcc_5239,science_news,2
higgs,higgs_wcc_5240,science_news,2
higgs,higgs_wcc_5241,science_news,2
higgs,higgs_wcc_5242,science_news,2
higgs,higgs_wcc_5243,science_news,2
higgs,higgs_wcc_5244,science_news,2
higgs,higgs_wcc_5245,science_news,2
higgs,higgs_wcc_5246,science_news,2
higgs,higgs_wcc_5247,science_news,2
higgs,higgs_wcc_5248,science_news,2
higgs,higgs_wcc_5249,science_news,2
higgs,higgs_wcc_5250,science_news,2
higgs,higgs_wcc_5251,science_news,2
higgs,higgs_wcc_5252,science_news,2
higgs,higgs_wcc_5253,science_news,2
higgs,higgs_wcc_5254,science_news,2
higgs,higgs_wcc_5255,science_news,2
higgs,higgs_wcc_5256,science_news,2
higgs,higgs_wcc_5257,science_news,2
higgs,higgs_wcc_5258,science_news,2
higgs,higgs_wcc_5259,science_news,2
higgs,higgs_wcc_5260,science_news,2
higgs,higgs_wcc_5261,science_news,2
higgs,higgs_wcc_5262,science_news,2
higgs,higgs_wcc_5263,science_news,2
higgs,higgs_wcc_5264,science_news,2
higgs,higgs_wcc_5265,science_news,2
higgs,higgs_wcc_5266,science_news,2
higgs,higgs_wcc_5267,science_news,2
higgs,higgs_wcc_5268,science_news,2
higgs,higgs_wcc_5269,science_news,2
higgs,higgs_wcc_5270,science_news,2
higgs,higgs_wcc_5271,science_news,2
higgs,higgs_wcc_5272,science_news,2
higgs,higgs_wcc_5273,science_news,2
higgs,higgs_wcc_5274,science_news,2
higgs,higgs_wcc_5275,science_news,2
higgs,higgs_wcc_5276,science_news,2
higgs,higgs_wcc_5277,science_news,2
higgs,higgs_wcc_5278,science_news,2
higgs,higgs_wcc_5279,science_news,2
higgs,higgs_wcc_5280,science_news,2
higgs,higgs_wcc_5281,science_news,2
higgs,higgs_wcc_5282,science_news,2
higgs,higgs_wcc_5283,science_news,2
higgs,higgs_wcc_5284,science_news,2
higgs,higgs_wcc_5285,science_news,2
higgs,higgs_wcc_5286,science_news,2
higgs,higgs_wcc_5287,science_news,2
higgs,higgs_wcc_5288,science_news,2
higgs,higgs_wcc_5289,science_news,2
higgs,higgs_wcc_5290,science_news,2
higgs,higgs_wcc_5291,science_news,2
higgs,higgs_wcc_5292,science_news,2
higgs,higgs_wcc_5293,science_news,2
higgs,higgs_wcc_5294,science_news,2
higgs,higgs_wcc_5295,science_news,2
higgs,higgs_wcc_5296,science_news,2
higgs,higgs_wcc_5297,science_news,2
higgs,higgs_wcc_5298,science_news,2
higgs,higgs_wcc_5299,science_news,2
higgs,higgs_wcc_5300,science_news,2
higgs,higgs_wcc_5301,science_news,2
higgs,higgs_wcc_5302,science_news,2
higgs,higgs_wcc_5303,science_news,2
higgs,higgs_wcc_5304,science_news,2
higgs,higgs_wcc_5305,science_news,2
higgs,higgs_wcc_5306,science_news,2
higgs,higgs_wcc_5307,science_news,2
higgs,higgs_wcc_5308,science_news,2
higgs,higgs_wcc_5309,science_news,2
higgs,higgs_wcc_5310,science_news,2
higgs,higgs_wcc_5311,science_news,2
higgs,higgs_wcc_5312,science_news,2
higgs,higgs_wcc_5313,science_news,2
higgs,higgs_wcc_5314,science_news,2
higgs,higgs_wcc_5315,science_news,2
higgs,higgs_wcc_5316,science_news,2
higgs,higgs_wcc_5317,science_news,2
higgs,higgs_wcc_5318,science_news,2
higgs,higgs_wcc_5319,science_news,2
higgs,higgs_wcc_5320,science_news,2
higgs,higgs_wcc_5321,science_news,2
higgs,higgs_wcc_5322,science_news,2
higgs,higgs_wcc_5323,science_news,2
higgs,higgs_wcc_5324,science_news,2
higgs,higgs_wcc_5325,science_news,2
higgs,higgs_wcc_5326,science_news,2
higgs,higgs_wcc_5327,science_news,2
higgs,higgs_wcc_5328,science_news,2
higgs,higgs_wcc_5329,science_news,2
higgs,higgs_wcc_5330,science_news,2
higgs,higgs_wcc_5331,science_news,2
higgs,higgs_wcc_5332,science_news,2
higgs,higgs_wcc_5333,science_news,2
higgs,higgs_wcc_5334,science_news,2
higgs,higgs_wcc_5335,science_news,2
higgs,higgs_wcc_5336,science_news,2
higgs,higgs_wcc_5337,science_news,2
higgs,higgs_wcc_5338,science_news,2
higgs,higgs_wcc_5339,science_news,2
higgs,higgs_wcc_5340,science_news,2
higgs,higgs_wcc_5341,science_news,2
higgs,higgs_wcc_5342,science_news,2
higgs,higgs_wcc_5343,science_news,2
higgs,higgs_wcc_5344,science_news,2
higgs,higgs_wcc_5345,science_news,2
higgs,higgs_wcc_5346,science_news,2
higgs,higgs_wcc_5347,science_news,2
higgs,higgs_wcc_5348,science_news,2
higgs,higgs_wcc_5349,science_news,2
higgs,higgs_wcc_5350,science_news,2
higgs,higgs_wcc_5351,science_news,2
higgs,higgs_wcc_5352,science_news,2
higgs,higgs_wcc_5353,science_news,2
higgs,higgs_wcc_5354,science_news,2
higgs,higgs_wcc_5355,science_news,2
higgs,higgs_wcc_5356,science_news,2
higgs,higgs_wcc_5357,science_news,2
higgs,higgs_wcc_5358,science_news,2
higgs,higgs_wcc_5359,science_news,2
higgs,higgs_wcc_5360,science_news,2
higgs,higgs_wcc_5361,science_news,2
higgs,higgs_wcc_5362,science_news,2
higgs,higgs_wcc_5363,science_news,2
higgs,higgs_wcc_5364,science_news,2
higgs,higgs_wcc_5365,science_news,2
higgs,higgs_wcc_5366,science_news,2
higgs,higgs_wcc_5367,science_news,2
higgs,higgs_wcc_5368,science_news,2
higgs,higgs_wcc_5369,science_news,2
higgs,higgs_wcc_5370,science_news,2
higgs,higgs_wcc_5371,science_news,2
higgs,higgs_wcc_5372,science_news,2
higgs,higgs_wcc_5373,science_news,2
higgs,higgs_wcc_5374,science_news,2
higgs,higgs_wcc_5375,science_news,2
higgs,higgs_wcc_5376,science_news,2
higgs,higgs_wcc_5377,science_news,2
higgs,higgs_wcc_5378,science_news,2
higgs,higgs_wcc_5379,science_news,2
higgs,higgs_wcc_5380,science_news,2
higgs,higgs_wcc_5381,science_news,2
higgs,higgs_wcc_5382,science_news,2
higgs,higgs_wcc_5383,science_news,2
higgs,higgs_wcc_5384,science_news,2
higgs,higgs_wcc_5385,science_news,2
higgs,higgs_wcc_5386,science_news,2
higgs,higgs_wcc_5387,science_news,2
higgs,higgs_wcc_5388,science_news,2
higgs,higgs_wcc_5389,science_news,2
higgs,higgs_wcc_5390,science_news,2
higgs,higgs_wcc_5391,science_news,2
higgs,higgs_wcc_5392,science_news,2
higgs,higgs_wcc_5393,science_news,2
higgs,higgs_wcc_5394,science_news,2
higgs,higgs_wcc_5395,science_news,2
higgs,higgs_wcc_5396,science_news,2
higgs,higgs_wcc_5397,science_news,2
higgs,higgs_wcc_5398,science_news,2
higgs,higgs_wcc_5399,science_news,2
higgs,higgs_wcc_5400,science_news,2
higgs,higgs_wcc_5401,science_news,2
higgs,higgs_wcc_5402,science_news,2
higgs,higgs_wcc_5403,science_news,2
higgs,higgs_wcc_5404,science_news,2
higgs,higgs_wcc_5405,science_news,2
higgs,higgs_wcc_5406,science_news,2
higgs,higgs_wcc_5407,science_news,2
higgs,higgs_wcc_5408,science_news,2
higgs,higgs_wcc_5409,science_news,2
higgs,higgs_wcc_5410,science_news,2
higgs,higgs_wcc_5411,science_news,2
higgs,higgs_wcc_5412,science_news,2
higgs,higgs_wcc_5413,science_news,2
higgs,higgs_wcc_5414,science_news,2
higgs,higgs_wcc_5415,science_news,2
higgs,higgs_wcc_5416,science_news,2
higgs,higgs_wcc_5417,science_news,2
higgs,higgs_wcc_5418,science_news,2
higgs,higgs_wcc_5419,science_news,2
higgs,higgs_wcc_5420,science_news,2
higgs,higgs_wcc_5421,science_news,2
higgs,higgs_wcc_5422,science_news,2
higgs,higgs_wcc_5423,science_news,2
higgs,higgs_wcc_5424,science_news,2
higgs,higgs_wcc_5425,science_news,2
higgs,higgs_wcc_5426,science_news,2
higgs,higgs_wcc_5427,science_news,2
higgs,higgs_wcc_5428,science_news,2
higgs,higgs_wcc_5429,science_news,2
higgs,higgs_wcc_5430,science_news,2
higgs,higgs_wcc_5431,science_news,2
higgs,higgs_wcc_5432,science_news,2
higgs,higgs_wcc_5433,science_news,2
higgs,higgs_wcc_5434,science_news,2
higgs,higgs_wcc_5435,science_news,2
higgs,higgs_wcc_5436,science_news,2
higgs,higgs_wcc_5437,science_news,2
higgs,higgs_wcc_5438,science_news,2
higgs,higgs_wcc_5439,science_news,2
higgs,higgs_wcc_5440,science_news,2
higgs,higgs_wcc_5441,science_news,2
higgs,higgs_wcc_5442,science_news,2
higgs,higgs_wcc_5443,science_news,2
higgs,higgs_wcc_5444,science_news,2
higgs,higgs_wcc_5445,science_news,2
higgs,higgs_wcc_5446,science_news,2
higgs,higgs_wcc_5447,science_news,2
higgs,higgs_wcc_5448,science_news,2
higgs,higgs_wcc_5449,science_news,2
higgs,higgs_wcc_5450,science_news,2
higgs,higgs_wcc_5451,science_news,2
higgs,higgs_wcc_5452,science_news,2
higgs,higgs_wcc_5453,science_news,2
higgs,higgs_wcc_5454,science_news,2
higgs,higgs_wcc_5455,science_news,2
higgs,higgs_wcc_5456,science_news,2
higgs,higgs_wcc_5457,science_news,2
higgs,higgs_wcc_5458,science_news,2
higgs,higgs_wcc_5459,science_news,2
higgs,higgs_wcc_5460,science_news,2
higgs,higgs_wcc_5461,science_news,2
higgs,higgs_wcc_5462,science_news,2
higgs,higgs_wcc_5463,science_news,2
higgs,higgs_wcc_5464,science_news,2
higgs,higgs_wcc_5465,science_news,2
higgs,higgs_wcc_5466,science_news,2
higgs,higgs_wcc_5467,science_news,2
higgs,higgs_wcc_5468,science_news,2
higgs,higgs_wcc_5469,science_news,2
higgs,higgs_wcc_5470,science_news,2
higgs,higgs_wcc_5471,science_news,2
higgs,higgs_wcc_5472,science_news,2
higgs,higgs_wcc_5473,science_news,2
higgs,higgs_wcc_5474,science_news,2
higgs,higgs_wcc_5475,science_news,2
higgs,higgs_wcc_5476,science_news,2
higgs,higgs_wcc_5477,science_news,2
higgs,higgs_wcc_5478,science_news,2
higgs,higgs_wcc_5479,science_news,2
higgs,higgs_wcc_5480,science_news,2
higgs,higgs_wcc_5481,science_news,2
higgs,higgs_wcc_5482,science_news,2
higgs,higgs_wcc_5483,science_news,2
higgs,higgs_wcc_5484,science_news,2
higgs,higgs_wcc_5485,science_news,2
higgs,higgs_wcc_5486,science_news,2
higgs,higgs_wcc_5487,science_news,2
higgs,higgs_wcc_5488,science_news,2
higgs,higgs_wcc_5489,science_news,2
higgs,higgs_wcc_5490,science_news,2
higgs,higgs_wcc_5491,science_news,2
higgs,higgs_wcc_5492,science_news,2
higgs,higgs_wcc_5493,science_news,2
higgs,higgs_wcc_5494,science_news,2
higgs,higgs_wcc_5495,science_news,2
higgs,higgs_wcc_5496,science_news,2
higgs,higgs_wcc_5497,science_news,2
higgs,higgs_wcc_5498,science_news,2
higgs,higgs_wcc_5499,science_news,2
higgs,higgs_wcc_5500,science_news,2
higgs,higgs_wcc_5501,science_news,2
higgs,higgs_wcc_5502,science_news,2
higgs,higgs_wcc_5503,science_news,2
higgs,higgs_wcc_5504,science_news,2
higgs,higgs_wcc_5505,science_news,2
higgs,higgs_wcc_5506,science_news,2
higgs,higgs_wcc_5507,science_news,2
higgs,higgs_wcc_5508,science_news,2
higgs,higgs_wcc_5509,science_news,2
higgs,higgs_wcc_5510,science_news,2
higgs,higgs_wcc_5511,science_news,2
higgs,higgs_wcc_5512,science_news,2
higgs,higgs_wcc_5513,science_news,2
higgs,higgs_wcc_5514,science_news,2
higgs,higgs_wcc_5515,science_news,2
higgs,higgs_wcc_5516,science_news,2
higgs,higgs_wcc_5517,science_news,2
higgs,higgs_wcc_5518,science_news,2
higgs,higgs_wcc_5519,science_news,2
higgs,higgs_wcc_5520,science_news,2
higgs,higgs_wcc_5521,science_news,2
higgs,higgs_wcc_5522,science_news,2
higgs,higgs_wcc_5523,science_news,2
higgs,higgs_wcc_5524,science_news,2
higgs,higgs_wcc_5525,science_news,2
higgs,higgs_wcc_5526,science_news,2
higgs,higgs_wcc_5527,science_news,2
higgs,higgs_wcc_5528,science_news,2
higgs,higgs_wcc_5529,science_news,2
higgs,higgs_wcc_5530,science_news,2
higgs,higgs_wcc_5531,science_news,2
higgs,higgs_wcc_5532,science_news,2
higgs,higgs_wcc_5533,science_news,2
higgs,higgs_wcc_5534,science_news,2
higgs,higgs_wcc_5535,science_news,2
higgs,higgs_wcc_5536,science_news,2
higgs,higgs_wcc_5537,science_news,2
higgs,higgs_wcc_5538,science_news,2
higgs,higgs_wcc_5539,science_news,2
higgs,higgs_wcc_5540,science_news,2
higgs,higgs_wcc_5541,science_news,2
higgs,higgs_wcc_5542,science_news,2
higgs,higgs_wcc_5543,science_news,2
higgs,higgs_wcc_5544,science_news,2
higgs,higgs_wcc_5545,science_news,2
higgs,higgs_wcc_5546,science_news,2
higgs,higgs_wcc_5547,science_news,2
higgs,higgs_wcc_5548,science_news,2
higgs,higgs_wcc_5549,science_news,2
higgs,higgs_wcc_5550,science_news,2
higgs,higgs_wcc_5551,science_news,2
higgs,higgs_wcc_5552,science_news,2
higgs,higgs_wcc_5553,science_news,2
higgs,higgs_wcc_5554,science_news,2
higgs,higgs_wcc_5555,science_news,2
higgs,higgs_wcc_5556,science_news,2
higgs,higgs_wcc_5557,science_news,2
higgs,higgs_wcc_5558,science_news,2
higgs,higgs_wcc_5559,science_news,2
higgs,higgs_wcc_5560,science_news,2
higgs,higgs_wcc_5561,science_news,2
higgs,higgs_wcc_5562,science_news,2
higgs,higgs_wcc_5563,science_news,2
higgs,higgs_wcc_5564,science_news,2
higgs,higgs_wcc_5565,science_news,2
higgs,higgs_wcc_5566,science_news,2
higgs,higgs_wcc_5567,science_news,2
higgs,higgs_wcc_5568,science_news,2
higgs,higgs_wcc_5569,science_news,2
higgs,higgs_wcc_5570,science_news,2
higgs,higgs_wcc_5571,science_news,2
higgs,higgs_wcc_5572,science_news,2
higgs,higgs_wcc_5573,science_news,2
higgs,higgs_wcc_5574,science_news,2
higgs,higgs_wcc_5575,science_news,2
higgs,higgs_wcc_5576,science_news,2
higgs,higgs_wcc_5577,science_news,2
higgs,higgs_wcc_5578,science_news,2
higgs,higgs_wcc_5579,science_news,2
higgs,higgs_wcc_5580,science_news,2
higgs,higgs_wcc_5581,science_news,2
higgs,higgs_wcc_5582,science_news,2
higgs,higgs_wcc_5583,science_news,2
higgs,higgs_wcc_5584,science_news,2
higgs,higgs_wcc_5585,science_news,2
higgs,higgs_wcc_5586,science_news,2
higgs,higgs_wcc_5587,science_news,2
higgs,higgs_wcc_5588,science_news,2
higgs,higgs_wcc_5589,science_news,2
higgs,higgs_wcc_5590,science_news,2
higgs,higgs_wcc_5591,science_news,2
higgs,higgs_wcc_5592,science_news,2
higgs,higgs_wcc_5593,science_news,2
higgs,higgs_wcc_5594,science_news,2
higgs,higgs_wcc_5595,science_news,2
higgs,higgs_wcc_5596,science_news,2
higgs,higgs_wcc_5597,science_news,2
higgs,higgs_wcc_5598,science_news,2
higgs,higgs_wcc_5599,science_news,2
higgs,higgs_wcc_5600,science_news,2
higgs,higgs_wcc_5601,science_news,2
higgs,higgs_wcc_5602,science_news,2
higgs,higgs_wcc_5603,science_news,2
higgs,higgs_wcc_5604,science_news,2
higgs,higgs_wcc_5605,science_news,2
higgs,higgs_wcc_5606,science_news,2
higgs,higgs_wcc_5607,science_news,2
higgs,higgs_wcc_5608,science_news,2
higgs,higgs_wcc_5609,science_news,2
higgs,higgs_wcc_5610,science_news,2
higgs,higgs_wcc_5611,science_news,2
higgs,higgs_wcc_5612,science_news,2
higgs,higgs_wcc_5613,science_news,2
higgs,higgs_wcc_5614,science_news,2
higgs,higgs_wcc_5615,science_news,2
higgs,higgs_wcc_5616,science_news,2
higgs,higgs_wcc_5617,science_news,2
higgs,higgs_wcc_5618,science_news,2
higgs,higgs_wcc_5619,science_news,2
higgs,higgs_wcc_5620,science_news,2
higgs,higgs_wcc_5621,science_news,2
higgs,higgs_wcc_5622,science_news,2
higgs,higgs_wcc_5623,science_news,2
higgs,higgs_wcc_5624,science_news,2
higgs,higgs_wcc_5625,science_news,2
higgs,higgs_wcc_5626,science_news,2
higgs,higgs_wcc_5627,science_news,2
higgs,higgs_wcc_5628,science_news,2
higgs,higgs_wcc_5629,science_news,2
higgs,higgs_wcc_5630,science_news,2
higgs,higgs_wcc_5631,science_news,2
higgs,higgs_wcc_5632,science_news,2
higgs,higgs_wcc_5633,science_news,2
higgs,higgs_wcc_5634,science_news,2
higgs,higgs_wcc_5635,science_news,2
higgs,higgs_wcc_5636,science_news,2
higgs,higgs_wcc_5637,science_news,2
higgs,higgs_wcc_5638,science_news,2
higgs,higgs_wcc_5639,science_news,2
higgs,higgs_wcc_5640,science_news,2
higgs,higgs_wcc_5641,science_news,2
higgs,higgs_wcc_5642,science_news,2
higgs,higgs_wcc_5643,science_news,2
higgs,higgs_wcc_5644,science_news,2
higgs,higgs_wcc_5645,science_news,2
higgs,higgs_wcc_5646,science_news,2
higgs,higgs_wcc_5647,science_news,2
higgs,higgs_wcc_5648,science_news,2
higgs,higgs_wcc_5649,science_news,2
higgs,higgs_wcc_5650,science_news,2
higgs,higgs_wcc_5651,science_news,2
higgs,higgs_wcc_5652,science_news,2
higgs,higgs_wcc_5653,science_news,2
higgs,higgs_wcc_5654,science_news,2
higgs,higgs_wcc_5655,science_news,2
higgs,higgs_wcc_5656,science_news,2
higgs,higgs_wcc_5657,science_news,2
higgs,higgs_wcc_5658,science_news,2
higgs,higgs_wcc_5659,science_news,2
higgs,higgs_wcc_5660,science_news,2
higgs,higgs_wcc_5661,science_news,2
higgs,higgs_wcc_5662,science_news,2
higgs,higgs_wcc_5663,science_news,2
higgs,higgs_wcc_5664,science_news,2
higgs,higgs_wcc_5665,science_news,2
higgs,higgs_wcc_5666,science_news,2
higgs,higgs_wcc_5667,science_news,2
higgs,higgs_wcc_5668,science_news,2
higgs,higgs_wcc_5669,science_news,2
higgs,higgs_wcc_5670,science_news,2
higgs,higgs_wcc_5671,science_news,2
higgs,higgs_wcc_5672,science_news,2
higgs,higgs_wcc_5673,science_news,2
higgs,higgs_wcc_5674,science_news,2
higgs,higgs_wcc_5675,science_news,2
higgs,higgs_wcc_5676,science_news,2
higgs,higgs_wcc_5677,science_news,2
higgs,higgs_wcc_5678,science_news,2
higgs,higgs_wcc_5679,science_news,2
higgs,higgs_wcc_5680,science_news,2
higgs,higgs_wcc_5681,science_news,2
higgs,higgs_wcc_5682,science_news,2
higgs,higgs_wcc_5683,science_news,2
higgs,higgs_wcc_5684,science_news,2
higgs,higgs_wcc_5685,science_news,2
higgs,higgs_wcc_5686,science_news,2
higgs,higgs_wcc_5687,science_news,2
higgs,higgs_wcc_5688,science_news,2
higgs,higgs_wcc_5689,science_news,2
higgs,higgs_wcc_5690,science_news,2
higgs,higgs_wcc_5691,science_news,2
higgs,higgs_wcc_5692,science_news,2
higgs,higgs_wcc_5693,science_news,2
higgs,higgs_wcc_5694,science_news,2
higgs,higgs_wcc_5695,science_news,2
higgs,higgs_wcc_5696,science_news,2
higgs,higgs_wcc_5697,science_news,2
higgs,higgs_wcc_5698,science_news,2
higgs,higgs_wcc_5699,science_news,2
higgs,higgs_wcc_5700,science_news,2
higgs,higgs_wcc_5701,science_news,2
higgs,higgs_wcc_5702,science_news,2
higgs,higgs_wcc_5703,science_news,2
higgs,higgs_wcc_5704,science_news,2
higgs,higgs_wcc_5705,science_news,2
higgs,higgs_wcc_5706,science_news,2
higgs,higgs_wcc_5707,science_news,2
higgs,higgs_wcc_5708,science_news,2
higgs,higgs_wcc_5709,science_news,2
higgs,higgs_wcc_5710,science_news,2
higgs,higgs_wcc_5711,science_news,2
higgs,higgs_wcc_5712,science_news,2
higgs,higgs_wcc_5713,science_news,2
higgs,higgs_wcc_5714,science_news,2
higgs,higgs_wcc_5715,science_news,2
higgs,higgs_wcc_5716,science_news,2
higgs,higgs_wcc_5717,science_news,2
higgs,higgs_wcc_5718,science_news,2
higgs,higgs_wcc_5719,science_news,2
higgs,higgs_wcc_5720,science_news,2
higgs,higgs_wcc_5721,science_news,2
higgs,higgs_wcc_5722,science_news,2
higgs,higgs_wcc_5723,science_news,2
higgs,higgs_wcc_5724,science_news,2
higgs,higgs_wcc_5725,science_news,2
higgs,higgs_wcc_5726,science_news,2
higgs,higgs_wcc_5727,science_news,2
higgs,higgs_wcc_5728,science_news,2
higgs,higgs_wcc_5729,science_news,2
higgs,higgs_wcc_5730,science_news,2
higgs,higgs_wcc_5731,science_news,2
higgs,higgs_wcc_5732,science_news,2
higgs,higgs_wcc_5733,science_news,2
higgs,higgs_wcc_5734,science_news,2
higgs,higgs_wcc_5735,science_news,2
higgs,higgs_wcc_5736,science_news,2
higgs,higgs_wcc_5737,science_news,2
higgs,higgs_wcc_5738,science_news,2
higgs,higgs_wcc_5739,science_news,2
higgs,higgs_wcc_5740,science_news,2
higgs,higgs_wcc_5741,science_news,2
higgs,higgs_wcc_5742,science_news,2
higgs,higgs_wcc_5743,science_news,2
higgs,higgs_wcc_5744,science_news,2
higgs,higgs_wcc_5745,science_news,2
higgs,higgs_wcc_5746,science_news,2
higgs,higgs_wcc_5747,science_news,2
higgs,higgs_wcc_5748,science_news,2
higgs,higgs_wcc_5749,science_news,2
higgs,higgs_wcc_5750,science_news,2
higgs,higgs_wcc_5751,science_news,2
higgs,higgs_wcc_5752,science_news,2
higgs,higgs_wcc_5753,science_news,2
higgs,higgs_wcc_5754,science_news,2
higgs,higgs_wcc_5755,science_news,2
higgs,higgs_wcc_5756,science_news,2
higgs,higgs_wcc_5757,science_news,2
higgs,higgs_wcc_5758,science_news,2
higgs,higgs_wcc_5759,science_news,2
higgs,higgs_wcc_5760,science_news,2
higgs,higgs_wcc_5761,science_news,2
higgs,higgs_wcc_5762,science_news,2
higgs,higgs_wcc_5763,science_news,2
higgs,higgs_wcc_5764,science_news,2
higgs,higgs_wcc_5765,science_news,2
higgs,higgs_wcc_5766,science_news,2
higgs,higgs_wcc_5767,science_news,2
higgs,higgs_wcc_5768,science_news,2
higgs,higgs_wcc_5769,science_news,2
higgs,higgs_wcc_5770,science_news,2
higgs,higgs_wcc_5771,science_news,2
higgs,higgs_wcc_5772,science_news,2
higgs,higgs_wcc_5773,science_news,2
higgs,higgs_wcc_5774,science_news,2
higgs,higgs_wcc_5775,science_news,2
higgs,higgs_wcc_5776,science_news,2
higgs,higgs_wcc_5777,science_news,2
higgs,higgs_wcc_5778,science_news,2
higgs,higgs_wcc_5779,science_news,2
higgs,higgs_wcc_5780,science_news,2
higgs,higgs_wcc_5781,science_news,2
higgs,higgs_wcc_5782,science_news,2
higgs,higgs_wcc_5783,science_news,2
higgs,higgs_wcc_5784,science_news,2
higgs,higgs_wcc_5785,science_news,2
higgs,higgs_wcc_5786,science_news,2
higgs,higgs_wcc_5787,science_news,2
higgs,higgs_wcc_5788,science_news,2
higgs,higgs_wcc_5789,science_news,2
higgs,higgs_wcc_5790,science_news,2
higgs,higgs_wcc_5791,science_news,2
higgs,higgs_wcc_5792,science_news,2
higgs,higgs_wcc_5793,science_news,2
higgs,higgs_wcc_5794,science_news,2
higgs,higgs_wcc_5795,science_news,2
higgs,higgs_wcc_5796,science_news,2
higgs,higgs_wcc_5797,science_news,2
higgs,higgs_wcc_5798,science_news,2
higgs,higgs_wcc_5799,science_news,2
higgs,higgs_wcc_5800,science_news,2
higgs,higgs_wcc_5801,science_news,2
higgs,higgs_wcc_5802,science_news,2
higgs,higgs_wcc_5803,science_news,2
higgs,higgs_wcc_5804,science_news,2
higgs,higgs_wcc_5805,science_news,2
higgs,higgs_wcc_5806,science_news,2
higgs,higgs_wcc_5807,science_news,2
higgs,higgs_wcc_5808,science_news,2
higgs,higgs_wcc_5809,science_news,2
higgs,higgs_wcc_5810,science_news,2
higgs,higgs_wcc_5811,science_news,2
higgs,higgs_wcc_5812,science_news,2
higgs,higgs_wcc_5813,science_news,2
higgs,higgs_wcc_5814,science_news,2
higgs,higgs_wcc_5815,science_news,2
higgs,higgs_wcc_5816,science_news,2
higgs,higgs_wcc_5817,science_news,2
higgs,higgs_wcc_5818,science_news,2
higgs,higgs_wcc_5819,science_news,2
higgs,higgs_wcc_5820,science_news,2
higgs,higgs_wcc_5821,science_news,2
higgs,higgs_wcc_5822,science_news,2
higgs,higgs_wcc_5823,science_news,2
higgs,higgs_wcc_5824,science_news,2
higgs,higgs_wcc_5825,science_news,2
higgs,higgs_wcc_5826,science_news,2
higgs,higgs_wcc_5827,science_news,2
higgs,higgs_wcc_5828,science_news,2
higgs,higgs_wcc_5829,science_news,2
higgs,higgs_wcc_5830,science_news,2
higgs,higgs_wcc_5831,science_news,2
higgs,higgs_wcc_5832,science_news,2
higgs,higgs_wcc_5833,science_news,2
higgs,higgs_wcc_5834,science_news,2
higgs,higgs_wcc_5835,science_news,2
higgs,higgs_wcc_5836,science_news,2
higgs,higgs_wcc_5837,science_news,2
higgs,higgs_wcc_5838,science_news,2
higgs,higgs_wcc_5839,science_news,2
higgs,higgs_wcc_5840,science_news,2
higgs,higgs_wcc_5841,science_news,2
higgs,higgs_wcc_5842,science_news,2
higgs,higgs_wcc_5843,science_news,2
higgs,higgs_wcc_5844,science_news,2
higgs,higgs_wcc_5845,science_news,2
higgs,higgs_wcc_5846,science_news,2
higgs,higgs_wcc_5847,science_news,2
higgs,higgs_wcc_5848,science_news,2
higgs,higgs_wcc_5849,science_news,2
higgs,higgs_wcc_5850,science_news,2
higgs,higgs_wcc_5851,science_news,2
higgs,higgs_wcc_5852,science_news,2
higgs,higgs_wcc_5853,science_news,2
higgs,higgs_wcc_5854,science_news,2
higgs,higgs_wcc_5855,science_news,2
higgs,higgs_wcc_5856,science_news,2
higgs,higgs_wcc_5857,science_news,2
higgs,higgs_wcc_5858,science_news,2
higgs,higgs_wcc_5859,science_news,2
higgs,higgs_wcc_5860,science_news,2
higgs,higgs_wcc_5861,science_news,2
higgs,higgs_wcc_5862,science_news,2
higgs,higgs_wcc_5863,science_news,2
higgs,higgs_wcc_5864,science_news,2
higgs,higgs_wcc_5865,science_news,2
higgs,higgs_wcc_5866,science_news,2
higgs,higgs_wcc_5867,science_news,2
higgs,higgs_wcc_5868,science_news,2
higgs,higgs_wcc_5869,science_news,2
higgs,higgs_wcc_5870,science_news,2
higgs,higgs_wcc_5871,science_news,2
higgs,higgs_wcc_5872,science_news,2
higgs,higgs_wcc_5873,science_news,2
higgs,higgs_wcc_5874,science_news,2
higgs,higgs_wcc_5875,science_news,2
higgs,higgs_wcc_5876,science_news,2
higgs,higgs_wcc_5877,science_news,2
higgs,higgs_wcc_5878,science_news,2
higgs,higgs_wcc_5879,science_news,2
higgs,higgs_wcc_5880,science_news,2
higgs,higgs_wcc_5881,science_news,2
higgs,higgs_wcc_5882,science_news,2
higgs,higgs_wcc_5883,science_news,2
higgs,higgs_wcc_5884,science_news,2
higgs,higgs_wcc_5885,science_news,2
higgs,higgs_wcc_5886,science_news,2
higgs,higgs_wcc_5887,science_news,2
higgs,higgs_wcc_5888,science_news,2
higgs,higgs_wcc_5889,science_news,2
higgs,higgs_wcc_5890,science_news,2
higgs,higgs_wcc_5891,science_news,2
higgs,higgs_wcc_5892,science_news,2
higgs,higgs_wcc_5893,science_news,2
higgs,higgs_wcc_5894,science_news,2
higgs,higgs_wcc_5895,science_news,2
higgs,higgs_wcc_5896,science_news,2
higgs,higgs_wcc_5897,science_news,2
higgs,higgs_wcc_5898,science_news,2
higgs,higgs_wcc_5899,science_news,2
higgs,higgs_wcc_5900,science_news,2
higgs,higgs_wcc_5901,science_news,2
higgs,higgs_wcc_5902,science_news,2
higgs,higgs_wcc_5903,science_news,2
higgs,higgs_wcc_5904,science_news,2
higgs,higgs_wcc_5905,science_news,2
higgs,higgs_wcc_5906,science_news,2
higgs,higgs_wcc_5907,science_news,2
higgs,higgs_wcc_5908,science_news,2
higgs,higgs_wcc_5909,science_news,2
higgs,higgs_wcc_5910,science_news,2
higgs,higgs_wcc_5911,science_news,2
higgs,higgs_wcc_5912,science_news,2
higgs,higgs_wcc_5913,science_news,2
higgs,higgs_wcc_5914,science_news,2
higgs,higgs_wcc_5915,science_news,2
higgs,higgs_wcc_5916,science_news,2
higgs,higgs_wcc_5917,science_news,2
higgs,higgs_wcc_5918,science_news,2
higgs,higgs_wcc_5919,science_news,2
higgs,higgs_wcc_5920,science_news,2
higgs,higgs_wcc_5921,science_news,2
higgs,higgs_wcc_5922,science_news,2
higgs,higgs_wcc_5923,science_news,2
higgs,higgs_wcc_5924,science_news,2
higgs,higgs_wcc_5925,science_news,2
higgs,higgs_wcc_5926,science_news,2
higgs,higgs_wcc_5927,science_news,2
higgs,higgs_wcc_5928,science_news,2
higgs,higgs_wcc_5929,science_news,2
higgs,higgs_wcc_5930,science_news,2
higgs,higgs_wcc_5931,science_news,2
higgs,higgs_wcc_5932,science_news,2
higgs,higgs_wcc_5933,science_news,2
higgs,higgs_wcc_5934,science_news,2
higgs,higgs_wcc_5935,science_news,2
higgs,higgs_wcc_5936,science_news,2
higgs,higgs_wcc_5937,science_news,2
higgs,higgs_wcc_5938,science_news,2
higgs,higgs_wcc_5939,science_news,2
higgs,higgs_wcc_5940,science_news,2
higgs,higgs_wcc_5941,science_news,2
higgs,higgs_wcc_5942,science_news,2
higgs,higgs_wcc_5943,science_news,2
higgs,higgs_wcc_5944,science_news,2
higgs,higgs_wcc_5945,science_news,2
higgs,higgs_wcc_5946,science_news,2
higgs,higgs_wcc_5947,science_news,2
higgs,higgs_wcc_5948,science_news,2
higgs,higgs_wcc_5949,science_news,2
higgs,higgs_wcc_5950,science_news,2
higgs,higgs_wcc_5951,science_news,2
higgs,higgs_wcc_5952,science_news,2
higgs,higgs_wcc_5953,science_news,2
higgs,higgs_wcc_5954,science_news,2
higgs,higgs_wcc_5955,science_news,2
higgs,higgs_wcc_5956,science_news,2
higgs,higgs_wcc_5957,science_news,2
higgs,higgs_wcc_5958,science_news,2
higgs,higgs_wcc_5959,science_news,2
higgs,higgs_wcc_5960,science_news,2
higgs,higgs_wcc_5961,science_news,2
higgs,higgs_wcc_5962,science_news,2
higgs,higgs_wcc_5963,science_news,2
higgs,higgs_wcc_5964,science_news,2
higgs,higgs_wcc_5965,science_news,2
higgs,higgs_wcc_5966,science_news,2
higgs,higgs_wcc_5967,science_news,2
higgs,higgs_wcc_5968,science_news,2
higgs,higgs_wcc_5969,science_news,2
higgs,higgs_wcc_5970,science_news,2
higgs,higgs_wcc_5971,science_news,2
higgs,higgs_wcc_5972,science_news,2
higgs,higgs_wcc_5973,science_news,2
higgs,higgs_wcc_5974,science_news,2
higgs,higgs_wcc_5975,science_news,2
higgs,higgs_wcc_5976,science_news,2
higgs,higgs_wcc_5977,science_news,2
higgs,higgs_wcc_5978,science_news,2
higgs,higgs_wcc_5979,science_news,2
higgs,higgs_wcc_5980,science_news,2
higgs,higgs_wcc_5981,science_news,2
higgs,higgs_wcc_5982,science_news,2
higgs,higgs_wcc_5983,science_news,2
higgs,higgs_wcc_5984,science_news,2
higgs,higgs_wcc_5985,science_news,2
higgs,higgs_wcc_5986,science_news,2
higgs,higgs_wcc_5987,science_news,2
higgs,higgs_wcc_5988,science_news,2
higgs,higgs_wcc_5989,science_news,2
higgs,higgs_wcc_5990,science_news,2
higgs,higgs_wcc_5991,science_news,2
higgs,higgs_wcc_5992,science_news,2
higgs,higgs_wcc_5993,science_news,2
higgs,higgs_wcc_5994,science_news,2
higgs,higgs_wcc_5995,science_news,2
higgs,higgs_wcc_5996,science_news,2
higgs,higgs_wcc_5997,science_news,2
higgs,higgs_wcc_5998,science_news,2
higgs,higgs_wcc_5999,science_news,2
higgs,higgs_wcc_6000,science_news,2
higgs,higgs_wcc_6001,science_news,2
higgs,higgs_wcc_6002,science_news,2
higgs,higgs_wcc_6003,science_news,2
higgs,higgs_wcc_6004,science_news,2
higgs,higgs_wcc_6005,science_news,2
higgs,higgs_wcc_6006,science_news,2
higgs,higgs_wcc_6007,science_news,2
higgs,higgs_wcc_6008,science_news,2
higgs,higgs_wcc_6009,science_news,2
higgs,higgs_wcc_6010,science_news,2
higgs,higgs_wcc_6011,science_news,2
higgs,higgs_wcc_6012,science_news,2
higgs,higgs_wcc_6013,science_news,2
higgs,higgs_wcc_6014,science_news,2
higgs,higgs_wcc_6015,science_news,2
higgs,higgs_wcc_6016,science_news,2
higgs,higgs_wcc_6017,science_news,2
higgs,higgs_wcc_6018,science_news,2
higgs,higgs_wcc_6019,science_news,2
higgs,higgs_wcc_6020,science_news,2
higgs,higgs_wcc_6021,science_news,2
higgs,higgs_wcc_6022,science_news,2
higgs,higgs_wcc_6023,science_news,2
higgs,higgs_wcc_6024,science_news,2
higgs,higgs_wcc_6025,science_news,2
higgs,higgs_wcc_6026,science_news,2
higgs,higgs_wcc_6027,science_news,2
higgs,higgs_wcc_6028,science_news,2
higgs,higgs_wcc_6029,science_news,2
higgs,higgs_wcc_6030,science_news,2
higgs,higgs_wcc_6031,science_news,2
higgs,higgs_wcc_6032,science_news,2
higgs,higgs_wcc_6033,science_news,2
higgs,higgs_wcc_6034,science_news,2
higgs,higgs_wcc_6035,science_news,2
higgs,higgs_wcc_6036,science_news,2
higgs,higgs_wcc_6037,science_news,2
higgs,higgs_wcc_6038,science_news,2
higgs,higgs_wcc_6039,science_news,2
higgs,higgs_wcc_6040,science_news,2
higgs,higgs_wcc_6041,science_news,2
higgs,higgs_wcc_6042,science_news,2
higgs,higgs_wcc_6043,science_news,2
higgs,higgs_wcc_6044,science_news,2
higgs,higgs_wcc_6045,science_news,2
higgs,higgs_wcc_6046,science_news,2
higgs,higgs_wcc_6047,science_news,2
higgs,higgs_wcc_6048,science_news,2
higgs,higgs_wcc_6049,science_news,2
higgs,higgs_wcc_6050,science_news,2
higgs,higgs_wcc_6051,science_news,2
higgs,higgs_wcc_6052,science_news,2
higgs,higgs_wcc_6053,science_news,2
higgs,higgs_wcc_6054,science_news,2
higgs,higgs_wcc_6055,science_news,2
higgs,higgs_wcc_6056,science_news,2
higgs,higgs_wcc_6057,science_news,2
higgs,higgs_wcc_6058,science_news,2
higgs,higgs_wcc_6059,science_news,2
higgs,higgs_wcc_6060,science_news,2
higgs,higgs_wcc_6061,science_news,2
higgs,higgs_wcc_6062,science_news,2
higgs,higgs_wcc_6063,science_news,2
higgs,higgs_wcc_6064,science_news,2
higgs,higgs_wcc_6065,science_news,2
higgs,higgs_wcc_6066,science_news,2
higgs,higgs_wcc_6067,science_news,2
higgs,higgs_wcc_6068,science_news,2
higgs,higgs_wcc_6069,science_news,2
higgs,higgs_wcc_6070,science_news,2
higgs,higgs_wcc_6071,science_news,2
higgs,higgs_wcc_6072,science_news,2
higgs,higgs_wcc_6073,science_news,2
higgs,higgs_wcc_6074,science_news,2
higgs,higgs_wcc_6075,science_news,2
higgs,higgs_wcc_6076,science_news,2
higgs,higgs_wcc_6077,science_news,2
higgs,higgs_wcc_6078,science_news,2
higgs,higgs_wcc_6079,science_news,2
higgs,higgs_wcc_6080,science_news,2
higgs,higgs_wcc_6081,science_news,2
higgs,higgs_wcc_6082,science_news,2
higgs,higgs_wcc_6083,science_news,2
higgs,higgs_wcc_6084,science_news,2
higgs,higgs_wcc_6085,science_news,2
higgs,higgs_wcc_6086,science_news,2
higgs,higgs_wcc_6087,science_news,2
higgs,higgs_wcc_6088,science_news,2
higgs,higgs_wcc_6089,science_news,2
higgs,higgs_wcc_6090,science_news,2
higgs,higgs_wcc_6091,science_news,2
higgs,higgs_wcc_6092,science_news,2
higgs,higgs_wcc_6093,science_news,2
higgs,higgs_wcc_6094,science_news,2
higgs,higgs_wcc_6095,science_news,2
higgs,higgs_wcc_6096,science_news,2
higgs,higgs_wcc_6097,science_news,2
higgs,higgs_wcc_6098,science_news,2
higgs,higgs_wcc_6099,science_news,2
higgs,higgs_wcc_6100,science_news,2
higgs,higgs_wcc_6101,science_news,2
higgs,higgs_wcc_6102,science_news,2
higgs,higgs_wcc_6103,science_news,2
higgs,higgs_wcc_6104,science_news,2
higgs,higgs_wcc_6105,science_news,2
higgs,higgs_wcc_6106,science_news,2
higgs,higgs_wcc_6107,science_news,2
higgs,higgs_wcc_6108,science_news,2
higgs,higgs_wcc_6109,science_news,2
higgs,higgs_wcc_6110,science_news,2
higgs,higgs_wcc_6111,science_news,2
higgs,higgs_wcc_6112,science_news,2
higgs,higgs_wcc_6113,science_news,2
higgs,higgs_wcc_6114,science_news,2
higgs,higgs_wcc_6115,science_news,2
higgs,higgs_wcc_6116,science_news,2
higgs,higgs_wcc_6117,science_news,2
higgs,higgs_wcc_6118,science_news,2
higgs,higgs_wcc_6119,science_news,2
higgs,higgs_wcc_6120,science_news,2
higgs,higgs_wcc_6121,science_news,2
higgs,higgs_wcc_6122,science_news,2
higgs,higgs_wcc_6123,science_news,2
higgs,higgs_wcc_6124,science_news,2
higgs,higgs_wcc_6125,science_news,2
higgs,higgs_wcc_6126,science_news,2
higgs,higgs_wcc_6127,science_news,2
higgs,higgs_wcc_6128,science_news,2
higgs,higgs_wcc_6129,science_news,2
higgs,higgs_wcc_6130,science_news,2
higgs,higgs_wcc_6131,science_news,2
higgs,higgs_wcc_6132,science_news,2
higgs,higgs_wcc_6133,science_news,2
higgs,higgs_wcc_6134,science_news,2
higgs,higgs_wcc_6135,science_news,2
higgs,higgs_wcc_6136,science_news,2
higgs,higgs_wcc_6137,science_news,2
higgs,higgs_wcc_6138,science_news,2
higgs,higgs_wcc_6139,science_news,2
higgs,higgs_wcc_6140,science_news,2
higgs,higgs_wcc_6141,science_news,2
higgs,higgs_wcc_6142,science_news,2
higgs,higgs_wcc_6143,science_news,2
higgs,higgs_wcc_6144,science_news,2
higgs,higgs_wcc_6145,science_news,2
higgs,higgs_wcc_6146,science_news,2
higgs,higgs_wcc_6147,science_news,2
higgs,higgs_wcc_6148,science_news,2
higgs,higgs_wcc_6149,science_news,2
higgs,higgs_wcc_6150,science_news,2
higgs,higgs_wcc_6151,science_news,2
higgs,higgs_wcc_6152,science_news,2
higgs,higgs_wcc_6153,science_news,2
higgs,higgs_wcc_6154,science_news,2
higgs,higgs_wcc_6155,science_news,2
higgs,higgs_wcc_6156,science_news,2
higgs,higgs_wcc_6157,science_news,2
higgs,higgs_wcc_6158,science_news,2
higgs,higgs_wcc_6159,science_news,2
higgs,higgs_wcc_6160,science_news,2
higgs,higgs_wcc_6161,science_news,2
higgs,higgs_wcc_6162,science_news,2
higgs,higgs_wcc_6163,science_news,2
higgs,higgs_wcc_6164,science_news,2
higgs,higgs_wcc_6165,science_news,2
higgs,higgs_wcc_6166,science_news,2
higgs,higgs_wcc_6167,science_news,2
higgs,higgs_wcc_6168,science_news,2
higgs,higgs_wcc_6169,science_news,2
higgs,higgs_wcc_6170,science_news,2
higgs,higgs_wcc_6171,science_news,2
higgs,higgs_wcc_6172,science_news,2
higgs,higgs_wcc_6173,science_news,2
higgs,higgs_wcc_6174,science_news,2
higgs,higgs_wcc_6175,science_news,2
higgs,higgs_wcc_6176,science_news,2
higgs,higgs_wcc_6177,science_news,2
higgs,higgs_wcc_6178,science_news,2
higgs,higgs_wcc_6179,science_news,2
higgs,higgs_wcc_6180,science_news,2
higgs,higgs_wcc_6181,science_news,2
higgs,higgs_wcc_6182,science_news,2
higgs,higgs_wcc_6183,science_news,2
higgs,higgs_wcc_6184,science_news,2
higgs,higgs_wcc_6185,science_news,2
higgs,higgs_wcc_6186,science_news,2
higgs,higgs_wcc_6187,science_news,2
higgs,higgs_wcc_6188,science_news,2
higgs,higgs_wcc_6189,science_news,2
higgs,higgs_wcc_6190,science_news,2
higgs,higgs_wcc_6191,science_news,2
higgs,higgs_wcc_6192,science_news,2
higgs,higgs_wcc_6193,science_news,2
higgs,higgs_wcc_6194,science_news,2
higgs,higgs_wcc_6195,science_news,2
higgs,higgs_wcc_6196,science_news,2
higgs,higgs_wcc_6197,science_news,2
higgs,higgs_wcc_6198,science_news,2
higgs,higgs_wcc_6199,science_news,2
higgs,higgs_wcc_6200,science_news,2
higgs,higgs_wcc_6201,science_news,2
higgs,higgs_wcc_6202,science_news,2
higgs,higgs_wcc_6203,science_news,2
higgs,higgs_wcc_6204,science_news,2
higgs,higgs_wcc_6205,science_news,2
higgs,higgs_wcc_6206,science_news,2
higgs,higgs_wcc_6207,science_news,2
higgs,higgs_wcc_6208,science_news,2
higgs,higgs_wcc_6209,science_news,2
higgs,higgs_wcc_6210,science_news,2
higgs,higgs_wcc_6211,science_news,2
higgs,higgs_wcc_6212,science_news,2
higgs,higgs_wcc_6213,science_news,2
higgs,higgs_wcc_6214,science_news,2
higgs,higgs_wcc_6215,science_news,2
higgs,higgs_wcc_6216,science_news,2
higgs,higgs_wcc_6217,science_news,2
higgs,higgs_wcc_6218,science_news,2
higgs,higgs_wcc_6219,science_news,2
higgs,higgs_wcc_6220,science_news,2
higgs,higgs_wcc_6221,science_news,2
higgs,higgs_wcc_6222,science_news,2
higgs,higgs_wcc_6223,science_news,2
higgs,higgs_wcc_6224,science_news,2
higgs,higgs_wcc_6225,science_news,2
higgs,higgs_wcc_6226,science_news,2
higgs,higgs_wcc_6227,science_news,2
higgs,higgs_wcc_6228,science_news,2
higgs,higgs_wcc_6229,science_news,2
higgs,higgs_wcc_6230,science_news,2
higgs,higgs_wcc_6231,science_news,2
higgs,higgs_wcc_6232,science_news,2
higgs,higgs_wcc_6233,science_news,2
higgs,higgs_wcc_6234,science_news,2
higgs,higgs_wcc_6235,science_news,2
higgs,higgs_wcc_6236,science_news,2
higgs,higgs_wcc_6237,science_news,2
higgs,higgs_wcc_6238,science_news,2
higgs,higgs_wcc_6239,science_news,2
higgs,higgs_wcc_6240,science_news,2
higgs,higgs_wcc_6241,science_news,2
higgs,higgs_wcc_6242,science_news,2
higgs,higgs_wcc_6243,science_news,2
higgs,higgs_wcc_6244,science_news,2
higgs,higgs_wcc_6245,science_news,2
higgs,higgs_wcc_6246,science_news,2
higgs,higgs_wcc_6247,science_news,2
higgs,higgs_wcc_6248,science_news,2
higgs,higgs_wcc_6249,science_news,2
higgs,higgs_wcc_6250,science_news,2
higgs,higgs_wcc_6251,science_news,2
higgs,higgs_wcc_6252,science_news,2
higgs,higgs_wcc_6253,science_news,2
higgs,higgs_wcc_6254,science_news,2
higgs,higgs_wcc_6255,science_news,2
higgs,higgs_wcc_6256,science_news,2
higgs,higgs_wcc_6257,science_news,2
higgs,higgs_wcc_6258,science_news,2
higgs,higgs_wcc_6259,science_news,2
higgs,higgs_wcc_6260,science_news,2
higgs,higgs_wcc_6261,science_news,2
higgs,higgs_wcc_6262,science_news,2
higgs,higgs_wcc_6263,science_news,2
higgs,higgs_wcc_6264,science_news,2
higgs,higgs_wcc_6265,science_news,2
higgs,higgs_wcc_6266,science_news,2
higgs,higgs_wcc_6267,science_news,2
higgs,higgs_wcc_6268,science_news,2
higgs,higgs_wcc_6269,science_news,2
higgs,higgs_wcc_6270,science_news,2
higgs,higgs_wcc_6271,science_news,2
higgs,higgs_wcc_6272,science_news,2
higgs,higgs_wcc_6273,science_news,2
higgs,higgs_wcc_6274,science_news,2
higgs,higgs_wcc_6275,science_news,2
higgs,higgs_wcc_6276,science_news,2
higgs,higgs_wcc_6277,science_news,2
higgs,higgs_wcc_6278,science_news,2
higgs,higgs_wcc_6279,science_news,2
higgs,higgs_wcc_6280,science_news,2
higgs,higgs_wcc_6281,science_news,2
higgs,higgs_wcc_6282,science_news,2
higgs,higgs_wcc_6283,science_news,2
higgs,higgs_wcc_6284,science_news,2
higgs,higgs_wcc_6285,science_news,2
higgs,higgs_wcc_6286,science_news,2
higgs,higgs_wcc_6287,science_news,2
higgs,higgs_wcc_6288,science_news,2
higgs,higgs_wcc_6289,science_news,2
higgs,higgs_wcc_6290,science_news,2
higgs,higgs_wcc_6291,science_news,2
higgs,higgs_wcc_6292,science_news,2
higgs,higgs_wcc_6293,science_news,2
higgs,higgs_wcc_6294,science_news,2
higgs,higgs_wcc_6295,science_news,2
higgs,higgs_wcc_6296,science_news,2
higgs,higgs_wcc_6297,science_news,2
higgs,higgs_wcc_6298,science_news,2
higgs,higgs_wcc_6299,science_news,2
higgs,higgs_wcc_6300,science_news,2
higgs,higgs_wcc_6301,science_news,2
higgs,higgs_wcc_6302,science_news,2
higgs,higgs_wcc_6303,science_news,2
higgs,higgs_wcc_6304,science_news,2
higgs,higgs_wcc_6305,science_news,2
higgs,higgs_wcc_6306,science_news,2
higgs,higgs_wcc_6307,science_news,2
higgs,higgs_wcc_6308,science_news,2
higgs,higgs_wcc_6309,science_news,2
higgs,higgs_wcc_6310,science_news,2
higgs,higgs_wcc_6311,science_news,2
higgs,higgs_wcc_6312,science_news,2
higgs,higgs_wcc_6313,science_news,2
higgs,higgs_wcc_6314,science_news,2
higgs,higgs_wcc_6315,science_news,2
higgs,higgs_wcc_6316,science_news,2
higgs,higgs_wcc_6317,science_news,2
higgs,higgs_wcc_6318,science_news,2
higgs,higgs_wcc_6319,science_news,2
higgs,higgs_wcc_6320,science_news,2
higgs,higgs_wcc_6321,science_news,2
higgs,higgs_wcc_6322,science_news,2
higgs,higgs_wcc_6323,science_news,2
higgs,higgs_wcc_6324,science_news,2
higgs,higgs_wcc_6325,science_news,2
higgs,higgs_wcc_6326,science_news,2
higgs,higgs_wcc_6327,science_news,2
higgs,higgs_wcc_6328,science_news,2
higgs,higgs_wcc_6329,science_news,2
higgs,higgs_wcc_6330,science_news,2
higgs,higgs_wcc_6331,science_news,2
higgs,higgs_wcc_6332,science_news,2
higgs,higgs_wcc_6333,science_news,2
higgs,higgs_wcc_6334,science_news,2
higgs,higgs_wcc_6335,science_news,2
higgs,higgs_wcc_6336,science_news,2
higgs,higgs_wcc_6337,science_news,2
higgs,higgs_wcc_6338,science_news,2
higgs,higgs_wcc_6339,science_news,2
higgs,higgs_wcc_6340,science_news,2
higgs,higgs_wcc_6341,science_news,2
higgs,higgs_wcc_6342,science_news,2
higgs,higgs_wcc_6343,science_news,2
higgs,higgs_wcc_6344,science_news,2
higgs,higgs_wcc_6345,science_news,2
higgs,higgs_wcc_6346,science_news,2
higgs,higgs_wcc_6347,science_news,2
higgs,higgs_wcc_6348,science_news,2
higgs,higgs_wcc_6349,science_news,2
higgs,higgs_wcc_6350,science_news,2
higgs,higgs_wcc_6351,science_news,2
higgs,higgs_wcc_6352,science_news,2
higgs,higgs_wcc_6353,science_news,2
higgs,higgs_wcc_6354,science_news,2
higgs,higgs_wcc_6355,science_news,2
higgs,higgs_wcc_6356,science_news,2
higgs,higgs_wcc_6357,science_news,2
higgs,higgs_wcc_6358,science_news,2
higgs,higgs_wcc_6359,science_news,2
higgs,higgs_wcc_6360,science_news,2
higgs,higgs_wcc_6361,science_news,2
higgs,higgs_wcc_6362,science_news,2
higgs,higgs_wcc_6363,science_news,2
higgs,higgs_wcc_6364,science_news,2
higgs,higgs_wcc_6365,science_news,2
higgs,higgs_wcc_6366,science_news,2
higgs,higgs_wcc_6367,science_news,2
higgs,higgs_wcc_6368,science_news,2
higgs,higgs_wcc_6369,science_news,2
higgs,higgs_wcc_6370,science_news,2
higgs,higgs_wcc_6371,science_news,2
higgs,higgs_wcc_6372,science_news,2
higgs,higgs_wcc_6373,science_news,2
higgs,higgs_wcc_6374,science_news,2
higgs,higgs_wcc_6375,science_news,2
higgs,higgs_wcc_6376,science_news,2
higgs,higgs_wcc_6377,science_news,2
higgs,higgs_wcc_6378,science_news,2
higgs,higgs_wcc_6379,science_news,2
higgs,higgs_wcc_6380,science_news,2
higgs,higgs_wcc_6381,science_news,2
higgs,higgs_wcc_6382,science_news,2
higgs,higgs_wcc_6383,science_news,2
higgs,higgs_wcc_6384,science_news,2
higgs,higgs_wcc_6385,science_news,2
higgs,higgs_wcc_6386,science_news,2
higgs,higgs_wcc_6387,science_news,2
higgs,higgs_wcc_6388,science_news,2
higgs,higgs_wcc_6389,science_news,2
higgs,higgs_wcc_6390,science_news,2
higgs,higgs_wcc_6391,science_news,2
higgs,higgs_wcc_6392,science_news,2
higgs,higgs_wcc_6393,science_news,2
higgs,higgs_wcc_6394,science_news,2
higgs,higgs_wcc_6395,science_news,2
higgs,higgs_wcc_6396,science_news,2
higgs,higgs_wcc_6397,science_news,2
higgs,higgs_wcc_6398,science_news,2
higgs,higgs_wcc_6399,science_news,2
higgs,higgs_wcc_6400,science_news,2
higgs,higgs_wcc_6401,science_news,2
higgs,higgs_wcc_6402,science_news,2
higgs,higgs_wcc_6403,science_news,2
higgs,higgs_wcc_6404,science_news,2
higgs,higgs_wcc_6405,science_news,2
higgs,higgs_wcc_6406,science_news,2
higgs,higgs_wcc_6407,science_news,2
higgs,higgs_wcc_6408,science_news,2
higgs,higgs_wcc_6409,science_news,2
higgs,higgs_wcc_6410,science_news,2
higgs,higgs_wcc_6411,science_news,2
higgs,higgs_wcc_6412,science_news,2
higgs,higgs_wcc_6413,science_news,2
higgs,higgs_wcc_6414,science_news,2
higgs,higgs_wcc_6415,science_news,2
higgs,higgs_wcc_6416,science_news,2
higgs,higgs_wcc_6417,science_news,2
higgs,higgs_wcc_6418,science_news,2
higgs,higgs_wcc_6419,science_news,2
higgs,higgs_wcc_6420,science_news,2
higgs,higgs_wcc_6421,science_news,2
higgs,higgs_wcc_6422,science_news,2
higgs,higgs_wcc_6423,science_news,2
higgs,higgs_wcc_6424,science_news,2
higgs,higgs_wcc_6425,science_news,2
higgs,higgs_wcc_6426,science_news,2
higgs,higgs_wcc_6427,science_news,2
higgs,higgs_wcc_6428,science_news,2
higgs,higgs_wcc_6429,science_news,2
higgs,higgs_wcc_6430,science_news,2
higgs,higgs_wcc_6431,science_news,2
higgs,higgs_wcc_6432,science_news,2
higgs,higgs_wcc_6433,science_news,2
higgs,higgs_wcc_6434,science_news,2
higgs,higgs_wcc_6435,science_news,2
higgs,higgs_wcc_6436,science_news,2
higgs,higgs_wcc_6437,science_news,2
higgs,higgs_wcc_6438,science_news,2
higgs,higgs_wcc_6439,science_news,2
higgs,higgs_wcc_6440,science_news,2
higgs,higgs_wcc_6441,science_news,2
higgs,higgs_wcc_6442,science_news,2
higgs,higgs_wcc_6443,science_news,2
higgs,higgs_wcc_6444,science_news,2
higgs,higgs_wcc_6445,science_news,2
higgs,higgs_wcc_6446,science_news,2
higgs,higgs_wcc_6447,science_news,2
higgs,higgs_wcc_6448,science_news,2
higgs,higgs_wcc_6449,science_news,2
higgs,higgs_wcc_6450,science_news,2
higgs,higgs_wcc_6451,science_news,2
higgs,higgs_wcc_6452,science_news,2
higgs,higgs_wcc_6453,science_news,2
higgs,higgs_wcc_6454,science_news,2
higgs,higgs_wcc_6455,science_news,2
higgs,higgs_wcc_6456,science_news,2
higgs,higgs_wcc_6457,science_news,2
higgs,higgs_wcc_6458,science_news,2
higgs,higgs_wcc_6459,science_news,2
higgs,higgs_wcc_6460,science_news,2
higgs,higgs_wcc_6461,science_news,2
higgs,higgs_wcc_6462,science_news,2
higgs,higgs_wcc_6463,science_news,2
higgs,higgs_wcc_6464,science_news,2
higgs,higgs_wcc_6465,science_news,2
higgs,higgs_wcc_6466,science_news,2
higgs,higgs_wcc_6467,science_news,2
higgs,higgs_wcc_6468,science_news,2
higgs,higgs_wcc_6469,science_news,2
higgs,higgs_wcc_6470,science_news,2
higgs,higgs_wcc_6471,science_news,2
higgs,higgs_wcc_6472,science_news,2
higgs,higgs_wcc_6473,science_news,2
higgs,higgs_wcc_6474,science_news,2
higgs,higgs_wcc_6475,science_news,2
higgs,higgs_wcc_6476,science_news,2
higgs,higgs_wcc_6477,science_news,2
higgs,higgs_wcc_6478,science_news,2
higgs,higgs_wcc_6479,science_news,2
higgs,higgs_wcc_6480,science_news,2
higgs,higgs_wcc_6481,science_news,2
higgs,higgs_wcc_6482,science_news,2
higgs,higgs_wcc_6483,science_news,2
higgs,higgs_wcc_6484,science_news,2
higgs,higgs_wcc_6485,science_news,2
higgs,higgs_wcc_6486,science_news,2
higgs,higgs_wcc_6487,science_news,2
higgs,higgs_wcc_6488,science_news,2
higgs,higgs_wcc_6489,science_news,2
higgs,higgs_wcc_6490,science_news,2
higgs,higgs_wcc_6491,science_news,2
higgs,higgs_wcc_6492,science_news,2
higgs,higgs_wcc_6493,science_news,2
higgs,higgs_wcc_6494,science_news,2
higgs,higgs_wcc_6495,science_news,2
higgs,higgs_wcc_6496,science_news,2
higgs,higgs_wcc_6497,science_news,2
higgs,higgs_wcc_6498,science_news,2
higgs,higgs_wcc_6499,science_news,2
higgs,higgs_wcc_6500,science_news,2
higgs,higgs_wcc_6501,science_news,2
higgs,higgs_wcc_6502,science_news,2
higgs,higgs_wcc_6503,science_news,2
higgs,higgs_wcc_6504,science_news,2
higgs,higgs_wcc_6505,science_news,2
higgs,higgs_wcc_6506,science_news,2
higgs,higgs_wcc_6507,science_news,2
higgs,higgs_wcc_6508,science_news,2
higgs,higgs_wcc_6509,science_news,2
higgs,higgs_wcc_6510,science_news,2
higgs,higgs_wcc_6511,science_news,2
higgs,higgs_wcc_6512,science_news,2
higgs,higgs_wcc_6513,science_news,2
higgs,higgs_wcc_6514,science_news,2
higgs,higgs_wcc_6515,science_news,2
higgs,higgs_wcc_6516,science_news,2
higgs,higgs_wcc_6517,science_news,2
higgs,higgs_wcc_6518,science_news,2
higgs,higgs_wcc_6519,science_news,2
higgs,higgs_wcc_6520,science_news,2
higgs,higgs_wcc_6521,science_news,2
higgs,higgs_wcc_6522,science_news,2
higgs,higgs_wcc_6523,science_news,2
higgs,higgs_wcc_6524,science_news,2
higgs,higgs_wcc_6525,science_news,2
higgs,higgs_wcc_6526,science_news,2
higgs,higgs_wcc_6527,science_news,2
higgs,higgs_wcc_6528,science_news,2
higgs,higgs_wcc_6529,science_news,2
higgs,higgs_wcc_6530,science_news,2
higgs,higgs_wcc_6531,science_news,2
higgs,higgs_wcc_6532,science_news,2
higgs,higgs_wcc_6533,science_news,2
higgs,higgs_wcc_6534,science_news,2
higgs,higgs_wcc_6535,science_news,2
higgs,higgs_wcc_6536,science_news,2
higgs,higgs_wcc_6537,science_news,2
higgs,higgs_wcc_6538,science_news,2
higgs,higgs_wcc_6539,science_news,2
higgs,higgs_wcc_6540,science_news,2
higgs,higgs_wcc_6541,science_news,2
higgs,higgs_wcc_6542,science_news,2
higgs,higgs_wcc_6543,science_news,2
higgs,higgs_wcc_6544,science_news,2
higgs,higgs_wcc_6545,science_news,2
higgs,higgs_wcc_6546,science_news,2
higgs,higgs_wcc_6547,science_news,2
higgs,higgs_wcc_6548,science_news,2
higgs,higgs_wcc_6549,science_news,2
higgs,higgs_wcc_6550,science_news,2
higgs,higgs_wcc_6551,science_news,2
higgs,higgs_wcc_6552,science_news,2
higgs,higgs_wcc_6553,science_news,2
higgs,higgs_wcc_6554,science_news,2
higgs,higgs_wcc_6555,science_news,2
higgs,higgs_wcc_6556,science_news,2
higgs,higgs_wcc_6557,science_news,2
higgs,higgs_wcc_6558,science_news,2
higgs,higgs_wcc_6559,science_news,2
higgs,higgs_wcc_6560,science_news,2
higgs,higgs_wcc_6561,science_news,2
higgs,higgs_wcc_6562,science_news,2
higgs,higgs_wcc_6563,science_news,2
higgs,higgs_wcc_6564,science_news,2
higgs,higgs_wcc_6565,science_news,2
higgs,higgs_wcc_6566,science_news,2
higgs,higgs_wcc_6567,science_news,2
higgs,higgs_wcc_6568,science_news,2
higgs,higgs_wcc_6569,science_news,2
higgs,higgs_wcc_6570,science_news,2
higgs,higgs_wcc_6571,science_news,2
higgs,higgs_wcc_6572,science_news,2
higgs,higgs_wcc_6573,science_news,2
higgs,higgs_wcc_6574,science_news,2
higgs,higgs_wcc_6575,science_news,2
higgs,higgs_wcc_6576,science_news,2
higgs,higgs_wcc_6577,science_news,2
higgs,higgs_wcc_6578,science_news,2
higgs,higgs_wcc_6579,science_news,2
higgs,higgs_wcc_6580,science_news,2
higgs,higgs_wcc_6581,science_news,2
higgs,higgs_wcc_6582,science_news,2
higgs,higgs_wcc_6583,science_news,2
higgs,higgs_wcc_6584,science_news,2
higgs,higgs_wcc_6585,science_news,2
higgs,higgs_wcc_6586,science_news,2
higgs,higgs_wcc_6587,science_news,2
higgs,higgs_wcc_6588,science_news,2
higgs,higgs_wcc_6589,science_news,2
higgs,higgs_wcc_6590,science_news,2
higgs,higgs_wcc_6591,science_news,2
higgs,higgs_wcc_6592,science_news,2
higgs,higgs_wcc_6593,science_news,2
higgs,higgs_wcc_6594,science_news,2
higgs,higgs_wcc_6595,science_news,2
higgs,higgs_wcc_6596,science_news,2
higgs,higgs_wcc_6597,science_news,2
higgs,higgs_wcc_6598,science_news,2
higgs,higgs_wcc_6599,science_news,2
higgs,higgs_wcc_6600,science_news,2
higgs,higgs_wcc_6601,science_news,2
higgs,higgs_wcc_6602,science_news,2
higgs,higgs_wcc_6603,science_news,2
higgs,higgs_wcc_6604,science_news,2
higgs,higgs_wcc_6605,science_news,2
higgs,higgs_wcc_6606,science_news,2
higgs,higgs_wcc_6607,science_news,2
higgs,higgs_wcc_6608,science_news,2
higgs,higgs_wcc_6609,science_news,2
higgs,higgs_wcc_6610,science_news,2
higgs,higgs_wcc_6611,science_news,2
higgs,higgs_wcc_6612,science_news,2
higgs,higgs_wcc_6613,science_news,2
higgs,higgs_wcc_6614,science_news,2
higgs,higgs_wcc_6615,science_news,2
higgs,higgs_wcc_6616,science_news,2
higgs,higgs_wcc_6617,science_news,2
higgs,higgs_wcc_6618,science_news,2
higgs,higgs_wcc_6619,science_news,2
higgs,higgs_wcc_6620,science_news,2
higgs,higgs_wcc_6621,science_news,2
higgs,higgs_wcc_6622,science_news,2
higgs,higgs_wcc_6623,science_news,2
higgs,higgs_wcc_6624,science_news,2
higgs,higgs_wcc_6625,science_news,2
higgs,higgs_wcc_6626,science_news,2
higgs,higgs_wcc_6627,science_news,2
higgs,higgs_wcc_6628,science_news,2
higgs,higgs_wcc_6629,science_news,2
higgs,higgs_wcc_6630,science_news,2
higgs,higgs_wcc_6631,science_news,2
higgs,higgs_wcc_6632,science_news,2
higgs,higgs_wcc_6633,science_news,2
higgs,higgs_wcc_6634,science_news,2
higgs,higgs_wcc_6635,science_news,2
higgs,higgs_wcc_6636,science_news,2
higgs,higgs_wcc_6637,science_news,2
higgs,higgs_wcc_6638,science_news,2
higgs,higgs_wcc_6639,science_news,2
higgs,higgs_wcc_6640,science_news,2
higgs,higgs_wcc_6641,science_news,2
higgs,higgs_wcc_6642,science_news,2
higgs,higgs_wcc_6643,science_news,2
higgs,higgs_wcc_6644,science_news,2
higgs,higgs_wcc_6645,science_news,2
higgs,higgs_wcc_6646,science_news,2
higgs,higgs_wcc_6647,science_news,2
higgs,higgs_wcc_6648,science_news,2
higgs,higgs_wcc_6649,science_news,2
higgs,higgs_wcc_6650,science_news,2
higgs,higgs_wcc_6651,science_news,2
higgs,higgs_wcc_6652,science_news,2
higgs,higgs_wcc_6653,science_news,2
higgs,higgs_wcc_6654,science_news,2
higgs,higgs_wcc_6655,science_news,2
higgs,higgs_wcc_6656,science_news,2
higgs,higgs_wcc_6657,science_news,2
higgs,higgs_wcc_6658,science_news,2
higgs,higgs_wcc_6659,science_news,2
higgs,higgs_wcc_6660,science_news,2
higgs,higgs_wcc_6661,science_news,2
higgs,higgs_wcc_6662,science_news,2
higgs,higgs_wcc_6663,science_news,2
higgs,higgs_wcc_6664,science_news,2
higgs,higgs_wcc_6665,science_news,2
higgs,higgs_wcc_6666,science_news,2
higgs,higgs_wcc_6667,science_news,2
higgs,higgs_wcc_6668,science_news,2
higgs,higgs_wcc_6669,science_news,2
higgs,higgs_wcc_6670,science_news,2
higgs,higgs_wcc_6671,science_news,2
higgs,higgs_wcc_6672,science_news,2
higgs,higgs_wcc_6673,science_news,2
higgs,higgs_wcc_6674,science_news,2
higgs,higgs_wcc_6675,science_news,2
higgs,higgs_wcc_6676,science_news,2
higgs,higgs_wcc_6677,science_news,2
higgs,higgs_wcc_6678,science_news,2
higgs,higgs_wcc_6679,science_news,2
higgs,higgs_wcc_6680,science_news,2
higgs,higgs_wcc_6681,science_news,2
higgs,higgs_wcc_6682,science_news,2
higgs,higgs_wcc_6683,science_news,2
higgs,higgs_wcc_6684,science_news,2
higgs,higgs_wcc_6685,science_news,2
higgs,higgs_wcc_6686,science_news,2
higgs,higgs_wcc_6687,science_news,2
higgs,higgs_wcc_6688,science_news,2
higgs,higgs_wcc_6689,science_news,2
higgs,higgs_wcc_6690,science_news,2
higgs,higgs_wcc_6691,science_news,2
higgs,higgs_wcc_6692,science_news,2
higgs,higgs_wcc_6693,science_news,2
higgs,higgs_wcc_6694,science_news,2
higgs,higgs_wcc_6695,science_news,2
higgs,higgs_wcc_6696,science_news,2
higgs,higgs_wcc_6697,science_news,2
higgs,higgs_wcc_6698,science_news,2
higgs,higgs_wcc_6699,science_news,2
higgs,higgs_wcc_6700,science_news,2
higgs,higgs_wcc_6701,science_news,2
higgs,higgs_wcc_6702,science_news,2
higgs,higgs_wcc_6703,science_news,2
higgs,higgs_wcc_6704,science_news,2
higgs,higgs_wcc_6705,science_news,2
higgs,higgs_wcc_6706,science_news,2
higgs,higgs_wcc_6707,science_news,2
higgs,higgs_wcc_6708,science_news,2
higgs,higgs_wcc_6709,science_news,2
higgs,higgs_wcc_6710,science_news,2
higgs,higgs_wcc_6711,science_news,2
higgs,higgs_wcc_6712,science_news,2
higgs,higgs_wcc_6713,science_news,2
higgs,higgs_wcc_6714,science_news,2
higgs,higgs_wcc_6715,science_news,2
higgs,higgs_wcc_6716,science_news,2
higgs,higgs_wcc_6717,science_news,2
higgs,higgs_wcc_6718,science_news,2
higgs,higgs_wcc_6719,science_news,2
higgs,higgs_wcc_6720,science_news,2
higgs,higgs_wcc_6721,science_news,2
higgs,higgs_wcc_6722,science_news,2
higgs,higgs_wcc_6723,science_news,2
higgs,higgs_wcc_6724,science_news,2
higgs,higgs_wcc_6725,science_news,2
higgs,higgs_wcc_6726,science_news,2
higgs,higgs_wcc_6727,science_news,2
higgs,higgs_wcc_6728,science_news,2
higgs,higgs_wcc_6729,science_news,2
higgs,higgs_wcc_6730,science_news,2
higgs,higgs_wcc_6731,science_news,2
higgs,higgs_wcc_6732,science_news,2
higgs,higgs_wcc_6733,science_news,2
higgs,higgs_wcc_6734,science_news,2
higgs,higgs_wcc_6735,science_news,2
higgs,higgs_wcc_6736,science_news,2
higgs,higgs_wcc_6737,science_news,2
higgs,higgs_wcc_6738,science_news,2
higgs,higgs_wcc_6739,science_news,2
higgs,higgs_wcc_6740,science_news,2
higgs,higgs_wcc_6741,science_news,2
higgs,higgs_wcc_6742,science_news,2
higgs,higgs_wcc_6743,science_news,2
higgs,higgs_wcc_6744,science_news,2
higgs,higgs_wcc_6745,science_news,2
higgs,higgs_wcc_6746,science_news,2
higgs,higgs_wcc_6747,science_news,2
higgs,higgs_wcc_6748,science_news,2
higgs,higgs_wcc_6749,science_news,2
higgs,higgs_wcc_6750,science_news,2
higgs,higgs_wcc_6751,science_news,2
higgs,higgs_wcc_6752,science_news,2
higgs,higgs_wcc_6753,science_news,2
higgs,higgs_wcc_6754,science_news,2
higgs,higgs_wcc_6755,science_news,2
higgs,higgs_wcc_6756,science_news,2
higgs,higgs_wcc_6757,science_news,2
higgs,higgs_wcc_6758,science_news,2
higgs,higgs_wcc_6759,science_news,2
higgs,higgs_wcc_6760,science_news,2
higgs,higgs_wcc_6761,science_news,2
higgs,higgs_wcc_6762,science_news,2
higgs,higgs_wcc_6763,science_news,2
higgs,higgs_wcc_6764,science_news,2
higgs,higgs_wcc_6765,science_news,2
higgs,higgs_wcc_6766,science_news,2
higgs,higgs_wcc_6767,science_news,2
higgs,higgs_wcc_6768,science_news,2
higgs,higgs_wcc_6769,science_news,2
higgs,higgs_wcc_6770,science_news,2
higgs,higgs_wcc_6771,science_news,2
higgs,higgs_wcc_6772,science_news,2
higgs,higgs_wcc_6773,science_news,2
higgs,higgs_wcc_6774,science_news,2
higgs,higgs_wcc_6775,science_news,2
higgs,higgs_wcc_6776,science_news,2
higgs,higgs_wcc_6777,science_news,2
higgs,higgs_wcc_6778,science_news,2
higgs,higgs_wcc_6779,science_news,2
higgs,higgs_wcc_6780,science_news,2
higgs,higgs_wcc_6781,science_news,2
higgs,higgs_wcc_6782,science_news,2
higgs,higgs_wcc_6783,science_news,2
higgs,higgs_wcc_6784,science_news,2
higgs,higgs_wcc_6785,science_news,2
higgs,higgs_wcc_6786,science_news,2
higgs,higgs_wcc_6787,science_news,2
higgs,higgs_wcc_6788,science_news,2
higgs,higgs_wcc_6789,science_news,2
higgs,higgs_wcc_6790,science_news,2
higgs,higgs_wcc_6791,science_news,2
higgs,higgs_wcc_6792,science_news,2
higgs,higgs_wcc_6793,science_news,2
higgs,higgs_wcc_6794,science_news,2
higgs,higgs_wcc_6795,science_news,2
higgs,higgs_wcc_6796,science_news,2
higgs,higgs_wcc_6797,science_news,2
higgs,higgs_wcc_6798,science_news,2
higgs,higgs_wcc_6799,science_news,2
higgs,higgs_wcc_6800,science_news,2
higgs,higgs_wcc_6801,science_news,2
higgs,higgs_wcc_6802,science_news,2
higgs,higgs_wcc_6803,science_news,2
higgs,higgs_wcc_6804,science_news,2
higgs,higgs_wcc_6805,science_news,2
higgs,higgs_wcc_6806,science_news,2
higgs,higgs_wcc_6807,science_news,2
higgs,higgs_wcc_6808,science_news,2
higgs,higgs_wcc_6809,science_news,2
higgs,higgs_wcc_6810,science_news,2
higgs,higgs_wcc_6811,science_news,2
higgs,higgs_wcc_6812,science_news,2
higgs,higgs_wcc_6813,science_news,2
higgs,higgs_wcc_6814,science_news,2
higgs,higgs_wcc_6815,science_news,2
higgs,higgs_wcc_6816,science_news,2
higgs,higgs_wcc_6817,science_news,2
higgs,higgs_wcc_6818,science_news,2
higgs,higgs_wcc_6819,science_news,2
higgs,higgs_wcc_6820,science_news,2
higgs,higgs_wcc_6821,science_news,2
higgs,higgs_wcc_6822,science_news,2
higgs,higgs_wcc_6823,science_news,2
higgs,higgs_wcc_6824,science_news,2
higgs,higgs_wcc_6825,science_news,2
higgs,higgs_wcc_6826,science_news,2
higgs,higgs_wcc_6827,science_news,2
higgs,higgs_wcc_6828,science_news,2
higgs,higgs_wcc_6829,science_news,2
higgs,higgs_wcc_6830,science_news,2
higgs,higgs_wcc_6831,science_news,2
higgs,higgs_wcc_6832,science_news,2
higgs,higgs_wcc_6833,science_news,2
higgs,higgs_wcc_6834,science_news,2
higgs,higgs_wcc_6835,science_news,2
higgs,higgs_wcc_6836,science_news,2
higgs,higgs_wcc_6837,science_news,2
higgs,higgs_wcc_6838,science_news,2
higgs,higgs_wcc_6839,science_news,2
higgs,higgs_wcc_6840,science_news,2
higgs,higgs_wcc_6841,science_news,2
higgs,higgs_wcc_6842,science_news,2
higgs,higgs_wcc_6843,science_news,2
higgs,higgs_wcc_6844,science_news,2
higgs,higgs_wcc_6845,science_news,2
higgs,higgs_wcc_6846,science_news,2
higgs,higgs_wcc_6847,science_news,2
higgs,higgs_wcc_6848,science_news,2
higgs,higgs_wcc_6849,science_news,2
higgs,higgs_wcc_6850,science_news,2
higgs,higgs_wcc_6851,science_news,2
higgs,higgs_wcc_6852,science_news,2
higgs,higgs_wcc_6853,science_news,2
higgs,higgs_wcc_6854,science_news,2
higgs,higgs_wcc_6855,science_news,2
higgs,higgs_wcc_6856,science_news,2
higgs,higgs_wcc_6857,science_news,2
higgs,higgs_wcc_6858,science_news,2
higgs,higgs_wcc_6859,science_news,2
higgs,higgs_wcc_6860,science_news,2
higgs,higgs_wcc_6861,science_news,2
higgs,higgs_wcc_6862,science_news,2
higgs,higgs_wcc_6863,science_news,2
higgs,higgs_wcc_6864,science_news,2
higgs,higgs_wcc_6865,science_news,2
higgs,higgs_wcc_6866,science_news,2
higgs,higgs_wcc_6867,science_news,2
higgs,higgs_wcc_6868,science_news,2
higgs,higgs_wcc_6869,science_news,2
higgs,higgs_wcc_6870,science_news,2
higgs,higgs_wcc_6871,science_news,2
higgs,higgs_wcc_6872,science_news,2
higgs,higgs_wcc_6873,science_news,2
higgs,higgs_wcc_6874,science_news,2
higgs,higgs_wcc_6875,science_news,2
higgs,higgs_wcc_6876,science_news,2
higgs,higgs_wcc_6877,science_news,2
higgs,higgs_wcc_6878,science_news,2
higgs,higgs_wcc_6879,science_news,2
higgs,higgs_wcc_6880,science_news,2
higgs,higgs_wcc_6881,science_news,2
higgs,higgs_wcc_6882,science_news,2
higgs,higgs_wcc_6883,science_news,2
higgs,higgs_wcc_6884,science_news,2
higgs,higgs_wcc_6885,science_news,2
higgs,higgs_wcc_6886,science_news,2
higgs,higgs_wcc_6887,science_news,2
higgs,higgs_wcc_6888,science_news,2
higgs,higgs_wcc_6889,science_news,2
higgs,higgs_wcc_6890,science_news,2
higgs,higgs_wcc_6891,science_news,2
higgs,higgs_wcc_6892,science_news,2
higgs,higgs_wcc_6893,science_news,2
higgs,higgs_wcc_6894,science_news,2
higgs,higgs_wcc_6895,science_news,2
higgs,higgs_wcc_6896,science_news,2
higgs,higgs_wcc_6897,science_news,2
higgs,higgs_wcc_6898,science_news,2
higgs,higgs_wcc_6899,science_news,2
higgs,higgs_wcc_6900,science_news,2
higgs,higgs_wcc_6901,science_news,2
higgs,higgs_wcc_6902,science_news,2
higgs,higgs_wcc_6903,science_news,2
higgs,higgs_wcc_6904,science_news,2
higgs,higgs_wcc_6905,science_news,2
higgs,higgs_wcc_6906,science_news,2
higgs,higgs_wcc_6907,science_news,2
higgs,higgs_wcc_6908,science_news,2
higgs,higgs_wcc_6909,science_news,2
higgs,higgs_wcc_6910,science_news,2
higgs,higgs_wcc_6911,science_news,2
higgs,higgs_wcc_6912,science_news,2
higgs,higgs_wcc_6913,science_news,2
higgs,higgs_wcc_6914,science_news,2
higgs,higgs_wcc_6915,science_news,2
higgs,higgs_wcc_6916,science_news,2
higgs,higgs_wcc_6917,science_news,2
higgs,higgs_wcc_6918,science_news,2
higgs,higgs_wcc_6919,science_news,2
higgs,higgs_wcc_6920,science_news,2
higgs,higgs_wcc_6921,science_news,2
higgs,higgs_wcc_6922,science_news,2
higgs,higgs_wcc_6923,science_news,2
higgs,higgs_wcc_6924,science_news,2
higgs,higgs_wcc_6925,science_news,2
higgs,higgs_wcc_6926,science_news,2
higgs,higgs_wcc_6927,science_news,2
higgs,higgs_wcc_6928,science_news,2
higgs,higgs_wcc_6929,science_news,2
higgs,higgs_wcc_6930,science_news,2
higgs,higgs_wcc_6931,science_news,2
higgs,higgs_wcc_6932,science_news,2
higgs,higgs_wcc_6933,science_news,2
higgs,higgs_wcc_6934,science_news,2
higgs,higgs_wcc_6935,science_news,2
higgs,higgs_wcc_6936,science_news,2
higgs,higgs_wcc_6937,science_news,2
higgs,higgs_wcc_6938,science_news,2
higgs,higgs_wcc_6939,science_news,2
higgs,higgs_wcc_6940,science_news,2
higgs,higgs_wcc_6941,science_news,2
higgs,higgs_wcc_6942,science_news,2
higgs,higgs_wcc_6943,science_news,2
higgs,higgs_wcc_6944,science_news,2
higgs,higgs_wcc_6945,science_news,2
higgs,higgs_wcc_6946,science_news,2
higgs,higgs_wcc_6947,science_news,2
higgs,higgs_wcc_6948,science_news,2
higgs,higgs_wcc_6949,science_news,2
higgs,higgs_wcc_6950,science_news,2
higgs,higgs_wcc_6951,science_news,2
higgs,higgs_wcc_6952,science_news,2
higgs,higgs_wcc_6953,science_news,2
higgs,higgs_wcc_6954,science_news,2
higgs,higgs_wcc_6955,science_news,2
higgs,higgs_wcc_6956,science_news,2
higgs,higgs_wcc_6957,science_news,2
higgs,higgs_wcc_6958,science_news,2
higgs,higgs_wcc_6959,science_news,2
higgs,higgs_wcc_6960,science_news,2
higgs,higgs_wcc_6961,science_news,2
higgs,higgs_wcc_6962,science_news,2
higgs,higgs_wcc_6963,science_news,2
higgs,higgs_wcc_6964,science_news,2
higgs,higgs_wcc_6965,science_news,2
higgs,higgs_wcc_6966,science_news,2
higgs,higgs_wcc_6967,science_news,2
higgs,higgs_wcc_6968,science_news,2
higgs,higgs_wcc_6969,science_news,2
higgs,higgs_wcc_6970,science_news,2
higgs,higgs_wcc_6971,science_news,2
higgs,higgs_wcc_6972,science_news,2
higgs,higgs_wcc_6973,science_news,2
higgs,higgs_wcc_6974,science_news,2
higgs,higgs_wcc_6975,science_news,2
higgs,higgs_wcc_6976,science_news,2
higgs,higgs_wcc_6977,science_news,2
higgs,higgs_wcc_6978,science_news,2
higgs,higgs_wcc_6979,science_news,2
higgs,higgs_wcc_6980,science_news,2
higgs,higgs_wcc_6981,science_news,2
higgs,higgs_wcc_6982,science_news,2
higgs,higgs_wcc_6983,science_news,2
higgs,higgs_wcc_6984,science_news,2
higgs,higgs_wcc_6985,science_news,2
higgs,higgs_wcc_6986,science_news,2
higgs,higgs_wcc_6987,science_news,2
higgs,higgs_wcc_6988,science_news,2
higgs,higgs_wcc_6989,science_news,2
higgs,higgs_wcc_6990,science_news,2
higgs,higgs_wcc_6991,science_news,2
higgs,higgs_wcc_6992,science_news,2
higgs,higgs_wcc_6993,science_news,2
higgs,higgs_wcc_6994,science_news,2
higgs,higgs_wcc_6995,science_news,2
higgs,higgs_wcc_6996,science_news,2
higgs,higgs_wcc_6997,science_news,2
higgs,higgs_wcc_6998,science_news,2
higgs,higgs_wcc_6999,science_news,2
higgs,higgs_wcc_7000,science_news,2
higgs,higgs_wcc_7001,science_news,2
higgs,higgs_wcc_7002,science_news,2
higgs,higgs_wcc_7003,science_news,2
higgs,higgs_wcc_7004,science_news,2
higgs,higgs_wcc_7005,science_news,2
higgs,higgs_wcc_7006,science_news,2
higgs,higgs_wcc_7007,science_news,2
higgs,higgs_wcc_7008,science_news,2
higgs,higgs_wcc_7009,science_news,2
higgs,higgs_wcc_7010,science_news,2
higgs,higgs_wcc_7011,science_news,2
higgs,higgs_wcc_7012,science_news,2
higgs,higgs_wcc_7013,science_news,2
higgs,higgs_wcc_7014,science_news,2
higgs,higgs_wcc_7015,science_news,2
higgs,higgs_wcc_7016,science_news,2
higgs,higgs_wcc_7017,science_news,2
higgs,higgs_wcc_7018,science_news,2
higgs,higgs_wcc_7019,science_news,2
higgs,higgs_wcc_7020,science_news,2
higgs,higgs_wcc_7021,science_news,2
higgs,higgs_wcc_7022,science_news,2
higgs,higgs_wcc_7023,science_news,2
higgs,higgs_wcc_7024,science_news,2
higgs,higgs_wcc_7025,science_news,2
higgs,higgs_wcc_7026,science_news,2
higgs,higgs_wcc_7027,science_news,2
higgs,higgs_wcc_7028,science_news,2
higgs,higgs_wcc_7029,science_news,2
higgs,higgs_wcc_7030,science_news,2
higgs,higgs_wcc_7031,science_news,2
higgs,higgs_wcc_7032,science_news,2
higgs,higgs_wcc_7033,science_news,2
higgs,higgs_wcc_7034,science_news,2
higgs,higgs_wcc_7035,science_news,2
higgs,higgs_wcc_7036,science_news,2
higgs,higgs_wcc_7037,science_news,2
higgs,higgs_wcc_7038,science_news,2
higgs,higgs_wcc_7039,science_news,2
higgs,higgs_wcc_7040,science_news,2
higgs,higgs_wcc_7041,science_news,2
higgs,higgs_wcc_7042,science_news,2
higgs,higgs_wcc_7043,science_news,2
higgs,higgs_wcc_7044,science_news,2
higgs,higgs_wcc_7045,science_news,2
higgs,higgs_wcc_7046,science_news,2
higgs,higgs_wcc_7047,science_news,2
higgs,higgs_wcc_7048,science_news,2
higgs,higgs_wcc_7049,science_news,2
higgs,higgs_wcc_7050,science_news,2
higgs,higgs_wcc_7051,science_news,2
higgs,higgs_wcc_7052,science_news,2
higgs,higgs_wcc_7053,science_news,2
higgs,higgs_wcc_7054,science_news,2
higgs,higgs_wcc_7055,science_news,2
higgs,higgs_wcc_7056,science_news,2
higgs,higgs_wcc_7057,science_news,2
higgs,higgs_wcc_7058,science_news,2
higgs,higgs_wcc_7059,science_news,2
higgs,higgs_wcc_7060,science_news,2
higgs,higgs_wcc_7061,science_news,2
higgs,higgs_wcc_7062,science_news,2
higgs,higgs_wcc_7063,science_news,2
higgs,higgs_wcc_7064,science_news,2
higgs,higgs_wcc_7065,science_news,2
higgs,higgs_wcc_7066,science_news,2
higgs,higgs_wcc_7067,science_news,2
higgs,higgs_wcc_7068,science_news,2
higgs,higgs_wcc_7069,science_news,2
higgs,higgs_wcc_7070,science_news,2
higgs,higgs_wcc_7071,science_news,2
higgs,higgs_wcc_7072,science_news,2
higgs,higgs_wcc_7073,science_news,2
higgs,higgs_wcc_7074,science_news,2
higgs,higgs_wcc_7075,science_news,2
higgs,higgs_wcc_7076,science_news,2
higgs,higgs_wcc_7077,science_news,2
higgs,higgs_wcc_7078,science_news,2
higgs,higgs_wcc_7079,science_news,2
higgs,higgs_wcc_7080,science_news,2
higgs,higgs_wcc_7081,science_news,2
higgs,higgs_wcc_7082,science_news,2
higgs,higgs_wcc_7083,science_news,2
higgs,higgs_wcc_7084,science_news,2
higgs,higgs_wcc_7085,science_news,2
higgs,higgs_wcc_7086,science_news,2
higgs,higgs_wcc_7087,science_news,2
higgs,higgs_wcc_7088,science_news,2
higgs,higgs_wcc_7089,science_news,2
higgs,higgs_wcc_7090,science_news,2
higgs,higgs_wcc_7091,science_news,2
higgs,higgs_wcc_7092,science_news,2
higgs,higgs_wcc_7093,science_news,2
higgs,higgs_wcc_7094,science_news,2
higgs,higgs_wcc_7095,science_news,2
higgs,higgs_wcc_7096,science_news,2
higgs,higgs_wcc_7097,science_news,2
higgs,higgs_wcc_7098,science_news,2
higgs,higgs_wcc_7099,science_news,2
higgs,higgs_wcc_7100,science_news,2
higgs,higgs_wcc_7101,science_news,2
higgs,higgs_wcc_7102,science_news,2
higgs,higgs_wcc_7103,science_news,2
higgs,higgs_wcc_7104,science_news,2
higgs,higgs_wcc_7105,science_news,2
higgs,higgs_wcc_7106,science_news,2
higgs,higgs_wcc_7107,science_news,2
higgs,higgs_wcc_7108,science_news,2
higgs,higgs_wcc_7109,science_news,2
higgs,higgs_wcc_7110,science_news,2
higgs,higgs_wcc_7111,science_news,2
higgs,higgs_wcc_7112,science_news,2
higgs,higgs_wcc_7113,science_news,2
higgs,higgs_wcc_7114,science_news,2
higgs,higgs_wcc_7115,science_news,2
higgs,higgs_wcc_7116,science_news,2
higgs,higgs_wcc_7117,science_news,2
higgs,higgs_wcc_7118,science_news,2
higgs,higgs_wcc_7119,science_news,2
higgs,higgs_wcc_7120,science_news,2
higgs,higgs_wcc_7121,science_news,2
higgs,higgs_wcc_7122,science_news,2
higgs,higgs_wcc_7123,science_news,2
higgs,higgs_wcc_7124,science_news,2
higgs,higgs_wcc_7125,science_news,2
higgs,higgs_wcc_7126,science_news,2
higgs,higgs_wcc_7127,science_news,2
higgs,higgs_wcc_7128,science_news,2
higgs,higgs_wcc_7129,science_news,2
higgs,higgs_wcc_7130,science_news,2
higgs,higgs_wcc_7131,science_news,2
higgs,higgs_wcc_7132,science_news,2
higgs,higgs_wcc_7133,science_news,2
higgs,higgs_wcc_7134,science_news,2
higgs,higgs_wcc_7135,science_news,2
higgs,higgs_wcc_7136,science_news,2
higgs,higgs_wcc_7137,science_news,2
higgs,higgs_wcc_7138,science_news,2
higgs,higgs_wcc_7139,science_news,2
higgs,higgs_wcc_7140,science_news,2
higgs,higgs_wcc_7141,science_news,2
higgs,higgs_wcc_7142,science_news,2
higgs,higgs_wcc_7143,science_news,2
higgs,higgs_wcc_7144,science_news,2
higgs,higgs_wcc_7145,science_news,2
higgs,higgs_wcc_7146,science_news,2
higgs,higgs_wcc_7147,science_news,2
higgs,higgs_wcc_7148,science_news,2
higgs,higgs_wcc_7149,science_news,2
higgs,higgs_wcc_7150,science_news,2
higgs,higgs_wcc_7151,science_news,2
higgs,higgs_wcc_7152,science_news,2
higgs,higgs_wcc_7153,science_news,2
higgs,higgs_wcc_7154,science_news,2
higgs,higgs_wcc_7155,science_news,2
higgs,higgs_wcc_7156,science_news,2
higgs,higgs_wcc_7157,science_news,2
higgs,higgs_wcc_7158,science_news,2
higgs,higgs_wcc_7159,science_news,2
higgs,higgs_wcc_7160,science_news,2
higgs,higgs_wcc_7161,science_news,2
higgs,higgs_wcc_7162,science_news,2
higgs,higgs_wcc_7163,science_news,2
higgs,higgs_wcc_7164,science_news,2
higgs,higgs_wcc_7165,science_news,2
higgs,higgs_wcc_7166,science_news,2
higgs,higgs_wcc_7167,science_news,2
higgs,higgs_wcc_7168,science_news,2
higgs,higgs_wcc_7169,science_news,2
higgs,higgs_wcc_7170,science_news,2
higgs,higgs_wcc_7171,science_news,2
higgs,higgs_wcc_7172,science_news,2
higgs,higgs_wcc_7173,science_news,2
higgs,higgs_wcc_7174,science_news,2
higgs,higgs_wcc_7175,science_news,2
higgs,higgs_wcc_7176,science_news,2
higgs,higgs_wcc_7177,science_news,2
higgs,higgs_wcc_7178,science_news,2
higgs,higgs_wcc_7179,science_news,2
higgs,higgs_wcc_7180,science_news,2
higgs,higgs_wcc_7181,science_news,2
higgs,higgs_wcc_7182,science_news,2
higgs,higgs_wcc_7183,science_news,2
higgs,higgs_wcc_7184,science_news,2
higgs,higgs_wcc_7185,science_news,2
higgs,higgs_wcc_7186,science_news,2
higgs,higgs_wcc_7187,science_news,2
higgs,higgs_wcc_7188,science_news,2
higgs,higgs_wcc_7189,science_news,2
higgs,higgs_wcc_7190,science_news,2
higgs,higgs_wcc_7191,science_news,2
higgs,higgs_wcc_7192,science_news,2
higgs,higgs_wcc_7193,science_news,2
higgs,higgs_wcc_7194,science_news,2
higgs,higgs_wcc_7195,science_news,2
higgs,higgs_wcc_7196,science_news,2
higgs,higgs_wcc_7197,science_news,2
higgs,higgs_wcc_7198,science_news,2
higgs,higgs_wcc_7199,science_news,2
higgs,higgs_wcc_7200,science_news,2
higgs,higgs_wcc_7201,science_news,2
higgs,higgs_wcc_7202,science_news,2
higgs,higgs_wcc_7203,science_news,2
higgs,higgs_wcc_7204,science_news,2
higgs,higgs_wcc_7205,science_news,2
higgs,higgs_wcc_7206,science_news,2
higgs,higgs_wcc_7207,science_news,2
higgs,higgs_wcc_7208,science_news,2
higgs,higgs_wcc_7209,science_news,2
higgs,higgs_wcc_7210,science_news,2
higgs,higgs_wcc_7211,science_news,2
higgs,higgs_wcc_7212,science_news,2
higgs,higgs_wcc_7213,science_news,2
higgs,higgs_wcc_7214,science_news,2
higgs,higgs_wcc_7215,science_news,2
higgs,higgs_wcc_7216,science_news,2
higgs,higgs_wcc_7217,science_news,2
higgs,higgs_wcc_7218,science_news,2
higgs,higgs_wcc_7219,science_news,2
higgs,higgs_wcc_7220,science_news,2
higgs,higgs_wcc_7221,science_news,2
higgs,higgs_wcc_7222,science_news,2
higgs,higgs_wcc_7223,science_news,2
higgs,higgs_wcc_7224,science_news,2
higgs,higgs_wcc_7225,science_news,2
higgs,higgs_wcc_7226,science_news,2
higgs,higgs_wcc_7227,science_news,2
higgs,higgs_wcc_7228,science_news,2
higgs,higgs_wcc_7229,science_news,2
higgs,higgs_wcc_7230,science_news,2
higgs,higgs_wcc_7231,science_news,2
higgs,higgs_wcc_7232,science_news,2
higgs,higgs_wcc_7233,science_news,2
higgs,higgs_wcc_7234,science_news,2
higgs,higgs_wcc_7235,science_news,2
higgs,higgs_wcc_7236,science_news,2
higgs,higgs_wcc_7237,science_news,2
higgs,higgs_wcc_7238,science_news,2
higgs,higgs_wcc_7239,science_news,2
higgs,higgs_wcc_7240,science_news,2
higgs,higgs_wcc_7241,science_news,2
higgs,higgs_wcc_7242,science_news,2
higgs,higgs_wcc_7243,science_news,2
higgs,higgs_wcc_7244,science_news,2
higgs,higgs_wcc_7245,science_news,2
higgs,higgs_wcc_7246,science_news,2
higgs,higgs_wcc_7247,science_news,2
higgs,higgs_wcc_7248,science_news,2
higgs,higgs_wcc_7249,science_news,2
higgs,higgs_wcc_7250,science_news,2
higgs,higgs_wcc_7251,science_news,2
higgs,higgs_wcc_7252,science_news,2
higgs,higgs_wcc_7253,science_news,2
higgs,higgs_wcc_7254,science_news,2
higgs,higgs_wcc_7255,science_news,2
higgs,higgs_wcc_7256,science_news,2
higgs,higgs_wcc_7257,science_news,2
higgs,higgs_wcc_7258,science_news,2
higgs,higgs_wcc_7259,science_news,2
higgs,higgs_wcc_7260,science_news,2
higgs,higgs_wcc_7261,science_news,2
higgs,higgs_wcc_7262,science_news,2
higgs,higgs_wcc_7263,science_news,2
higgs,higgs_wcc_7264,science_news,2
higgs,higgs_wcc_7265,science_news,2
higgs,higgs_wcc_7266,science_news,2
higgs,higgs_wcc_7267,science_news,2
higgs,higgs_wcc_7268,science_news,2
higgs,higgs_wcc_7269,science_news,2
higgs,higgs_wcc_7270,science_news,2
higgs,higgs_wcc_7271,science_news,2
higgs,higgs_wcc_7272,science_news,2
higgs,higgs_wcc_7273,science_news,2
higgs,higgs_wcc_7274,science_news,2
higgs,higgs_wcc_7275,science_news,2
higgs,higgs_wcc_7276,science_news,2
higgs,higgs_wcc_7277,science_news,2
higgs,higgs_wcc_7278,science_news,2
higgs,higgs_wcc_7279,science_news,2
higgs,higgs_wcc_7280,science_news,2
higgs,higgs_wcc_7281,science_news,2
higgs,higgs_wcc_7282,science_news,2
higgs,higgs_wcc_7283,science_news,2
higgs,higgs_wcc_7284,science_news,2
higgs,higgs_wcc_7285,science_news,2
higgs,higgs_wcc_7286,science_news,2
higgs,higgs_wcc_7287,science_news,2
higgs,higgs_wcc_7288,science_news,2
higgs,higgs_wcc_7289,science_news,2
higgs,higgs_wcc_7290,science_news,2
higgs,higgs_wcc_7291,science_news,2
higgs,higgs_wcc_7292,science_news,2
higgs,higgs_wcc_7293,science_news,2
higgs,higgs_wcc_7294,science_news,2
higgs,higgs_wcc_7295,science_news,2
higgs,higgs_wcc_7296,science_news,2
higgs,higgs_wcc_7297,science_news,2
higgs,higgs_wcc_7298,science_news,2
higgs,higgs_wcc_7299,science_news,2
higgs,higgs_wcc_7300,science_news,2
higgs,higgs_wcc_7301,science_news,2
higgs,higgs_wcc_7302,science_news,2
higgs,higgs_wcc_7303,science_news,2
higgs,higgs_wcc_7304,science_news,2
higgs,higgs_wcc_7305,science_news,2
higgs,higgs_wcc_7306,science_news,2
higgs,higgs_wcc_7307,science_news,2
higgs,higgs_wcc_7308,science_news,2
higgs,higgs_wcc_7309,science_news,2
higgs,higgs_wcc_7310,science_news,2
higgs,higgs_wcc_7311,science_news,2
higgs,higgs_wcc_7312,science_news,2
higgs,higgs_wcc_7313,science_news,2
higgs,higgs_wcc_7314,science_news,2
higgs,higgs_wcc_7315,science_news,2
higgs,higgs_wcc_7316,science_news,2
higgs,higgs_wcc_7317,science_news,2
higgs,higgs_wcc_7318,science_news,2
higgs,higgs_wcc_7319,science_news,2
higgs,higgs_wcc_7320,science_news,2
higgs,higgs_wcc_7321,science_news,2
higgs,higgs_wcc_7322,science_news,2
higgs,higgs_wcc_7323,science_news,2
higgs,higgs_wcc_7324,science_news,2
higgs,higgs_wcc_7325,science_news,2
higgs,higgs_wcc_7326,science_news,2
higgs,higgs_wcc_7327,science_news,2
higgs,higgs_wcc_7328,science_news,2
higgs,higgs_wcc_7329,science_news,2
higgs,higgs_wcc_7330,science_news,2
higgs,higgs_wcc_7331,science_news,2
higgs,higgs_wcc_7332,science_news,2
higgs,higgs_wcc_7333,science_news,2
higgs,higgs_wcc_7334,science_news,2
higgs,higgs_wcc_7335,science_news,2
higgs,higgs_wcc_7336,science_news,2
higgs,higgs_wcc_7337,science_news,2
higgs,higgs_wcc_7338,science_news,2
higgs,higgs_wcc_7339,science_news,2
higgs,higgs_wcc_7340,science_news,2
higgs,higgs_wcc_7341,science_news,2
higgs,higgs_wcc_7342,science_news,2
higgs,higgs_wcc_7343,science_news,2
higgs,higgs_wcc_7344,science_news,2
higgs,higgs_wcc_7345,science_news,2
higgs,higgs_wcc_7346,science_news,2
higgs,higgs_wcc_7347,science_news,2
higgs,higgs_wcc_7348,science_news,2
higgs,higgs_wcc_7349,science_news,2
higgs,higgs_wcc_7350,science_news,2
higgs,higgs_wcc_7351,science_news,2
higgs,higgs_wcc_7352,science_news,2
higgs,higgs_wcc_7353,science_news,2
higgs,higgs_wcc_7354,science_news,2
higgs,higgs_wcc_7355,science_news,2
higgs,higgs_wcc_7356,science_news,2
higgs,higgs_wcc_7357,science_news,2
higgs,higgs_wcc_7358,science_news,2
higgs,higgs_wcc_7359,science_news,2
higgs,higgs_wcc_7360,science_news,2
higgs,higgs_wcc_7361,science_news,2
higgs,higgs_wcc_7362,science_news,2
higgs,higgs_wcc_7363,science_news,2
higgs,higgs_wcc_7364,science_news,2
higgs,higgs_wcc_7365,science_news,2
higgs,higgs_wcc_7366,science_news,2
higgs,higgs_wcc_7367,science_news,2
higgs,higgs_wcc_7368,science_news,2
higgs,higgs_wcc_7369,science_news,2
higgs,higgs_wcc_7370,science_news,2
higgs,higgs_wcc_7371,science_news,2
higgs,higgs_wcc_7372,science_news,2
higgs,higgs_wcc_7373,science_news,2
higgs,higgs_wcc_7374,science_news,2
higgs,higgs_wcc_7375,science_news,2
higgs,higgs_wcc_7376,science_news,2
higgs,higgs_wcc_7377,science_news,2
higgs,higgs_wcc_7378,science_news,2
higgs,higgs_wcc_7379,science_news,2
higgs,higgs_wcc_7380,science_news,2
higgs,higgs_wcc_7381,science_news,2
higgs,higgs_wcc_7382,science_news,2
higgs,higgs_wcc_7383,science_news,2
higgs,higgs_wcc_7384,science_news,2
higgs,higgs_wcc_7385,science_news,2
higgs,higgs_wcc_7386,science_news,2
higgs,higgs_wcc_7387,science_news,2
higgs,higgs_wcc_7388,science_news,2
higgs,higgs_wcc_7389,science_news,2
higgs,higgs_wcc_7390,science_news,2
higgs,higgs_wcc_7391,science_news,2
higgs,higgs_wcc_7392,science_news,2
higgs,higgs_wcc_7393,science_news,2
higgs,higgs_wcc_7394,science_news,2
higgs,higgs_wcc_7395,science_news,2
higgs,higgs_wcc_7396,science_news,2
higgs,higgs_wcc_7397,science_news,2
higgs,higgs_wcc_7398,science_news,2
higgs,higgs_wcc_7399,science_news,2
higgs,higgs_wcc_7400,science_news,2
higgs,higgs_wcc_7401,science_news,2
higgs,higgs_wcc_7402,science_news,2
higgs,higgs_wcc_7403,science_news,2
higgs,higgs_wcc_7404,science_news,2
higgs,higgs_wcc_7405,science_news,2
higgs,higgs_wcc_7406,science_news,2
higgs,higgs_wcc_7407,science_news,2
higgs,higgs_wcc_7408,science_news,2
higgs,higgs_wcc_7409,science_news,2
higgs,higgs_wcc_7410,science_news,2
higgs,higgs_wcc_7411,science_news,2
higgs,higgs_wcc_7412,science_news,2
higgs,higgs_wcc_7413,science_news,2
higgs,higgs_wcc_7414,science_news,2
higgs,higgs_wcc_7415,science_news,2
higgs,higgs_wcc_7416,science_news,2
higgs,higgs_wcc_7417,science_news,2
higgs,higgs_wcc_7418,science_news,2
higgs,higgs_wcc_7419,science_news,2
higgs,higgs_wcc_7420,science_news,2
higgs,higgs_wcc_7421,science_news,2
higgs,higgs_wcc_7422,science_news,2
higgs,higgs_wcc_7423,science_news,2
higgs,higgs_wcc_7424,science_news,2
higgs,higgs_wcc_7425,science_news,2
higgs,higgs_wcc_7426,science_news,2
higgs,higgs_wcc_7427,science_news,2
higgs,higgs_wcc_7428,science_news,2
higgs,higgs_wcc_7429,science_news,2
higgs,higgs_wcc_7430,science_news,2
higgs,higgs_wcc_7431,science_news,2
higgs,higgs_wcc_7432,science_news,2
higgs,higgs_wcc_7433,science_news,2
higgs,higgs_wcc_7434,science_news,2
higgs,higgs_wcc_7435,science_news,2
higgs,higgs_wcc_7436,science_news,2
higgs,higgs_wcc_7437,science_news,2
higgs,higgs_wcc_7438,science_news,2
higgs,higgs_wcc_7439,science_news,2
higgs,higgs_wcc_7440,science_news,2
higgs,higgs_wcc_7441,science_news,2
higgs,higgs_wcc_7442,science_news,2
higgs,higgs_wcc_7443,science_news,2
higgs,higgs_wcc_7444,science_news,2
higgs,higgs_wcc_7445,science_news,2
higgs,higgs_wcc_7446,science_news,2
higgs,higgs_wcc_7447,science_news,2
higgs,higgs_wcc_7448,science_news,2
higgs,higgs_wcc_7449,science_news,2
higgs,higgs_wcc_7450,science_news,2
higgs,higgs_wcc_7451,science_news,2
higgs,higgs_wcc_7452,science_news,2
higgs,higgs_wcc_7453,science_news,2
higgs,higgs_wcc_7454,science_news,2
higgs,higgs_wcc_7455,science_news,2
higgs,higgs_wcc_7456,science_news,2
higgs,higgs_wcc_7457,science_news,2
higgs,higgs_wcc_7458,science_news,2
higgs,higgs_wcc_7459,science_news,2
higgs,higgs_wcc_7460,science_news,2
higgs,higgs_wcc_7461,science_news,2
higgs,higgs_wcc_7462,science_news,2
higgs,higgs_wcc_7463,science_news,2
higgs,higgs_wcc_7464,science_news,2
higgs,higgs_wcc_7465,science_news,2
higgs,higgs_wcc_7466,science_news,2
higgs,higgs_wcc_7467,science_news,2
higgs,higgs_wcc_7468,science_news,2
higgs,higgs_wcc_7469,science_news,2
higgs,higgs_wcc_7470,science_news,2
higgs,higgs_wcc_7471,science_news,2
higgs,higgs_wcc_7472,science_news,2
higgs,higgs_wcc_7473,science_news,2
higgs,higgs_wcc_7474,science_news,2
higgs,higgs_wcc_7475,science_news,2
higgs,higgs_wcc_7476,science_news,2
higgs,higgs_wcc_7477,science_news,2
higgs,higgs_wcc_7478,science_news,2
higgs,higgs_wcc_7479,science_news,2
higgs,higgs_wcc_7480,science_news,2
higgs,higgs_wcc_7481,science_news,2
higgs,higgs_wcc_7482,science_news,2
higgs,higgs_wcc_7483,science_news,2
higgs,higgs_wcc_7484,science_news,2
higgs,higgs_wcc_7485,science_news,2
higgs,higgs_wcc_7486,science_news,2
higgs,higgs_wcc_7487,science_news,2
higgs,higgs_wcc_7488,science_news,2
higgs,higgs_wcc_7489,science_news,2
higgs,higgs_wcc_7490,science_news,2
higgs,higgs_wcc_7491,science_news,2
higgs,higgs_wcc_7492,science_news,2
higgs,higgs_wcc_7493,science_news,2
higgs,higgs_wcc_7494,science_news,2
higgs,higgs_wcc_7495,science_news,2
higgs,higgs_wcc_7496,science_news,2
higgs,higgs_wcc_7497,science_news,2
higgs,higgs_wcc_7498,science_news,2
higgs,higgs_wcc_7499,science_news,2
higgs,higgs_wcc_7500,science_news,2
higgs,higgs_wcc_7501,science_news,2
higgs,higgs_wcc_7502,science_news,2
higgs,higgs_wcc_7503,science_news,2
higgs,higgs_wcc_7504,science_news,2
higgs,higgs_wcc_7505,science_news,2
higgs,higgs_wcc_7506,science_news,2
higgs,higgs_wcc_7507,science_news,2
higgs,higgs_wcc_7508,science_news,2
higgs,higgs_wcc_7509,science_news,2
higgs,higgs_wcc_7510,science_news,2
higgs,higgs_wcc_7511,science_news,2
higgs,higgs_wcc_7512,science_news,2
higgs,higgs_wcc_7513,science_news,2
higgs,higgs_wcc_7514,science_news,2
higgs,higgs_wcc_7515,science_news,2
higgs,higgs_wcc_7516,science_news,2
higgs,higgs_wcc_7517,science_news,2
higgs,higgs_wcc_7518,science_news,2
higgs,higgs_wcc_7519,science_news,2
higgs,higgs_wcc_7520,science_news,2
higgs,higgs_wcc_7521,science_news,2
higgs,higgs_wcc_7522,science_news,2
higgs,higgs_wcc_7523,science_news,2
higgs,higgs_wcc_7524,science_news,2
higgs,higgs_wcc_7525,science_news,2
higgs,higgs_wcc_7526,science_news,2
higgs,higgs_wcc_7527,science_news,2
higgs,higgs_wcc_7528,science_news,2
higgs,higgs_wcc_7529,science_news,2
higgs,higgs_wcc_7530,science_news,2
higgs,higgs_wcc_7531,science_news,2
higgs,higgs_wcc_7532,science_news,2
higgs,higgs_wcc_7533,science_news,2
higgs,higgs_wcc_7534,science_news,2
higgs,higgs_wcc_7535,science_news,2
higgs,higgs_wcc_7536,science_news,2
higgs,higgs_wcc_7537,science_news,2
higgs,higgs_wcc_7538,science_news,2
higgs,higgs_wcc_7539,science_news,2
higgs,higgs_wcc_7540,science_news,2
higgs,higgs_wcc_7541,science_news,2
higgs,higgs_wcc_7542,science_news,2
higgs,higgs_wcc_7543,science_news,2
higgs,higgs_wcc_7544,science_news,2
higgs,higgs_wcc_7545,science_news,2
higgs,higgs_wcc_7546,science_news,2
higgs,higgs_wcc_7547,science_news,2
higgs,higgs_wcc_7548,science_news,2
higgs,higgs_wcc_7549,science_news,2
higgs,higgs_wcc_7550,science_news,2
higgs,higgs_wcc_7551,science_news,2
higgs,higgs_wcc_7552,science_news,2
higgs,higgs_wcc_7553,science_news,2
higgs,higgs_wcc_7554,science_news,2
higgs,higgs_wcc_7555,science_news,2
higgs,higgs_wcc_7556,science_news,2
higgs,higgs_wcc_7557,science_news,2
higgs,higgs_wcc_7558,science_news,2
higgs,higgs_wcc_7559,science_news,2
higgs,higgs_wcc_7560,science_news,2
higgs,higgs_wcc_7561,science_news,2
higgs,higgs_wcc_7562,science_news,2
higgs,higgs_wcc_7563,science_news,2
higgs,higgs_wcc_7564,science_news,2
higgs,higgs_wcc_7565,science_news,2
higgs,higgs_wcc_7566,science_news,2
higgs,higgs_wcc_7567,science_news,2
higgs,higgs_wcc_7568,science_news,2
higgs,higgs_wcc_7569,science_news,2
higgs,higgs_wcc_7570,science_news,2
higgs,higgs_wcc_7571,science_news,2
higgs,higgs_wcc_7572,science_news,2
higgs,higgs_wcc_7573,science_news,2
higgs,higgs_wcc_7574,science_news,2
higgs,higgs_wcc_7575,science_news,2
higgs,higgs_wcc_7576,science_news,2
higgs,higgs_wcc_7577,science_news,2
higgs,higgs_wcc_7578,science_news,2
higgs,higgs_wcc_7579,science_news,2
higgs,higgs_wcc_7580,science_news,2
higgs,higgs_wcc_7581,science_news,2
higgs,higgs_wcc_7582,science_news,2
higgs,higgs_wcc_7583,science_news,2
higgs,higgs_wcc_7584,science_news,2
higgs,higgs_wcc_7585,science_news,2
higgs,higgs_wcc_7586,science_news,2
higgs,higgs_wcc_7587,science_news,2
higgs,higgs_wcc_7588,science_news,2
higgs,higgs_wcc_7589,science_news,2
higgs,higgs_wcc_7590,science_news,2
higgs,higgs_wcc_7591,science_news,2
higgs,higgs_wcc_7592,science_news,2
higgs,higgs_wcc_7593,science_news,2
higgs,higgs_wcc_7594,science_news,2
higgs,higgs_wcc_7595,science_news,2
higgs,higgs_wcc_7596,science_news,2
higgs,higgs_wcc_7597,science_news,2
higgs,higgs_wcc_7598,science_news,2
higgs,higgs_wcc_7599,science_news,2
higgs,higgs_wcc_7600,science_news,2
higgs,higgs_wcc_7601,science_news,2
higgs,higgs_wcc_7602,science_news,2
higgs,higgs_wcc_7603,science_news,2
higgs,higgs_wcc_7604,science_news,2
higgs,higgs_wcc_7605,science_news,2
higgs,higgs_wcc_7606,science_news,2
higgs,higgs_wcc_7607,science_news,2
higgs,higgs_wcc_7608,science_news,2
higgs,higgs_wcc_7609,science_news,2
higgs,higgs_wcc_7610,science_news,2
higgs,higgs_wcc_7611,science_news,2
higgs,higgs_wcc_7612,science_news,2
higgs,higgs_wcc_7613,science_news,2
higgs,higgs_wcc_7614,science_news,2
higgs,higgs_wcc_7615,science_news,2
higgs,higgs_wcc_7616,science_news,2
higgs,higgs_wcc_7617,science_news,2
higgs,higgs_wcc_7618,science_news,2
higgs,higgs_wcc_7619,science_news,2
higgs,higgs_wcc_7620,science_news,2
higgs,higgs_wcc_7621,science_news,2
higgs,higgs_wcc_7622,science_news,2
higgs,higgs_wcc_7623,science_news,2
higgs,higgs_wcc_7624,science_news,2
higgs,higgs_wcc_7625,science_news,2
higgs,higgs_wcc_7626,science_news,2
higgs,higgs_wcc_7627,science_news,2
higgs,higgs_wcc_7628,science_news,2
higgs,higgs_wcc_7629,science_news,2
higgs,higgs_wcc_7630,science_news,2
higgs,higgs_wcc_7631,science_news,2
higgs,higgs_wcc_7632,science_news,2
higgs,higgs_wcc_7633,science_news,2
higgs,higgs_wcc_7634,science_news,2
higgs,higgs_wcc_7635,science_news,2
higgs,higgs_wcc_7636,science_news,2
higgs,higgs_wcc_7637,science_news,2
higgs,higgs_wcc_7638,science_news,2
higgs,higgs_wcc_7639,science_news,2
higgs,higgs_wcc_7640,science_news,2
higgs,higgs_wcc_7641,science_news,2
higgs,higgs_wcc_7642,science_news,2
higgs,higgs_wcc_7643,science_news,2
higgs,higgs_wcc_7644,science_news,2
higgs,higgs_wcc_7645,science_news,2
higgs,higgs_wcc_7646,science_news,2
higgs,higgs_wcc_7647,science_news,2
higgs,higgs_wcc_7648,science_news,2
higgs,higgs_wcc_7649,science_news,2
higgs,higgs_wcc_7650,science_news,2
higgs,higgs_wcc_7651,science_news,2
higgs,higgs_wcc_7652,science_news,2
higgs,higgs_wcc_7653,science_news,2
higgs,higgs_wcc_7654,science_news,2
higgs,higgs_wcc_7655,science_news,2
higgs,higgs_wcc_7656,science_news,2
higgs,higgs_wcc_7657,science_news,2
higgs,higgs_wcc_7658,science_news,2
higgs,higgs_wcc_7659,science_news,2
higgs,higgs_wcc_7660,science_news,2
higgs,higgs_wcc_7661,science_news,2
higgs,higgs_wcc_7662,science_news,2
higgs,higgs_wcc_7663,science_news,2
higgs,higgs_wcc_7664,science_news,2
higgs,higgs_wcc_7665,science_news,2
higgs,higgs_wcc_7666,science_news,2
higgs,higgs_wcc_7667,science_news,2
higgs,higgs_wcc_7668,science_news,2
higgs,higgs_wcc_7669,science_news,2
higgs,higgs_wcc_7670,science_news,2
higgs,higgs_wcc_7671,science_news,2
higgs,higgs_wcc_7672,science_news,2
higgs,higgs_wcc_7673,science_news,2
higgs,higgs_wcc_7674,science_news,2
higgs,higgs_wcc_7675,science_news,2
higgs,higgs_wcc_7676,science_news,2
higgs,higgs_wcc_7677,science_news,2
higgs,higgs_wcc_7678,science_news,2
higgs,higgs_wcc_7679,science_news,2
higgs,higgs_wcc_7680,science_news,2
higgs,higgs_wcc_7681,science_news,2
higgs,higgs_wcc_7682,science_news,2
higgs,higgs_wcc_7683,science_news,2
higgs,higgs_wcc_7684,science_news,2
higgs,higgs_wcc_7685,science_news,2
higgs,higgs_wcc_7686,science_news,2
higgs,higgs_wcc_7687,science_news,2
higgs,higgs_wcc_7688,science_news,2
higgs,higgs_wcc_7689,science_news,2
higgs,higgs_wcc_7690,science_news,2
higgs,higgs_wcc_7691,science_news,2
higgs,higgs_wcc_7692,science_news,2
higgs,higgs_wcc_7693,science_news,2
higgs,higgs_wcc_7694,science_news,2
higgs,higgs_wcc_7695,science_news,2
higgs,higgs_wcc_7696,science_news,2
higgs,higgs_wcc_7697,science_news,2
higgs,higgs_wcc_7698,science_news,2
higgs,higgs_wcc_7699,science_news,2
higgs,higgs_wcc_7700,science_news,2
higgs,higgs_wcc_7701,science_news,2
higgs,higgs_wcc_7702,science_news,2
higgs,higgs_wcc_7703,science_news,2
higgs,higgs_wcc_7704,science_news,2
higgs,higgs_wcc_7705,science_news,2
higgs,higgs_wcc_7706,science_news,2
higgs,higgs_wcc_7707,science_news,2
higgs,higgs_wcc_7708,science_news,2
higgs,higgs_wcc_7709,science_news,2
higgs,higgs_wcc_7710,science_news,2
higgs,higgs_wcc_7711,science_news,2
higgs,higgs_wcc_7712,science_news,2
higgs,higgs_wcc_7713,science_news,2
higgs,higgs_wcc_7714,science_news,2
higgs,higgs_wcc_7715,science_news,2
higgs,higgs_wcc_7716,science_news,2
higgs,higgs_wcc_7717,science_news,2
higgs,higgs_wcc_7718,science_news,2
higgs,higgs_wcc_7719,science_news,2
higgs,higgs_wcc_7720,science_news,2
higgs,higgs_wcc_7721,science_news,2
higgs,higgs_wcc_7722,science_news,2
higgs,higgs_wcc_7723,science_news,2
higgs,higgs_wcc_7724,science_news,2
higgs,higgs_wcc_7725,science_news,2
higgs,higgs_wcc_7726,science_news,2
higgs,higgs_wcc_7727,science_news,2
higgs,higgs_wcc_7728,science_news,2
higgs,higgs_wcc_7729,science_news,2
higgs,higgs_wcc_7730,science_news,2
higgs,higgs_wcc_7731,science_news,2
higgs,higgs_wcc_7732,science_news,2
higgs,higgs_wcc_7733,science_news,2
higgs,higgs_wcc_7734,science_news,2
higgs,higgs_wcc_7735,science_news,2
higgs,higgs_wcc_7736,science_news,2
higgs,higgs_wcc_7737,science_news,2
higgs,higgs_wcc_7738,science_news,2
higgs,higgs_wcc_7739,science_news,2
higgs,higgs_wcc_7740,science_news,2
higgs,higgs_wcc_7741,science_news,2
higgs,higgs_wcc_7742,science_news,2
higgs,higgs_wcc_7743,science_news,2
higgs,higgs_wcc_7744,science_news,2
higgs,higgs_wcc_7745,science_news,2
higgs,higgs_wcc_7746,science_news,2
higgs,higgs_wcc_7747,science_news,2
higgs,higgs_wcc_7748,science_news,2
higgs,higgs_wcc_7749,science_news,2
higgs,higgs_wcc_7750,science_news,2
higgs,higgs_wcc_7751,science_news,2
higgs,higgs_wcc_7752,science_news,2
higgs,higgs_wcc_7753,science_news,2
higgs,higgs_wcc_7754,science_news,2
higgs,higgs_wcc_7755,science_news,2
higgs,higgs_wcc_7756,science_news,2
higgs,higgs_wcc_7757,science_news,2
higgs,higgs_wcc_7758,science_news,2
higgs,higgs_wcc_7759,science_news,2
higgs,higgs_wcc_7760,science_news,2
higgs,higgs_wcc_7761,science_news,2
higgs,higgs_wcc_7762,science_news,2
higgs,higgs_wcc_7763,science_news,2
higgs,higgs_wcc_7764,science_news,2
higgs,higgs_wcc_7765,science_news,2
higgs,higgs_wcc_7766,science_news,2
higgs,higgs_wcc_7767,science_news,2
higgs,higgs_wcc_7768,science_news,2
higgs,higgs_wcc_7769,science_news,2
higgs,higgs_wcc_7770,science_news,2
higgs,higgs_wcc_7771,science_news,2
higgs,higgs_wcc_7772,science_news,2
higgs,higgs_wcc_7773,science_news,2
higgs,higgs_wcc_7774,science_news,2
higgs,higgs_wcc_7775,science_news,2
higgs,higgs_wcc_7776,science_news,2
higgs,higgs_wcc_7777,science_news,2
higgs,higgs_wcc_7778,science_news,2
higgs,higgs_wcc_7779,science_news,2
higgs,higgs_wcc_7780,science_news,2
higgs,higgs_wcc_7781,science_news,2
higgs,higgs_wcc_7782,science_news,2
higgs,higgs_wcc_7783,science_news,2
higgs,higgs_wcc_7784,science_news,2
higgs,higgs_wcc_7785,science_news,2
higgs,higgs_wcc_7786,science_news,2
higgs,higgs_wcc_7787,science_news,2
higgs,higgs_wcc_7788,science_news,2
higgs,higgs_wcc_7789,science_news,2
higgs,higgs_wcc_7790,science_news,2
higgs,higgs_wcc_7791,science_news,2
higgs,higgs_wcc_7792,science_news,2
higgs,higgs_wcc_7793,science_news,2
higgs,higgs_wcc_7794,science_news,2
higgs,higgs_wcc_7795,science_news,2
higgs,higgs_wcc_7796,science_news,2
higgs,higgs_wcc_7797,science_news,2
higgs,higgs_wcc_7798,science_news,2
higgs,higgs_wcc_7799,science_news,2
higgs,higgs_wcc_7800,science_news,2
higgs,higgs_wcc_7801,science_news,2
higgs,higgs_wcc_7802,science_news,2
higgs,higgs_wcc_7803,science_news,2
higgs,higgs_wcc_7804,science_news,2
higgs,higgs_wcc_7805,science_news,2
higgs,higgs_wcc_7806,science_news,2
higgs,higgs_wcc_7807,science_news,2
higgs,higgs_wcc_7808,science_news,2
higgs,higgs_wcc_7809,science_news,2
higgs,higgs_wcc_7810,science_news,2
higgs,higgs_wcc_7811,science_news,2
higgs,higgs_wcc_7812,science_news,2
higgs,higgs_wcc_7813,science_news,2
higgs,higgs_wcc_7814,science_news,2
higgs,higgs_wcc_7815,science_news,2
higgs,higgs_wcc_7816,science_news,2
higgs,higgs_wcc_7817,science_news,2
higgs,higgs_wcc_7818,science_news,2
higgs,higgs_wcc_7819,science_news,2
higgs,higgs_wcc_7820,science_news,2
higgs,higgs_wcc_7821,science_news,2
higgs,higgs_wcc_7822,science_news,2
higgs,higgs_wcc_7823,science_news,2
higgs,higgs_wcc_7824,science_news,2
higgs,higgs_wcc_7825,science_news,2
higgs,higgs_wcc_7826,science_news,2
higgs,higgs_wcc_7827,science_news,2
higgs,higgs_wcc_7828,science_news,2
higgs,higgs_wcc_7829,science_news,2
higgs,higgs_wcc_7830,science_news,2
higgs,higgs_wcc_7831,science_news,2
higgs,higgs_wcc_7832,science_news,2
higgs,higgs_wcc_7833,science_news,2
higgs,higgs_wcc_7834,science_news,2
higgs,higgs_wcc_7835,science_news,2
higgs,higgs_wcc_7836,science_news,2
higgs,higgs_wcc_7837,science_news,2
higgs,higgs_wcc_7838,science_news,2
higgs,higgs_wcc_7839,science_news,2
higgs,higgs_wcc_7840,science_news,2
higgs,higgs_wcc_7841,science_news,2
higgs,higgs_wcc_7842,science_news,2
higgs,higgs_wcc_7843,science_news,2
higgs,higgs_wcc_7844,science_news,2
higgs,higgs_wcc_7845,science_news,2
higgs,higgs_wcc_7846,science_news,2
higgs,higgs_wcc_7847,science_news,2
higgs,higgs_wcc_7848,science_news,2
higgs,higgs_wcc_7849,science_news,2
higgs,higgs_wcc_7850,science_news,2
higgs,higgs_wcc_7851,science_news,2
higgs,higgs_wcc_7852,science_news,2
higgs,higgs_wcc_7853,science_news,2
higgs,higgs_wcc_7854,science_news,2
higgs,higgs_wcc_7855,science_news,2
higgs,higgs_wcc_7856,science_news,2
higgs,higgs_wcc_7857,science_news,2
higgs,higgs_wcc_7858,science_news,2
higgs,higgs_wcc_7859,science_news,2
higgs,higgs_wcc_7860,science_news,2
higgs,higgs_wcc_7861,science_news,2
higgs,higgs_wcc_7862,science_news,2
higgs,higgs_wcc_7863,science_news,2
higgs,higgs_wcc_7864,science_news,2
higgs,higgs_wcc_7865,science_news,2
higgs,higgs_wcc_7866,science_news,2
higgs,higgs_wcc_7867,science_news,2
higgs,higgs_wcc_7868,science_news,2
higgs,higgs_wcc_7869,science_news,2
higgs,higgs_wcc_7870,science_news,2
higgs,higgs_wcc_7871,science_news,2
higgs,higgs_wcc_7872,science_news,2
higgs,higgs_wcc_7873,science_news,2
higgs,higgs_wcc_7874,science_news,2
higgs,higgs_wcc_7875,science_news,2
higgs,higgs_wcc_7876,science_news,2
higgs,higgs_wcc_7877,science_news,2
higgs,higgs_wcc_7878,science_news,2
higgs,higgs_wcc_7879,science_news,2
higgs,higgs_wcc_7880,science_news,2
higgs,higgs_wcc_7881,science_news,2
higgs,higgs_wcc_7882,science_news,2
higgs,higgs_wcc_7883,science_news,2
higgs,higgs_wcc_7884,science_news,2
higgs,higgs_wcc_7885,science_news,2
higgs,higgs_wcc_7886,science_news,2
higgs,higgs_wcc_7887,science_news,2
higgs,higgs_wcc_7888,science_news,2
higgs,higgs_wcc_7889,science_news,2
higgs,higgs_wcc_7890,science_news,2
higgs,higgs_wcc_7891,science_news,2
higgs,higgs_wcc_7892,science_news,2
higgs,higgs_wcc_7893,science_news,2
higgs,higgs_wcc_7894,science_news,2
higgs,higgs_wcc_7895,science_news,2
higgs,higgs_wcc_7896,science_news,2
higgs,higgs_wcc_7897,science_news,2
higgs,higgs_wcc_7898,science_news,2
higgs,higgs_wcc_7899,science_news,2
higgs,higgs_wcc_7900,science_news,2
higgs,higgs_wcc_7901,science_news,2
higgs,higgs_wcc_7902,science_news,2
higgs,higgs_wcc_7903,science_news,2
higgs,higgs_wcc_7904,science_news,2
higgs,higgs_wcc_7905,science_news,2
higgs,higgs_wcc_7906,science_news,2
higgs,higgs_wcc_7907,science_news,2
higgs,higgs_wcc_7908,science_news,2
higgs,higgs_wcc_7909,science_news,2
higgs,higgs_wcc_7910,science_news,2
higgs,higgs_wcc_7911,science_news,2
higgs,higgs_wcc_7912,science_news,2
higgs,higgs_wcc_7913,science_news,2
higgs,higgs_wcc_7914,science_news,2
higgs,higgs_wcc_7915,science_news,2
higgs,higgs_wcc_7916,science_news,2
higgs,higgs_wcc_7917,science_news,2
higgs,higgs_wcc_7918,science_news,2
higgs,higgs_wcc_7919,science_news,2
higgs,higgs_wcc_7920,science_news,2
higgs,higgs_wcc_7921,science_news,2
higgs,higgs_wcc_7922,science_news,2
higgs,higgs_wcc_7923,science_news,2
higgs,higgs_wcc_7924,science_news,2
higgs,higgs_wcc_7925,science_news,2
higgs,higgs_wcc_7926,science_news,2
higgs,higgs_wcc_7927,science_news,2
higgs,higgs_wcc_7928,science_news,2
higgs,higgs_wcc_7929,science_news,2
higgs,higgs_wcc_7930,science_news,2
higgs,higgs_wcc_7931,science_news,2
higgs,higgs_wcc_7932,science_news,2
higgs,higgs_wcc_7933,science_news,2
higgs,higgs_wcc_7934,science_news,2
higgs,higgs_wcc_7935,science_news,2
higgs,higgs_wcc_7936,science_news,2
higgs,higgs_wcc_7937,science_news,2
higgs,higgs_wcc_7938,science_news,2
higgs,higgs_wcc_7939,science_news,2
higgs,higgs_wcc_7940,science_news,2
higgs,higgs_wcc_7941,science_news,2
higgs,higgs_wcc_7942,science_news,2
higgs,higgs_wcc_7943,science_news,2
higgs,higgs_wcc_7944,science_news,2
higgs,higgs_wcc_7945,science_news,2
higgs,higgs_wcc_7946,science_news,2
higgs,higgs_wcc_7947,science_news,2
higgs,higgs_wcc_7948,science_news,2
higgs,higgs_wcc_7949,science_news,2
higgs,higgs_wcc_7950,science_news,2
higgs,higgs_wcc_7951,science_news,2
higgs,higgs_wcc_7952,science_news,2
higgs,higgs_wcc_7953,science_news,2
higgs,higgs_wcc_7954,science_news,2
higgs,higgs_wcc_7955,science_news,2
higgs,higgs_wcc_7956,science_news,2
higgs,higgs_wcc_7957,science_news,2
higgs,higgs_wcc_7958,science_news,2
higgs,higgs_wcc_7959,science_news,2
higgs,higgs_wcc_7960,science_news,2
higgs,higgs_wcc_7961,science_news,2
higgs,higgs_wcc_7962,science_news,2
higgs,higgs_wcc_7963,science_news,2
higgs,higgs_wcc_7964,science_news,2
higgs,higgs_wcc_7965,science_news,2
higgs,higgs_wcc_7966,science_news,2
higgs,higgs_wcc_7967,science_news,2
higgs,higgs_wcc_7968,science_news,2
higgs,higgs_wcc_7969,science_news,2
higgs,higgs_wcc_7970,science_news,2
higgs,higgs_wcc_7971,science_news,2
higgs,higgs_wcc_7972,science_news,2
higgs,higgs_wcc_7973,science_news,2
higgs,higgs_wcc_7974,science_news,2
higgs,higgs_wcc_7975,science_news,2
higgs,higgs_wcc_7976,science_news,2
higgs,higgs_wcc_7977,science_news,2
higgs,higgs_wcc_7978,science_news,2
higgs,higgs_wcc_7979,science_news,2
higgs,higgs_wcc_7980,science_news,2
higgs,higgs_wcc_7981,science_news,2
higgs,higgs_wcc_7982,science_news,2
higgs,higgs_wcc_7983,science_news,2
higgs,higgs_wcc_7984,science_news,2
higgs,higgs_wcc_7985,science_news,2
higgs,higgs_wcc_7986,science_news,2
higgs,higgs_wcc_7987,science_news,2
higgs,higgs_wcc_7988,science_news,2
higgs,higgs_wcc_7989,science_news,2
higgs,higgs_wcc_7990,science_news,2
higgs,higgs_wcc_7991,science_news,2
higgs,higgs_wcc_7992,science_news,2
higgs,higgs_wcc_7993,science_news,2
higgs,higgs_wcc_7994,science_news,2
higgs,higgs_wcc_7995,science_news,2
higgs,higgs_wcc_7996,science_news,2
higgs,higgs_wcc_7997,science_news,2
higgs,higgs_wcc_7998,science_news,2
higgs,higgs_wcc_7999,science_news,2
higgs,higgs_wcc_8000,science_news,2
higgs,higgs_wcc_8001,science_news,2
higgs,higgs_wcc_8002,science_news,2
higgs,higgs_wcc_8003,science_news,2
higgs,higgs_wcc_8004,science_news,2
higgs,higgs_wcc_8005,science_news,2
higgs,higgs_wcc_8006,science_news,2
higgs,higgs_wcc_8007,science_news,2
higgs,higgs_wcc_8008,science_news,2
higgs,higgs_wcc_8009,science_news,2
higgs,higgs_wcc_8010,science_news,2
higgs,higgs_wcc_8011,science_news,2
higgs,higgs_wcc_8012,science_news,2
higgs,higgs_wcc_8013,science_news,2
higgs,higgs_wcc_8014,science_news,2
higgs,higgs_wcc_8015,science_news,2
higgs,higgs_wcc_8016,science_news,2
higgs,higgs_wcc_8017,science_news,2
higgs,higgs_wcc_8018,science_news,2
higgs,higgs_wcc_8019,science_news,2
higgs,higgs_wcc_8020,science_news,2
higgs,higgs_wcc_8021,science_news,2
higgs,higgs_wcc_8022,science_news,2
higgs,higgs_wcc_8023,science_news,2
higgs,higgs_wcc_8024,science_news,2
higgs,higgs_wcc_8025,science_news,2
higgs,higgs_wcc_8026,science_news,2
higgs,higgs_wcc_8027,science_news,2
higgs,higgs_wcc_8028,science_news,2
higgs,higgs_wcc_8029,science_news,2
higgs,higgs_wcc_8030,science_news,2
higgs,higgs_wcc_8031,science_news,2
higgs,higgs_wcc_8032,science_news,2
higgs,higgs_wcc_8033,science_news,2
higgs,higgs_wcc_8034,science_news,2
higgs,higgs_wcc_8035,science_news,2
higgs,higgs_wcc_8036,science_news,2
higgs,higgs_wcc_8037,science_news,2
higgs,higgs_wcc_8038,science_news,2
higgs,higgs_wcc_8039,science_news,2
higgs,higgs_wcc_8040,science_news,2
higgs,higgs_wcc_8041,science_news,2
higgs,higgs_wcc_8042,science_news,2
higgs,higgs_wcc_8043,science_news,2
higgs,higgs_wcc_8044,science_news,2
higgs,higgs_wcc_8045,science_news,2
higgs,higgs_wcc_8046,science_news,2
higgs,higgs_wcc_8047,science_news,2
higgs,higgs_wcc_8048,science_news,2
higgs,higgs_wcc_8049,science_news,2
higgs,higgs_wcc_8050,science_news,2
higgs,higgs_wcc_8051,science_news,2
higgs,higgs_wcc_8052,science_news,2
higgs,higgs_wcc_8053,science_news,2
higgs,higgs_wcc_8054,science_news,2
higgs,higgs_wcc_8055,science_news,2
higgs,higgs_wcc_8056,science_news,2
higgs,higgs_wcc_8057,science_news,2
higgs,higgs_wcc_8058,science_news,2
higgs,higgs_wcc_8059,science_news,2
higgs,higgs_wcc_8060,science_news,2
higgs,higgs_wcc_8061,science_news,2
higgs,higgs_wcc_8062,science_news,2
higgs,higgs_wcc_8063,science_news,2
higgs,higgs_wcc_8064,science_news,2
higgs,higgs_wcc_8065,science_news,2
higgs,higgs_wcc_8066,science_news,2
higgs,higgs_wcc_8067,science_news,2
higgs,higgs_wcc_8068,science_news,2
higgs,higgs_wcc_8069,science_news,2
higgs,higgs_wcc_8070,science_news,2
higgs,higgs_wcc_8071,science_news,2
higgs,higgs_wcc_8072,science_news,2
higgs,higgs_wcc_8073,science_news,2
higgs,higgs_wcc_8074,science_news,2
higgs,higgs_wcc_8075,science_news,2
higgs,higgs_wcc_8076,science_news,2
higgs,higgs_wcc_8077,science_news,2
higgs,higgs_wcc_8078,science_news,2
higgs,higgs_wcc_8079,science_news,2
higgs,higgs_wcc_8080,science_news,2
higgs,higgs_wcc_8081,science_news,2
higgs,higgs_wcc_8082,science_news,2
higgs,higgs_wcc_8083,science_news,2
higgs,higgs_wcc_8084,science_news,2
higgs,higgs_wcc_8085,science_news,2
higgs,higgs_wcc_8086,science_news,2
higgs,higgs_wcc_8087,science_news,2
higgs,higgs_wcc_8088,science_news,2
higgs,higgs_wcc_8089,science_news,2
higgs,higgs_wcc_8090,science_news,2
higgs,higgs_wcc_8091,science_news,2
higgs,higgs_wcc_8092,science_news,2
higgs,higgs_wcc_8093,science_news,2
higgs,higgs_wcc_8094,science_news,2
higgs,higgs_wcc_8095,science_news,2
higgs,higgs_wcc_8096,science_news,2
higgs,higgs_wcc_8097,science_news,2
higgs,higgs_wcc_8098,science_news,2
higgs,higgs_wcc_8099,science_news,2
higgs,higgs_wcc_8100,science_news,2
higgs,higgs_wcc_8101,science_news,2
higgs,higgs_wcc_8102,science_news,2
higgs,higgs_wcc_8103,science_news,2
higgs,higgs_wcc_8104,science_news,2
higgs,higgs_wcc_8105,science_news,2
higgs,higgs_wcc_8106,science_news,2
higgs,higgs_wcc_8107,science_news,2
higgs,higgs_wcc_8108,science_news,2
higgs,higgs_wcc_8109,science_news,2
higgs,higgs_wcc_8110,science_news,2
higgs,higgs_wcc_8111,science_news,2
higgs,higgs_wcc_8112,science_news,2
higgs,higgs_wcc_8113,science_news,2
higgs,higgs_wcc_8114,science_news,2
higgs,higgs_wcc_8115,science_news,2
higgs,higgs_wcc_8116,science_news,2
higgs,higgs_wcc_8117,science_news,2
higgs,higgs_wcc_8118,science_news,2
higgs,higgs_wcc_8119,science_news,2
higgs,higgs_wcc_8120,science_news,2
higgs,higgs_wcc_8121,science_news,2
higgs,higgs_wcc_8122,science_news,2
higgs,higgs_wcc_8123,science_news,2
higgs,higgs_wcc_8124,science_news,2
higgs,higgs_wcc_8125,science_news,2
higgs,higgs_wcc_8126,science_news,2
higgs,higgs_wcc_8127,science_news,2
higgs,higgs_wcc_8128,science_news,2
higgs,higgs_wcc_8129,science_news,2
higgs,higgs_wcc_8130,science_news,2
higgs,higgs_wcc_8131,science_news,2
higgs,higgs_wcc_8132,science_news,2
higgs,higgs_wcc_8133,science_news,2
higgs,higgs_wcc_8134,science_news,2
higgs,higgs_wcc_8135,science_news,2
higgs,higgs_wcc_8136,science_news,2
higgs,higgs_wcc_8137,science_news,2
higgs,higgs_wcc_8138,science_news,2
higgs,higgs_wcc_8139,science_news,2
higgs,higgs_wcc_8140,science_news,2
higgs,higgs_wcc_8141,science_news,2
higgs,higgs_wcc_8142,science_news,2
higgs,higgs_wcc_8143,science_news,2
higgs,higgs_wcc_8144,science_news,2
higgs,higgs_wcc_8145,science_news,2
higgs,higgs_wcc_8146,science_news,2
higgs,higgs_wcc_8147,science_news,2
higgs,higgs_wcc_8148,science_news,2
higgs,higgs_wcc_8149,science_news,2
higgs,higgs_wcc_8150,science_news,2
higgs,higgs_wcc_8151,science_news,2
higgs,higgs_wcc_8152,science_news,2
higgs,higgs_wcc_8153,science_news,2
higgs,higgs_wcc_8154,science_news,2
higgs,higgs_wcc_8155,science_news,2
higgs,higgs_wcc_8156,science_news,2
higgs,higgs_wcc_8157,science_news,2
higgs,higgs_wcc_8158,science_news,2
higgs,higgs_wcc_8159,science_news,2
higgs,higgs_wcc_8160,science_news,2
higgs,higgs_wcc_8161,science_news,2
higgs,higgs_wcc_8162,science_news,2
higgs,higgs_wcc_8163,science_news,2
higgs,higgs_wcc_8164,science_news,2
higgs,higgs_wcc_8165,science_news,2
higgs,higgs_wcc_8166,science_news,2
higgs,higgs_wcc_8167,science_news,2
higgs,higgs_wcc_8168,science_news,2
higgs,higgs_wcc_8169,science_news,2
higgs,higgs_wcc_8170,science_news,2
higgs,higgs_wcc_8171,science_news,2
higgs,higgs_wcc_8172,science_news,2
higgs,higgs_wcc_8173,science_news,2
higgs,higgs_wcc_8174,science_news,2
higgs,higgs_wcc_8175,science_news,2
higgs,higgs_wcc_8176,science_news,2
higgs,higgs_wcc_8177,science_news,2
higgs,higgs_wcc_8178,science_news,2
higgs,higgs_wcc_8179,science_news,2
higgs,higgs_wcc_8180,science_news,2
higgs,higgs_wcc_8181,science_news,2
higgs,higgs_wcc_8182,science_news,2
higgs,higgs_wcc_8183,science_news,2
higgs,higgs_wcc_8184,science_news,2
higgs,higgs_wcc_8185,science_news,2
higgs,higgs_wcc_8186,science_news,2
higgs,higgs_wcc_8187,science_news,2
higgs,higgs_wcc_8188,science_news,2
higgs,higgs_wcc_8189,science_news,2
higgs,higgs_wcc_8190,science_news,2
higgs,higgs_wcc_8191,science_news,2
higgs,higgs_wcc_8192,science_news,2
higgs,higgs_wcc_8193,science_news,2
higgs,higgs_wcc_8194,science_news,2
higgs,higgs_wcc_8195,science_news,2
higgs,higgs_wcc_8196,science_news,2
higgs,higgs_wcc_8197,science_news,2
higgs,higgs_wcc_8198,science_news,2
higgs,higgs_wcc_8199,science_news,2
higgs,higgs_wcc_8200,science_news,2
higgs,higgs_wcc_8201,science_news,2
higgs,higgs_wcc_8202,science_news,2
higgs,higgs_wcc_8203,science_news,2
higgs,higgs_wcc_8204,science_news,2
higgs,higgs_wcc_8205,science_news,2
higgs,higgs_wcc_8206,science_news,2
higgs,higgs_wcc_8207,science_news,2
higgs,higgs_wcc_8208,science_news,2
higgs,higgs_wcc_8209,science_news,2
higgs,higgs_wcc_8210,science_news,2
higgs,higgs_wcc_8211,science_news,2
higgs,higgs_wcc_8212,science_news,2
higgs,higgs_wcc_8213,science_news,2
higgs,higgs_wcc_8214,science_news,2
higgs,higgs_wcc_8215,science_news,2
higgs,higgs_wcc_8216,science_news,2
higgs,higgs_wcc_8217,science_news,2
higgs,higgs_wcc_8218,science_news,2
higgs,higgs_wcc_8219,science_news,2
higgs,higgs_wcc_8220,science_news,2
higgs,higgs_wcc_8221,science_news,2
higgs,higgs_wcc_8222,science_news,2
higgs,higgs_wcc_8223,science_news,2
higgs,higgs_wcc_8224,science_news,2
higgs,higgs_wcc_8225,science_news,2
higgs,higgs_wcc_8226,science_news,2
higgs,higgs_wcc_8227,science_news,2
higgs,higgs_wcc_8228,science_news,2
higgs,higgs_wcc_8229,science_news,2
higgs,higgs_wcc_8230,science_news,2
higgs,higgs_wcc_8231,science_news,2
higgs,higgs_wcc_8232,science_news,2
higgs,higgs_wcc_8233,science_news,2
higgs,higgs_wcc_8234,science_news,2
higgs,higgs_wcc_8235,science_news,2
higgs,higgs_wcc_8236,science_news,2
higgs,higgs_wcc_8237,science_news,2
higgs,higgs_wcc_8238,science_news,2
higgs,higgs_wcc_8239,science_news,2
higgs,higgs_wcc_8240,science_news,2
higgs,higgs_wcc_8241,science_news,2
higgs,higgs_wcc_8242,science_news,2
higgs,higgs_wcc_8243,science_news,2
higgs,higgs_wcc_8244,science_news,2
higgs,higgs_wcc_8245,science_news,2
higgs,higgs_wcc_8246,science_news,2
higgs,higgs_wcc_8247,science_news,2
higgs,higgs_wcc_8248,science_news,2
higgs,higgs_wcc_8249,science_news,2
higgs,higgs_wcc_8250,science_news,2
higgs,higgs_wcc_8251,science_news,2
higgs,higgs_wcc_8252,science_news,2
higgs,higgs_wcc_8253,science_news,2
higgs,higgs_wcc_8254,science_news,2
higgs,higgs_wcc_8255,science_news,2
higgs,higgs_wcc_8256,science_news,2
higgs,higgs_wcc_8257,science_news,2
higgs,higgs_wcc_8258,science_news,2
higgs,higgs_wcc_8259,science_news,2
higgs,higgs_wcc_8260,science_news,2
higgs,higgs_wcc_8261,science_news,2
higgs,higgs_wcc_8262,science_news,2
higgs,higgs_wcc_8263,science_news,2
higgs,higgs_wcc_8264,science_news,2
higgs,higgs_wcc_8265,science_news,2
higgs,higgs_wcc_8266,science_news,2
higgs,higgs_wcc_8267,science_news,2
higgs,higgs_wcc_8268,science_news,2
higgs,higgs_wcc_8269,science_news,2
higgs,higgs_wcc_8270,science_news,2
higgs,higgs_wcc_8271,science_news,2
higgs,higgs_wcc_8272,science_news,2
higgs,higgs_wcc_8273,science_news,2
higgs,higgs_wcc_8274,science_news,2
higgs,higgs_wcc_8275,science_news,2
higgs,higgs_wcc_8276,science_news,2
higgs,higgs_wcc_8277,science_news,2
higgs,higgs_wcc_8278,science_news,2
higgs,higgs_wcc_8279,science_news,2
higgs,higgs_wcc_8280,science_news,2
higgs,higgs_wcc_8281,science_news,2
higgs,higgs_wcc_8282,science_news,2
higgs,higgs_wcc_8283,science_news,2
higgs,higgs_wcc_8284,science_news,2
higgs,higgs_wcc_8285,science_news,2
higgs,higgs_wcc_8286,science_news,2
higgs,higgs_wcc_8287,science_news,2
higgs,higgs_wcc_8288,science_news,2
higgs,higgs_wcc_8289,science_news,2
higgs,higgs_wcc_8290,science_news,2
higgs,higgs_wcc_8291,science_news,2
higgs,higgs_wcc_8292,science_news,2
higgs,higgs_wcc_8293,science_news,2
higgs,higgs_wcc_8294,science_news,2
higgs,higgs_wcc_8295,science_news,2
higgs,higgs_wcc_8296,science_news,2
higgs,higgs_wcc_8297,science_news,2
higgs,higgs_wcc_8298,science_news,2
higgs,higgs_wcc_8299,science_news,2
higgs,higgs_wcc_8300,science_news,2
higgs,higgs_wcc_8301,science_news,2
higgs,higgs_wcc_8302,science_news,2
higgs,higgs_wcc_8303,science_news,2
higgs,higgs_wcc_8304,science_news,2
higgs,higgs_wcc_8305,science_news,2
higgs,higgs_wcc_8306,science_news,2
higgs,higgs_wcc_8307,science_news,2
higgs,higgs_wcc_8308,science_news,2
higgs,higgs_wcc_8309,science_news,2
higgs,higgs_wcc_8310,science_news,2
higgs,higgs_wcc_8311,science_news,2
higgs,higgs_wcc_8312,science_news,2
higgs,higgs_wcc_8313,science_news,2
higgs,higgs_wcc_8314,science_news,2
higgs,higgs_wcc_8315,science_news,2
higgs,higgs_wcc_8316,science_news,2
higgs,higgs_wcc_8317,science_news,2
higgs,higgs_wcc_8318,science_news,2
higgs,higgs_wcc_8319,science_news,2
higgs,higgs_wcc_8320,science_news,2
higgs,higgs_wcc_8321,science_news,2
higgs,higgs_wcc_8322,science_news,2
higgs,higgs_wcc_8323,science_news,2
higgs,higgs_wcc_8324,science_news,2
higgs,higgs_wcc_8325,science_news,2
higgs,higgs_wcc_8326,science_news,2
higgs,higgs_wcc_8327,science_news,2
higgs,higgs_wcc_8328,science_news,2
higgs,higgs_wcc_8329,science_news,2
higgs,higgs_wcc_8330,science_news,2
higgs,higgs_wcc_8331,science_news,2
higgs,higgs_wcc_8332,science_news,2
higgs,higgs_wcc_8333,science_news,2
higgs,higgs_wcc_8334,science_news,2
higgs,higgs_wcc_8335,science_news,2
higgs,higgs_wcc_8336,science_news,2
higgs,higgs_wcc_8337,science_news,2
higgs,higgs_wcc_8338,science_news,2
higgs,higgs_wcc_8339,science_news,2
higgs,higgs_wcc_8340,science_news,2
higgs,higgs_wcc_8341,science_news,2
higgs,higgs_wcc_8342,science_news,2
higgs,higgs_wcc_8343,science_news,2
higgs,higgs_wcc_8344,science_news,2
higgs,higgs_wcc_8345,science_news,2
higgs,higgs_wcc_8346,science_news,2
higgs,higgs_wcc_8347,science_news,2
higgs,higgs_wcc_8348,science_news,2
higgs,higgs_wcc_8349,science_news,2
higgs,higgs_wcc_8350,science_news,2
higgs,higgs_wcc_8351,science_news,2
higgs,higgs_wcc_8352,science_news,2
higgs,higgs_wcc_8353,science_news,2
higgs,higgs_wcc_8354,science_news,2
higgs,higgs_wcc_8355,science_news,2
higgs,higgs_wcc_8356,science_news,2
higgs,higgs_wcc_8357,science_news,2
higgs,higgs_wcc_8358,science_news,2
higgs,higgs_wcc_8359,science_news,2
higgs,higgs_wcc_8360,science_news,2
higgs,higgs_wcc_8361,science_news,2
higgs,higgs_wcc_8362,science_news,2
higgs,higgs_wcc_8363,science_news,2
higgs,higgs_wcc_8364,science_news,2
higgs,higgs_wcc_8365,science_news,2
higgs,higgs_wcc_8366,science_news,2
higgs,higgs_wcc_8367,science_news,2
higgs,higgs_wcc_8368,science_news,2
higgs,higgs_wcc_8369,science_news,2
higgs,higgs_wcc_8370,science_news,2
higgs,higgs_wcc_8371,science_news,2
higgs,higgs_wcc_8372,science_news,2
higgs,higgs_wcc_8373,science_news,2
higgs,higgs_wcc_8374,science_news,2
higgs,higgs_wcc_8375,science_news,2
higgs,higgs_wcc_8376,science_news,2
higgs,higgs_wcc_8377,science_news,2
higgs,higgs_wcc_8378,science_news,2
higgs,higgs_wcc_8379,science_news,2
higgs,higgs_wcc_8380,science_news,2
higgs,higgs_wcc_8381,science_news,2
higgs,higgs_wcc_8382,science_news,2
higgs,higgs_wcc_8383,science_news,2
higgs,higgs_wcc_8384,science_news,2
higgs,higgs_wcc_8385,science_news,2
higgs,higgs_wcc_8386,science_news,2
higgs,higgs_wcc_8387,science_news,2
higgs,higgs_wcc_8388,science_news,2
higgs,higgs_wcc_8389,science_news,2
higgs,higgs_wcc_8390,science_news,2
higgs,higgs_wcc_8391,science_news,2
higgs,higgs_wcc_8392,science_news,2
higgs,higgs_wcc_8393,science_news,2
higgs,higgs_wcc_8394,science_news,2
higgs,higgs_wcc_8395,science_news,2
higgs,higgs_wcc_8396,science_news,2
higgs,higgs_wcc_8397,science_news,2
higgs,higgs_wcc_8398,science_news,2
higgs,higgs_wcc_8399,science_news,2
higgs,higgs_wcc_8400,science_news,2
higgs,higgs_wcc_8401,science_news,2
higgs,higgs_wcc_8402,science_news,2
higgs,higgs_wcc_8403,science_news,2
higgs,higgs_wcc_8404,science_news,2
higgs,higgs_wcc_8405,science_news,2
higgs,higgs_wcc_8406,science_news,2
higgs,higgs_wcc_8407,science_news,2
higgs,higgs_wcc_8408,science_news,2
higgs,higgs_wcc_8409,science_news,2
higgs,higgs_wcc_8410,science_news,2
higgs,higgs_wcc_8411,science_news,2
higgs,higgs_wcc_8412,science_news,2
higgs,higgs_wcc_8413,science_news,2
higgs,higgs_wcc_8414,science_news,2
higgs,higgs_wcc_8415,science_news,2
higgs,higgs_wcc_8416,science_news,2
higgs,higgs_wcc_8417,science_news,2
higgs,higgs_wcc_8418,science_news,2
higgs,higgs_wcc_8419,science_news,2
higgs,higgs_wcc_8420,science_news,2
higgs,higgs_wcc_8421,science_news,2
higgs,higgs_wcc_8422,science_news,2
higgs,higgs_wcc_8423,science_news,2
higgs,higgs_wcc_8424,science_news,2
higgs,higgs_wcc_8425,science_news,2
higgs,higgs_wcc_8426,science_news,2
higgs,higgs_wcc_8427,science_news,2
higgs,higgs_wcc_8428,science_news,2
higgs,higgs_wcc_8429,science_news,2
higgs,higgs_wcc_8430,science_news,2
higgs,higgs_wcc_8431,science_news,2
higgs,higgs_wcc_8432,science_news,2
higgs,higgs_wcc_8433,science_news,2
higgs,higgs_wcc_8434,science_news,2
higgs,higgs_wcc_8435,science_news,2
higgs,higgs_wcc_8436,science_news,2
higgs,higgs_wcc_8437,science_news,2
higgs,higgs_wcc_8438,science_news,2
higgs,higgs_wcc_8439,science_news,2
higgs,higgs_wcc_8440,science_news,2
higgs,higgs_wcc_8441,science_news,2
higgs,higgs_wcc_8442,science_news,2
higgs,higgs_wcc_8443,science_news,2
higgs,higgs_wcc_8444,science_news,2
higgs,higgs_wcc_8445,science_news,2
higgs,higgs_wcc_8446,science_news,2
higgs,higgs_wcc_8447,science_news,2
higgs,higgs_wcc_8448,science_news,2
higgs,higgs_wcc_8449,science_news,2
higgs,higgs_wcc_8450,science_news,2
higgs,higgs_wcc_8451,science_news,2
higgs,higgs_wcc_8452,science_news,2
higgs,higgs_wcc_8453,science_news,2
higgs,higgs_wcc_8454,science_news,2
higgs,higgs_wcc_8455,science_news,2
higgs,higgs_wcc_8456,science_news,2
higgs,higgs_wcc_8457,science_news,2
higgs,higgs_wcc_8458,science_news,2
higgs,higgs_wcc_8459,science_news,2
higgs,higgs_wcc_8460,science_news,2
higgs,higgs_wcc_8461,science_news,2
higgs,higgs_wcc_8462,science_news,2
higgs,higgs_wcc_8463,science_news,2
higgs,higgs_wcc_8464,science_news,2
higgs,higgs_wcc_8465,science_news,2
higgs,higgs_wcc_8466,science_news,2
higgs,higgs_wcc_8467,science_news,2
higgs,higgs_wcc_8468,science_news,2
higgs,higgs_wcc_8469,science_news,2
higgs,higgs_wcc_8470,science_news,2
higgs,higgs_wcc_8471,science_news,2
higgs,higgs_wcc_8472,science_news,2
higgs,higgs_wcc_8473,science_news,2
higgs,higgs_wcc_8474,science_news,2
higgs,higgs_wcc_8475,science_news,2
higgs,higgs_wcc_8476,science_news,2
higgs,higgs_wcc_8477,science_news,2
higgs,higgs_wcc_8478,science_news,2
higgs,higgs_wcc_8479,science_news,2
higgs,higgs_wcc_8480,science_news,2
higgs,higgs_wcc_8481,science_news,2
higgs,higgs_wcc_8482,science_news,2
higgs,higgs_wcc_8483,science_news,2
higgs,higgs_wcc_8484,science_news,2
higgs,higgs_wcc_8485,science_news,2
higgs,higgs_wcc_8486,science_news,2
higgs,higgs_wcc_8487,science_news,2
higgs,higgs_wcc_8488,science_news,2
higgs,higgs_wcc_8489,science_news,2
higgs,higgs_wcc_8490,science_news,2
higgs,higgs_wcc_8491,science_news,2
higgs,higgs_wcc_8492,science_news,2
higgs,higgs_wcc_8493,science_news,2
higgs,higgs_wcc_8494,science_news,2
higgs,higgs_wcc_8495,science_news,2
higgs,higgs_wcc_8496,science_news,2
higgs,higgs_wcc_8497,science_news,2
higgs,higgs_wcc_8498,science_news,2
higgs,higgs_wcc_8499,science_news,2
higgs,higgs_wcc_8500,science_news,2
higgs,higgs_wcc_8501,science_news,2
higgs,higgs_wcc_8502,science_news,2
higgs,higgs_wcc_8503,science_news,2
higgs,higgs_wcc_8504,science_news,2
higgs,higgs_wcc_8505,science_news,2
higgs,higgs_wcc_8506,science_news,2
higgs,higgs_wcc_8507,science_news,2
higgs,higgs_wcc_8508,science_news,2
higgs,higgs_wcc_8509,science_news,2
higgs,higgs_wcc_8510,science_news,2
higgs,higgs_wcc_8511,science_news,2
higgs,higgs_wcc_8512,science_news,2
higgs,higgs_wcc_8513,science_news,2
higgs,higgs_wcc_8514,science_news,2
higgs,higgs_wcc_8515,science_news,2
higgs,higgs_wcc_8516,science_news,2
higgs,higgs_wcc_8517,science_news,2
higgs,higgs_wcc_8518,science_news,2
higgs,higgs_wcc_8519,science_news,2
higgs,higgs_wcc_8520,science_news,2
higgs,higgs_wcc_8521,science_news,2
higgs,higgs_wcc_8522,science_news,2
higgs,higgs_wcc_8523,science_news,2
higgs,higgs_wcc_8524,science_news,2
higgs,higgs_wcc_8525,science_news,2
higgs,higgs_wcc_8526,science_news,2
higgs,higgs_wcc_8527,science_news,2
higgs,higgs_wcc_8528,science_news,2
higgs,higgs_wcc_8529,science_news,2
higgs,higgs_wcc_8530,science_news,2
higgs,higgs_wcc_8531,science_news,2
higgs,higgs_wcc_8532,science_news,2
higgs,higgs_wcc_8533,science_news,2
higgs,higgs_wcc_8534,science_news,2
higgs,higgs_wcc_8535,science_news,2
higgs,higgs_wcc_8536,science_news,2
higgs,higgs_wcc_8537,science_news,2
higgs,higgs_wcc_8538,science_news,2
higgs,higgs_wcc_8539,science_news,2
higgs,higgs_wcc_8540,science_news,2
higgs,higgs_wcc_8541,science_news,2
higgs,higgs_wcc_8542,science_news,2
higgs,higgs_wcc_8543,science_news,2
higgs,higgs_wcc_8544,science_news,2
higgs,higgs_wcc_8545,science_news,2
higgs,higgs_wcc_8546,science_news,2
higgs,higgs_wcc_8547,science_news,2
higgs,higgs_wcc_8548,science_news,2
higgs,higgs_wcc_8549,science_news,2
higgs,higgs_wcc_8550,science_news,2
higgs,higgs_wcc_8551,science_news,2
higgs,higgs_wcc_8552,science_news,2
higgs,higgs_wcc_8553,science_news,2
higgs,higgs_wcc_8554,science_news,2
higgs,higgs_wcc_8555,science_news,2
higgs,higgs_wcc_8556,science_news,2
higgs,higgs_wcc_8557,science_news,2
higgs,higgs_wcc_8558,science_news,2
higgs,higgs_wcc_8559,science_news,2
higgs,higgs_wcc_8560,science_news,2
higgs,higgs_wcc_8561,science_news,2
higgs,higgs_wcc_8562,science_news,2
higgs,higgs_wcc_8563,science_news,2
higgs,higgs_wcc_8564,science_news,2
higgs,higgs_wcc_8565,science_news,2
higgs,higgs_wcc_8566,science_news,2
higgs,higgs_wcc_8567,science_news,2
higgs,higgs_wcc_8568,science_news,2
higgs,higgs_wcc_8569,science_news,2
higgs,higgs_wcc_8570,science_news,2
higgs,higgs_wcc_8571,science_news,2
higgs,higgs_wcc_8572,science_news,2
higgs,higgs_wcc_8573,science_news,2
higgs,higgs_wcc_8574,science_news,2
higgs,higgs_wcc_8575,science_news,2
higgs,higgs_wcc_8576,science_news,2
higgs,higgs_wcc_8577,science_news,2
higgs,higgs_wcc_8578,science_news,2
higgs,higgs_wcc_8579,science_news,2
higgs,higgs_wcc_8580,science_news,2
higgs,higgs_wcc_8581,science_news,2
higgs,higgs_wcc_8582,science_news,2
higgs,higgs_wcc_8583,science_news,2
higgs,higgs_wcc_8584,science_news,2
higgs,higgs_wcc_8585,science_news,2
higgs,higgs_wcc_8586,science_news,2
higgs,higgs_wcc_8587,science_news,2
higgs,higgs_wcc_8588,science_news,2
higgs,higgs_wcc_8589,science_news,2
higgs,higgs_wcc_8590,science_news,2
higgs,higgs_wcc_8591,science_news,2
higgs,higgs_wcc_8592,science_news,2
higgs,higgs_wcc_8593,science_news,2
higgs,higgs_wcc_8594,science_news,2
higgs,higgs_wcc_8595,science_news,2
higgs,higgs_wcc_8596,science_news,2
higgs,higgs_wcc_8597,science_news,2
higgs,higgs_wcc_8598,science_news,2
higgs,higgs_wcc_8599,science_news,2
higgs,higgs_wcc_8600,science_news,2
higgs,higgs_wcc_8601,science_news,2
higgs,higgs_wcc_8602,science_news,2
higgs,higgs_wcc_8603,science_news,2
higgs,higgs_wcc_8604,science_news,2
higgs,higgs_wcc_8605,science_news,2
higgs,higgs_wcc_8606,science_news,2
higgs,higgs_wcc_8607,science_news,2
higgs,higgs_wcc_8608,science_news,2
higgs,higgs_wcc_8609,science_news,2
higgs,higgs_wcc_8610,science_news,2
higgs,higgs_wcc_8611,science_news,2
higgs,higgs_wcc_8612,science_news,2
higgs,higgs_wcc_8613,science_news,2
higgs,higgs_wcc_8614,science_news,2
higgs,higgs_wcc_8615,science_news,2
higgs,higgs_wcc_8616,science_news,2
higgs,higgs_wcc_8617,science_news,2
higgs,higgs_wcc_8618,science_news,2
higgs,higgs_wcc_8619,science_news,2
higgs,higgs_wcc_8620,science_news,2
higgs,higgs_wcc_8621,science_news,2
higgs,higgs_wcc_8622,science_news,2
higgs,higgs_wcc_8623,science_news,2
higgs,higgs_wcc_8624,science_news,2
higgs,higgs_wcc_8625,science_news,2
higgs,higgs_wcc_8626,science_news,2
higgs,higgs_wcc_8627,science_news,2
higgs,higgs_wcc_8628,science_news,2
higgs,higgs_wcc_8629,science_news,2
higgs,higgs_wcc_8630,science_news,2
higgs,higgs_wcc_8631,science_news,2
higgs,higgs_wcc_8632,science_news,2
higgs,higgs_wcc_8633,science_news,2
higgs,higgs_wcc_8634,science_news,2
higgs,higgs_wcc_8635,science_news,2
higgs,higgs_wcc_8636,science_news,2
higgs,higgs_wcc_8637,science_news,2
higgs,higgs_wcc_8638,science_news,2
higgs,higgs_wcc_8639,science_news,2
higgs,higgs_wcc_8640,science_news,2
higgs,higgs_wcc_8641,science_news,2
higgs,higgs_wcc_8642,science_news,2
higgs,higgs_wcc_8643,science_news,2
higgs,higgs_wcc_8644,science_news,2
higgs,higgs_wcc_8645,science_news,2
higgs,higgs_wcc_8646,science_news,2
higgs,higgs_wcc_8647,science_news,2
higgs,higgs_wcc_8648,science_news,2
higgs,higgs_wcc_8649,science_news,2
higgs,higgs_wcc_8650,science_news,2
higgs,higgs_wcc_8651,science_news,2
higgs,higgs_wcc_8652,science_news,2
higgs,higgs_wcc_8653,science_news,2
higgs,higgs_wcc_8654,science_news,2
higgs,higgs_wcc_8655,science_news,2
higgs,higgs_wcc_8656,science_news,2
higgs,higgs_wcc_8657,science_news,2
higgs,higgs_wcc_8658,science_news,2
higgs,higgs_wcc_8659,science_news,2
higgs,higgs_wcc_8660,science_news,2
higgs,higgs_wcc_8661,science_news,2
higgs,higgs_wcc_8662,science_news,2
higgs,higgs_wcc_8663,science_news,2
higgs,higgs_wcc_8664,science_news,2
higgs,higgs_wcc_8665,science_news,2
higgs,higgs_wcc_8666,science_news,2
higgs,higgs_wcc_8667,science_news,2
higgs,higgs_wcc_8668,science_news,2
higgs,higgs_wcc_8669,science_news,2
higgs,higgs_wcc_8670,science_news,2
higgs,higgs_wcc_8671,science_news,2
higgs,higgs_wcc_8672,science_news,2
higgs,higgs_wcc_8673,science_news,2
higgs,higgs_wcc_8674,science_news,2
higgs,higgs_wcc_8675,science_news,2
higgs,higgs_wcc_8676,science_news,2
higgs,higgs_wcc_8677,science_news,2
higgs,higgs_wcc_8678,science_news,2
higgs,higgs_wcc_8679,science_news,2
higgs,higgs_wcc_8680,science_news,2
higgs,higgs_wcc_8681,science_news,2
higgs,higgs_wcc_8682,science_news,2
higgs,higgs_wcc_8683,science_news,2
higgs,higgs_wcc_8684,science_news,2
higgs,higgs_wcc_8685,science_news,2
higgs,higgs_wcc_8686,science_news,2
higgs,higgs_wcc_8687,science_news,2
higgs,higgs_wcc_8688,science_news,2
higgs,higgs_wcc_8689,science_news,2
higgs,higgs_wcc_8690,science_news,2
higgs,higgs_wcc_8691,science_news,2
higgs,higgs_wcc_8692,science_news,2
higgs,higgs_wcc_8693,science_news,2
higgs,higgs_wcc_8694,science_news,2
higgs,higgs_wcc_8695,science_news,2
higgs,higgs_wcc_8696,science_news,2
higgs,higgs_wcc_8697,science_news,2
higgs,higgs_wcc_8698,science_news,2
higgs,higgs_wcc_8699,science_news,2
higgs,higgs_wcc_8700,science_news,2
higgs,higgs_wcc_8701,science_news,2
higgs,higgs_wcc_8702,science_news,2
higgs,higgs_wcc_8703,science_news,2
higgs,higgs_wcc_8704,science_news,2
higgs,higgs_wcc_8705,science_news,2
higgs,higgs_wcc_8706,science_news,2
higgs,higgs_wcc_8707,science_news,2
higgs,higgs_wcc_8708,science_news,2
higgs,higgs_wcc_8709,science_news,2
higgs,higgs_wcc_8710,science_news,2
higgs,higgs_wcc_8711,science_news,2
higgs,higgs_wcc_8712,science_news,2
higgs,higgs_wcc_8713,science_news,2
higgs,higgs_wcc_8714,science_news,2
higgs,higgs_wcc_8715,science_news,2
higgs,higgs_wcc_8716,science_news,2
higgs,higgs_wcc_8717,science_news,2
higgs,higgs_wcc_8718,science_news,2
higgs,higgs_wcc_8719,science_news,2
higgs,higgs_wcc_8720,science_news,2
higgs,higgs_wcc_8721,science_news,2
higgs,higgs_wcc_8722,science_news,2
higgs,higgs_wcc_8723,science_news,2
higgs,higgs_wcc_8724,science_news,2
higgs,higgs_wcc_8725,science_news,2
higgs,higgs_wcc_8726,science_news,2
higgs,higgs_wcc_8727,science_news,2
higgs,higgs_wcc_8728,science_news,2
higgs,higgs_wcc_8729,science_news,2
higgs,higgs_wcc_8730,science_news,2
higgs,higgs_wcc_8731,science_news,2
higgs,higgs_wcc_8732,science_news,2
higgs,higgs_wcc_8733,science_news,2
higgs,higgs_wcc_8734,science_news,2
higgs,higgs_wcc_8735,science_news,2
higgs,higgs_wcc_8736,science_news,2
higgs,higgs_wcc_8737,science_news,2
higgs,higgs_wcc_8738,science_news,2
higgs,higgs_wcc_8739,science_news,2
higgs,higgs_wcc_8740,science_news,2
higgs,higgs_wcc_8741,science_news,2
higgs,higgs_wcc_8742,science_news,2
higgs,higgs_wcc_8743,science_news,2
higgs,higgs_wcc_8744,science_news,2
higgs,higgs_wcc_8745,science_news,2
higgs,higgs_wcc_8746,science_news,2
higgs,higgs_wcc_8747,science_news,2
higgs,higgs_wcc_8748,science_news,2
higgs,higgs_wcc_8749,science_news,2
higgs,higgs_wcc_8750,science_news,2
higgs,higgs_wcc_8751,science_news,2
higgs,higgs_wcc_8752,science_news,2
higgs,higgs_wcc_8753,science_news,2
higgs,higgs_wcc_8754,science_news,2
higgs,higgs_wcc_8755,science_news,2
higgs,higgs_wcc_8756,science_news,2
higgs,higgs_wcc_8757,science_news,2
higgs,higgs_wcc_8758,science_news,2
higgs,higgs_wcc_8759,science_news,2
higgs,higgs_wcc_8760,science_news,2
higgs,higgs_wcc_8761,science_news,2
higgs,higgs_wcc_8762,science_news,2
higgs,higgs_wcc_8763,science_news,2
higgs,higgs_wcc_8764,science_news,2
higgs,higgs_wcc_8765,science_news,2
higgs,higgs_wcc_8766,science_news,2
higgs,higgs_wcc_8767,science_news,2
higgs,higgs_wcc_8768,science_news,2
higgs,higgs_wcc_8769,science_news,2
higgs,higgs_wcc_8770,science_news,2
higgs,higgs_wcc_8771,science_news,2
higgs,higgs_wcc_8772,science_news,2
higgs,higgs_wcc_8773,science_news,2
higgs,higgs_wcc_8774,science_news,2
higgs,higgs_wcc_8775,science_news,2
higgs,higgs_wcc_8776,science_news,2
higgs,higgs_wcc_8777,science_news,2
higgs,higgs_wcc_8778,science_news,2
higgs,higgs_wcc_8779,science_news,2
higgs,higgs_wcc_8780,science_news,2
higgs,higgs_wcc_8781,science_news,2
higgs,higgs_wcc_8782,science_news,2
higgs,higgs_wcc_8783,science_news,2
higgs,higgs_wcc_8784,science_news,2
higgs,higgs_wcc_8785,science_news,2
higgs,higgs_wcc_8786,science_news,2
higgs,higgs_wcc_8787,science_news,2
higgs,higgs_wcc_8788,science_news,2
higgs,higgs_wcc_8789,science_news,2
higgs,higgs_wcc_8790,science_news,2
higgs,higgs_wcc_8791,science_news,2
higgs,higgs_wcc_8792,science_news,2
higgs,higgs_wcc_8793,science_news,2
higgs,higgs_wcc_8794,science_news,2
higgs,higgs_wcc_8795,science_news,2
higgs,higgs_wcc_8796,science_news,2
higgs,higgs_wcc_8797,science_news,2
higgs,higgs_wcc_8798,science_news,2
higgs,higgs_wcc_8799,science_news,2
higgs,higgs_wcc_8800,science_news,2
higgs,higgs_wcc_8801,science_news,2
higgs,higgs_wcc_8802,science_news,2
higgs,higgs_wcc_8803,science_news,2
higgs,higgs_wcc_8804,science_news,2
higgs,higgs_wcc_8805,science_news,2
higgs,higgs_wcc_8806,science_news,2
higgs,higgs_wcc_8807,science_news,2
higgs,higgs_wcc_8808,science_news,2
higgs,higgs_wcc_8809,science_news,2
higgs,higgs_wcc_8810,science_news,2
higgs,higgs_wcc_8811,science_news,2
higgs,higgs_wcc_8812,science_news,2
higgs,higgs_wcc_8813,science_news,2
higgs,higgs_wcc_8814,science_news,2
higgs,higgs_wcc_8815,science_news,2
higgs,higgs_wcc_8816,science_news,2
higgs,higgs_wcc_8817,science_news,2
higgs,higgs_wcc_8818,science_news,2
higgs,higgs_wcc_8819,science_news,2
higgs,higgs_wcc_8820,science_news,2
higgs,higgs_wcc_8821,science_news,2
higgs,higgs_wcc_8822,science_news,2
higgs,higgs_wcc_8823,science_news,2
higgs,higgs_wcc_8824,science_news,2
higgs,higgs_wcc_8825,science_news,2
higgs,higgs_wcc_8826,science_news,2
higgs,higgs_wcc_8827,science_news,2
higgs,higgs_wcc_8828,science_news,2
higgs,higgs_wcc_8829,science_news,2
higgs,higgs_wcc_8830,science_news,2
higgs,higgs_wcc_8831,science_news,2
higgs,higgs_wcc_8832,science_news,2
higgs,higgs_wcc_8833,science_news,2
higgs,higgs_wcc_8834,science_news,2
higgs,higgs_wcc_8835,science_news,2
higgs,higgs_wcc_8836,science_news,2
higgs,higgs_wcc_8837,science_news,2
higgs,higgs_wcc_8838,science_news,2
higgs,higgs_wcc_8839,science_news,2
higgs,higgs_wcc_8840,science_news,2
higgs,higgs_wcc_8841,science_news,2
higgs,higgs_wcc_8842,science_news,2
higgs,higgs_wcc_8843,science_news,2
higgs,higgs_wcc_8844,science_news,2
higgs,higgs_wcc_8845,science_news,2
higgs,higgs_wcc_8846,science_news,2
higgs,higgs_wcc_8847,science_news,2
higgs,higgs_wcc_8848,science_news,2
higgs,higgs_wcc_8849,science_news,2
higgs,higgs_wcc_8850,science_news,2
higgs,higgs_wcc_8851,science_news,2
higgs,higgs_wcc_8852,science_news,2
higgs,higgs_wcc_8853,science_news,2
higgs,higgs_wcc_8854,science_news,2
higgs,higgs_wcc_8855,science_news,2
higgs,higgs_wcc_8856,science_news,2
higgs,higgs_wcc_8857,science_news,2
higgs,higgs_wcc_8858,science_news,2
higgs,higgs_wcc_8859,science_news,2
higgs,higgs_wcc_8860,science_news,2
higgs,higgs_wcc_8861,science_news,2
higgs,higgs_wcc_8862,science_news,2
higgs,higgs_wcc_8863,science_news,2
higgs,higgs_wcc_8864,science_news,2
higgs,higgs_wcc_8865,science_news,2
higgs,higgs_wcc_8866,science_news,2
higgs,higgs_wcc_8867,science_news,2
higgs,higgs_wcc_8868,science_news,2
higgs,higgs_wcc_8869,science_news,2
higgs,higgs_wcc_8870,science_news,2
higgs,higgs_wcc_8871,science_news,2
higgs,higgs_wcc_8872,science_news,2
higgs,higgs_wcc_8873,science_news,2
higgs,higgs_wcc_8874,science_news,2
higgs,higgs_wcc_8875,science_news,2
higgs,higgs_wcc_8876,science_news,2
higgs,higgs_wcc_8877,science_news,2
higgs,higgs_wcc_8878,science_news,2
higgs,higgs_wcc_8879,science_news,2
higgs,higgs_wcc_8880,science_news,2
higgs,higgs_wcc_8881,science_news,2
higgs,higgs_wcc_8882,science_news,2
higgs,higgs_wcc_8883,science_news,2
higgs,higgs_wcc_8884,science_news,2
higgs,higgs_wcc_8885,science_news,2
higgs,higgs_wcc_8886,science_news,2
higgs,higgs_wcc_8887,science_news,2
higgs,higgs_wcc_8888,science_news,2
higgs,higgs_wcc_8889,science_news,2
higgs,higgs_wcc_8890,science_news,2
higgs,higgs_wcc_8891,science_news,2
higgs,higgs_wcc_8892,science_news,2
higgs,higgs_wcc_8893,science_news,2
higgs,higgs_wcc_8894,science_news,2
higgs,higgs_wcc_8895,science_news,2
higgs,higgs_wcc_8896,science_news,2
higgs,higgs_wcc_8897,science_news,2
higgs,higgs_wcc_8898,science_news,2
higgs,higgs_wcc_8899,science_news,2
higgs,higgs_wcc_8900,science_news,2
higgs,higgs_wcc_8901,science_news,2
higgs,higgs_wcc_8902,science_news,2
higgs,higgs_wcc_8903,science_news,2
higgs,higgs_wcc_8904,science_news,2
higgs,higgs_wcc_8905,science_news,2
higgs,higgs_wcc_8906,science_news,2
higgs,higgs_wcc_8907,science_news,2
higgs,higgs_wcc_8908,science_news,2
higgs,higgs_wcc_8909,science_news,2
higgs,higgs_wcc_8910,science_news,2
higgs,higgs_wcc_8911,science_news,2
higgs,higgs_wcc_8912,science_news,2
higgs,higgs_wcc_8913,science_news,2
higgs,higgs_wcc_8914,science_news,2
higgs,higgs_wcc_8915,science_news,2
higgs,higgs_wcc_8916,science_news,2
higgs,higgs_wcc_8917,science_news,2
higgs,higgs_wcc_8918,science_news,2
higgs,higgs_wcc_8919,science_news,2
higgs,higgs_wcc_8920,science_news,2
higgs,higgs_wcc_8921,science_news,2
higgs,higgs_wcc_8922,science_news,2
higgs,higgs_wcc_8923,science_news,2
higgs,higgs_wcc_8924,science_news,2
higgs,higgs_wcc_8925,science_news,2
higgs,higgs_wcc_8926,science_news,2
higgs,higgs_wcc_8927,science_news,2
higgs,higgs_wcc_8928,science_news,2
higgs,higgs_wcc_8929,science_news,2
higgs,higgs_wcc_8930,science_news,2
higgs,higgs_wcc_8931,science_news,2
higgs,higgs_wcc_8932,science_news,2
higgs,higgs_wcc_8933,science_news,2
higgs,higgs_wcc_8934,science_news,2
higgs,higgs_wcc_8935,science_news,2
higgs,higgs_wcc_8936,science_news,2
higgs,higgs_wcc_8937,science_news,2
higgs,higgs_wcc_8938,science_news,2
higgs,higgs_wcc_8939,science_news,2
higgs,higgs_wcc_8940,science_news,2
higgs,higgs_wcc_8941,science_news,2
higgs,higgs_wcc_8942,science_news,2
higgs,higgs_wcc_8943,science_news,2
higgs,higgs_wcc_8944,science_news,2
higgs,higgs_wcc_8945,science_news,2
higgs,higgs_wcc_8946,science_news,2
higgs,higgs_wcc_8947,science_news,2
higgs,higgs_wcc_8948,science_news,2
higgs,higgs_wcc_8949,science_news,2
higgs,higgs_wcc_8950,science_news,2
higgs,higgs_wcc_8951,science_news,2
higgs,higgs_wcc_8952,science_news,2
higgs,higgs_wcc_8953,science_news,2
higgs,higgs_wcc_8954,science_news,2
higgs,higgs_wcc_8955,science_news,2
higgs,higgs_wcc_8956,science_news,2
higgs,higgs_wcc_8957,science_news,2
higgs,higgs_wcc_8958,science_news,2
higgs,higgs_wcc_8959,science_news,2
higgs,higgs_wcc_8960,science_news,2
higgs,higgs_wcc_8961,science_news,2
higgs,higgs_wcc_8962,science_news,2
higgs,higgs_wcc_8963,science_news,2
higgs,higgs_wcc_8964,science_news,2
higgs,higgs_wcc_8965,science_news,2
higgs,higgs_wcc_8966,science_news,2
higgs,higgs_wcc_8967,science_news,2
higgs,higgs_wcc_8968,science_news,2
higgs,higgs_wcc_8969,science_news,2
higgs,higgs_wcc_8970,science_news,2
higgs,higgs_wcc_8971,science_news,2
higgs,higgs_wcc_8972,science_news,2
higgs,higgs_wcc_8973,science_news,2
higgs,higgs_wcc_8974,science_news,2
higgs,higgs_wcc_8975,science_news,2
higgs,higgs_wcc_8976,science_news,2
higgs,higgs_wcc_8977,science_news,2
higgs,higgs_wcc_8978,science_news,2
higgs,higgs_wcc_8979,science_news,2
higgs,higgs_wcc_8980,science_news,2
higgs,higgs_wcc_8981,science_news,2
higgs,higgs_wcc_8982,science_news,2
higgs,higgs_wcc_8983,science_news,2
higgs,higgs_wcc_8984,science_news,2
higgs,higgs_wcc_8985,science_news,2
higgs,higgs_wcc_8986,science_news,2
higgs,higgs_wcc_8987,science_news,2
higgs,higgs_wcc_8988,science_news,2
higgs,higgs_wcc_8989,science_news,2
higgs,higgs_wcc_8990,science_news,2
higgs,higgs_wcc_8991,science_news,2
higgs,higgs_wcc_8992,science_news,2
higgs,higgs_wcc_8993,science_news,2
higgs,higgs_wcc_8994,science_news,2
higgs,higgs_wcc_8995,science_news,2
higgs,higgs_wcc_8996,science_news,2
higgs,higgs_wcc_8997,science_news,2
higgs,higgs_wcc_8998,science_news,2
higgs,higgs_wcc_8999,science_news,2
higgs,higgs_wcc_9000,science_news,2
higgs,higgs_wcc_9001,science_news,2
higgs,higgs_wcc_9002,science_news,2
higgs,higgs_wcc_9003,science_news,2
higgs,higgs_wcc_9004,science_news,2
higgs,higgs_wcc_9005,science_news,2
higgs,higgs_wcc_9006,science_news,2
higgs,higgs_wcc_9007,science_news,2
higgs,higgs_wcc_9008,science_news,2
higgs,higgs_wcc_9009,science_news,2
higgs,higgs_wcc_9010,science_news,2
higgs,higgs_wcc_9011,science_news,2
higgs,higgs_wcc_9012,science_news,2
higgs,higgs_wcc_9013,science_news,2
higgs,higgs_wcc_9014,science_news,2
higgs,higgs_wcc_9015,science_news,2
higgs,higgs_wcc_9016,science_news,2
higgs,higgs_wcc_9017,science_news,2
higgs,higgs_wcc_9018,science_news,2
higgs,higgs_wcc_9019,science_news,2
higgs,higgs_wcc_9020,science_news,2
higgs,higgs_wcc_9021,science_news,2
higgs,higgs_wcc_9022,science_news,2
higgs,higgs_wcc_9023,science_news,2
higgs,higgs_wcc_9024,science_news,2
higgs,higgs_wcc_9025,science_news,2
higgs,higgs_wcc_9026,science_news,2
higgs,higgs_wcc_9027,science_news,2
higgs,higgs_wcc_9028,science_news,2
higgs,higgs_wcc_9029,science_news,2
higgs,higgs_wcc_9030,science_news,2
higgs,higgs_wcc_9031,science_news,2
higgs,higgs_wcc_9032,science_news,2
higgs,higgs_wcc_9033,science_news,2
higgs,higgs_wcc_9034,science_news,2
higgs,higgs_wcc_9035,science_news,2
higgs,higgs_wcc_9036,science_news,2
higgs,higgs_wcc_9037,science_news,2
higgs,higgs_wcc_9038,science_news,2
higgs,higgs_wcc_9039,science_news,2
higgs,higgs_wcc_9040,science_news,2
higgs,higgs_wcc_9041,science_news,2
higgs,higgs_wcc_9042,science_news,2
higgs,higgs_wcc_9043,science_news,2
higgs,higgs_wcc_9044,science_news,2
higgs,higgs_wcc_9045,science_news,2
higgs,higgs_wcc_9046,science_news,2
higgs,higgs_wcc_9047,science_news,2
higgs,higgs_wcc_9048,science_news,2
higgs,higgs_wcc_9049,science_news,2
higgs,higgs_wcc_9050,science_news,2
higgs,higgs_wcc_9051,science_news,2
higgs,higgs_wcc_9052,science_news,2
higgs,higgs_wcc_9053,science_news,2
higgs,higgs_wcc_9054,science_news,2
higgs,higgs_wcc_9055,science_news,2
higgs,higgs_wcc_9056,science_news,2
higgs,higgs_wcc_9057,science_news,2
higgs,higgs_wcc_9058,science_news,2
higgs,higgs_wcc_9059,science_news,2
higgs,higgs_wcc_9060,science_news,2
higgs,higgs_wcc_9061,science_news,2
higgs,higgs_wcc_9062,science_news,2
higgs,higgs_wcc_9063,science_news,2
higgs,higgs_wcc_9064,science_news,2
higgs,higgs_wcc_9065,science_news,2
higgs,higgs_wcc_9066,science_news,2
higgs,higgs_wcc_9067,science_news,2
higgs,higgs_wcc_9068,science_news,2
higgs,higgs_wcc_9069,science_news,2
higgs,higgs_wcc_9070,science_news,2
higgs,higgs_wcc_9071,science_news,2
higgs,higgs_wcc_9072,science_news,2
higgs,higgs_wcc_9073,science_news,2
higgs,higgs_wcc_9074,science_news,2
higgs,higgs_wcc_9075,science_news,2
higgs,higgs_wcc_9076,science_news,2
higgs,higgs_wcc_9077,science_news,2
higgs,higgs_wcc_9078,science_news,2
higgs,higgs_wcc_9079,science_news,2
higgs,higgs_wcc_9080,science_news,2
higgs,higgs_wcc_9081,science_news,2
higgs,higgs_wcc_9082,science_news,2
higgs,higgs_wcc_9083,science_news,2
higgs,higgs_wcc_9084,science_news,2
higgs,higgs_wcc_9085,science_news,2
higgs,higgs_wcc_9086,science_news,2
higgs,higgs_wcc_9087,science_news,2
higgs,higgs_wcc_9088,science_news,2
higgs,higgs_wcc_9089,science_news,2
higgs,higgs_wcc_9090,science_news,2
higgs,higgs_wcc_9091,science_news,2
higgs,higgs_wcc_9092,science_news,2
higgs,higgs_wcc_9093,science_news,2
higgs,higgs_wcc_9094,science_news,2
higgs,higgs_wcc_9095,science_news,2
higgs,higgs_wcc_9096,science_news,2
higgs,higgs_wcc_9097,science_news,2
higgs,higgs_wcc_9098,science_news,2
higgs,higgs_wcc_9099,science_news,2
higgs,higgs_wcc_9100,science_news,2
higgs,higgs_wcc_9101,science_news,2
higgs,higgs_wcc_9102,science_news,2
higgs,higgs_wcc_9103,science_news,2
higgs,higgs_wcc_9104,science_news,2
higgs,higgs_wcc_9105,science_news,2
higgs,higgs_wcc_9106,science_news,2
higgs,higgs_wcc_9107,science_news,2
higgs,higgs_wcc_9108,science_news,2
higgs,higgs_wcc_9109,science_news,2
higgs,higgs_wcc_9110,science_news,2
higgs,higgs_wcc_9111,science_news,2
higgs,higgs_wcc_9112,science_news,2
higgs,higgs_wcc_9113,science_news,2
higgs,higgs_wcc_9114,science_news,2
higgs,higgs_wcc_9115,science_news,2
higgs,higgs_wcc_9116,science_news,2
higgs,higgs_wcc_9117,science_news,2
higgs,higgs_wcc_9118,science_news,2
higgs,higgs_wcc_9119,science_news,2
higgs,higgs_wcc_9120,science_news,2
higgs,higgs_wcc_9121,science_news,2
higgs,higgs_wcc_9122,science_news,2
higgs,higgs_wcc_9123,science_news,2
higgs,higgs_wcc_9124,science_news,2
higgs,higgs_wcc_9125,science_news,2
higgs,higgs_wcc_9126,science_news,2
higgs,higgs_wcc_9127,science_news,2
higgs,higgs_wcc_9128,science_news,2
higgs,higgs_wcc_9129,science_news,2
higgs,higgs_wcc_9130,science_news,2
higgs,higgs_wcc_9131,science_news,2
higgs,higgs_wcc_9132,science_news,2
higgs,higgs_wcc_9133,science_news,2
higgs,higgs_wcc_9134,science_news,2
higgs,higgs_wcc_9135,science_news,2
higgs,higgs_wcc_9136,science_news,2
higgs,higgs_wcc_9137,science_news,2
higgs,higgs_wcc_9138,science_news,2
higgs,higgs_wcc_9139,science_news,2
higgs,higgs_wcc_9140,science_news,2
higgs,higgs_wcc_9141,science_news,2
higgs,higgs_wcc_9142,science_news,2
higgs,higgs_wcc_9143,science_news,2
higgs,higgs_wcc_9144,science_news,2
higgs,higgs_wcc_9145,science_news,2
higgs,higgs_wcc_9146,science_news,2
higgs,higgs_wcc_9147,science_news,2
higgs,higgs_wcc_9148,science_news,2
higgs,higgs_wcc_9149,science_news,2
higgs,higgs_wcc_9150,science_news,2
higgs,higgs_wcc_9151,science_news,2
higgs,higgs_wcc_9152,science_news,2
higgs,higgs_wcc_9153,science_news,2
higgs,higgs_wcc_9154,science_news,2
higgs,higgs_wcc_9155,science_news,2
higgs,higgs_wcc_9156,science_news,2
higgs,higgs_wcc_9157,science_news,2
higgs,higgs_wcc_9158,science_news,2
higgs,higgs_wcc_9159,science_news,2
higgs,higgs_wcc_9160,science_news,2
higgs,higgs_wcc_9161,science_news,2
higgs,higgs_wcc_9162,science_news,2
higgs,higgs_wcc_9163,science_news,2
higgs,higgs_wcc_9164,science_news,2
higgs,higgs_wcc_9165,science_news,2
higgs,higgs_wcc_9166,science_news,2
higgs,higgs_wcc_9167,science_news,2
higgs,higgs_wcc_9168,science_news,2
higgs,higgs_wcc_9169,science_news,2
higgs,higgs_wcc_9170,science_news,2
higgs,higgs_wcc_9171,science_news,2
higgs,higgs_wcc_9172,science_news,2
higgs,higgs_wcc_9173,science_news,2
higgs,higgs_wcc_9174,science_news,2
higgs,higgs_wcc_9175,science_news,2
higgs,higgs_wcc_9176,science_news,2
higgs,higgs_wcc_9177,science_news,2
higgs,higgs_wcc_9178,science_news,2
higgs,higgs_wcc_9179,science_news,2
higgs,higgs_wcc_9180,science_news,2
higgs,higgs_wcc_9181,science_news,2
higgs,higgs_wcc_9182,science_news,2
higgs,higgs_wcc_9183,science_news,2
higgs,higgs_wcc_9184,science_news,2
higgs,higgs_wcc_9185,science_news,2
higgs,higgs_wcc_9186,science_news,2
higgs,higgs_wcc_9187,science_news,2
higgs,higgs_wcc_9188,science_news,2
higgs,higgs_wcc_9189,science_news,2
higgs,higgs_wcc_9190,science_news,2
higgs,higgs_wcc_9191,science_news,2
higgs,higgs_wcc_9192,science_news,2
higgs,higgs_wcc_9193,science_news,2
higgs,higgs_wcc_9194,science_news,2
higgs,higgs_wcc_9195,science_news,2
higgs,higgs_wcc_9196,science_news,2
higgs,higgs_wcc_9197,science_news,2
higgs,higgs_wcc_9198,science_news,2
higgs,higgs_wcc_9199,science_news,2
higgs,higgs_wcc_9200,science_news,2
higgs,higgs_wcc_9201,science_news,2
higgs,higgs_wcc_9202,science_news,2
higgs,higgs_wcc_9203,science_news,2
higgs,higgs_wcc_9204,science_news,2
higgs,higgs_wcc_9205,science_news,2
higgs,higgs_wcc_9206,science_news,2
higgs,higgs_wcc_9207,science_news,2
higgs,higgs_wcc_9208,science_news,2
higgs,higgs_wcc_9209,science_news,2
higgs,higgs_wcc_9210,science_news,2
higgs,higgs_wcc_9211,science_news,2
higgs,higgs_wcc_9212,science_news,2
higgs,higgs_wcc_9213,science_news,2
higgs,higgs_wcc_9214,science_news,2
higgs,higgs_wcc_9215,science_news,2
higgs,higgs_wcc_9216,science_news,2
higgs,higgs_wcc_9217,science_news,2
higgs,higgs_wcc_9218,science_news,2
higgs,higgs_wcc_9219,science_news,2
higgs,higgs_wcc_9220,science_news,2
higgs,higgs_wcc_9221,science_news,2
higgs,higgs_wcc_9222,science_news,2
higgs,higgs_wcc_9223,science_news,2
higgs,higgs_wcc_9224,science_news,2
higgs,higgs_wcc_9225,science_news,2
higgs,higgs_wcc_9226,science_news,2
higgs,higgs_wcc_9227,science_news,2
higgs,higgs_wcc_9228,science_news,2
higgs,higgs_wcc_9229,science_news,2
higgs,higgs_wcc_9230,science_news,2
higgs,higgs_wcc_9231,science_news,2
higgs,higgs_wcc_9232,science_news,2
higgs,higgs_wcc_9233,science_news,2
higgs,higgs_wcc_9234,science_news,2
higgs,higgs_wcc_9235,science_news,2
higgs,higgs_wcc_9236,science_news,2
higgs,higgs_wcc_9237,science_news,2
higgs,higgs_wcc_9238,science_news,2
higgs,higgs_wcc_9239,science_news,2
higgs,higgs_wcc_9240,science_news,2
higgs,higgs_wcc_9241,science_news,2
higgs,higgs_wcc_9242,science_news,2
higgs,higgs_wcc_9243,science_news,2
higgs,higgs_wcc_9244,science_news,2
higgs,higgs_wcc_9245,science_news,2
higgs,higgs_wcc_9246,science_news,2
higgs,higgs_wcc_9247,science_news,2
higgs,higgs_wcc_9248,science_news,2
higgs,higgs_wcc_9249,science_news,2
higgs,higgs_wcc_9250,science_news,2
higgs,higgs_wcc_9251,science_news,2
higgs,higgs_wcc_9252,science_news,2
higgs,higgs_wcc_9253,science_news,2
higgs,higgs_wcc_9254,science_news,2
higgs,higgs_wcc_9255,science_news,2
higgs,higgs_wcc_9256,science_news,2
higgs,higgs_wcc_9257,science_news,2
higgs,higgs_wcc_9258,science_news,2
higgs,higgs_wcc_9259,science_news,2
higgs,higgs_wcc_9260,science_news,2
higgs,higgs_wcc_9261,science_news,2
higgs,higgs_wcc_9262,science_news,2
higgs,higgs_wcc_9263,science_news,2
higgs,higgs_wcc_9264,science_news,2
higgs,higgs_wcc_9265,science_news,2
higgs,higgs_wcc_9266,science_news,2
higgs,higgs_wcc_9267,science_news,2
higgs,higgs_wcc_9268,science_news,2
higgs,higgs_wcc_9269,science_news,2
higgs,higgs_wcc_9270,science_news,2
higgs,higgs_wcc_9271,science_news,2
higgs,higgs_wcc_9272,science_news,2
higgs,higgs_wcc_9273,science_news,2
higgs,higgs_wcc_9274,science_news,2
higgs,higgs_wcc_9275,science_news,2
higgs,higgs_wcc_9276,science_news,2
higgs,higgs_wcc_9277,science_news,2
higgs,higgs_wcc_9278,science_news,2
higgs,higgs_wcc_9279,science_news,2
higgs,higgs_wcc_9280,science_news,2
higgs,higgs_wcc_9281,science_news,2
higgs,higgs_wcc_9282,science_news,2
higgs,higgs_wcc_9283,science_news,2
higgs,higgs_wcc_9284,science_news,2
higgs,higgs_wcc_9285,science_news,2
higgs,higgs_wcc_9286,science_news,2
higgs,higgs_wcc_9287,science_news,2
higgs,higgs_wcc_9288,science_news,2
higgs,higgs_wcc_9289,science_news,2
higgs,higgs_wcc_9290,science_news,2
higgs,higgs_wcc_9291,science_news,2
higgs,higgs_wcc_9292,science_news,2
higgs,higgs_wcc_9293,science_news,2
higgs,higgs_wcc_9294,science_news,2
higgs,higgs_wcc_9295,science_news,2
higgs,higgs_wcc_9296,science_news,2
higgs,higgs_wcc_9297,science_news,2
higgs,higgs_wcc_9298,science_news,2
higgs,higgs_wcc_9299,science_news,2
higgs,higgs_wcc_9300,science_news,2
higgs,higgs_wcc_9301,science_news,2
higgs,higgs_wcc_9302,science_news,2
higgs,higgs_wcc_9303,science_news,2
higgs,higgs_wcc_9304,science_news,2
higgs,higgs_wcc_9305,science_news,2
higgs,higgs_wcc_9306,science_news,2
higgs,higgs_wcc_9307,science_news,2
higgs,higgs_wcc_9308,science_news,2
higgs,higgs_wcc_9309,science_news,2
higgs,higgs_wcc_9310,science_news,2
higgs,higgs_wcc_9311,science_news,2
higgs,higgs_wcc_9312,science_news,2
higgs,higgs_wcc_9313,science_news,2
higgs,higgs_wcc_9314,science_news,2
higgs,higgs_wcc_9315,science_news,2
higgs,higgs_wcc_9316,science_news,2
higgs,higgs_wcc_9317,science_news,2
higgs,higgs_wcc_9318,science_news,2
higgs,higgs_wcc_9319,science_news,2
higgs,higgs_wcc_9320,science_news,2
higgs,higgs_wcc_9321,science_news,2
higgs,higgs_wcc_9322,science_news,2
higgs,higgs_wcc_9323,science_news,2
higgs,higgs_wcc_9324,science_news,2
higgs,higgs_wcc_9325,science_news,2
higgs,higgs_wcc_9326,science_news,2
higgs,higgs_wcc_9327,science_news,2
higgs,higgs_wcc_9328,science_news,2
higgs,higgs_wcc_9329,science_news,2
higgs,higgs_wcc_9330,science_news,2
higgs,higgs_wcc_9331,science_news,2
higgs,higgs_wcc_9332,science_news,2
higgs,higgs_wcc_9333,science_news,2
higgs,higgs_wcc_9334,science_news,2
higgs,higgs_wcc_9335,science_news,2
higgs,higgs_wcc_9336,science_news,2
higgs,higgs_wcc_9337,science_news,2
higgs,higgs_wcc_9338,science_news,2
higgs,higgs_wcc_9339,science_news,2
higgs,higgs_wcc_9340,science_news,2
higgs,higgs_wcc_9341,science_news,2
higgs,higgs_wcc_9342,science_news,2
higgs,higgs_wcc_9343,science_news,2
higgs,higgs_wcc_9344,science_news,2
higgs,higgs_wcc_9345,science_news,2
higgs,higgs_wcc_9346,science_news,2
higgs,higgs_wcc_9347,science_news,2
higgs,higgs_wcc_9348,science_news,2
higgs,higgs_wcc_9349,science_news,2
higgs,higgs_wcc_9350,science_news,2
higgs,higgs_wcc_9351,science_news,2
higgs,higgs_wcc_9352,science_news,2
higgs,higgs_wcc_9353,science_news,2
higgs,higgs_wcc_9354,science_news,2
higgs,higgs_wcc_9355,science_news,2
higgs,higgs_wcc_9356,science_news,2
higgs,higgs_wcc_9357,science_news,2
higgs,higgs_wcc_9358,science_news,2
higgs,higgs_wcc_9359,science_news,2
higgs,higgs_wcc_9360,science_news,2
higgs,higgs_wcc_9361,science_news,2
higgs,higgs_wcc_9362,science_news,2
higgs,higgs_wcc_9363,science_news,2
higgs,higgs_wcc_9364,science_news,2
higgs,higgs_wcc_9365,science_news,2
higgs,higgs_wcc_9366,science_news,2
higgs,higgs_wcc_9367,science_news,2
higgs,higgs_wcc_9368,science_news,2
higgs,higgs_wcc_9369,science_news,2
higgs,higgs_wcc_9370,science_news,2
higgs,higgs_wcc_9371,science_news,2
higgs,higgs_wcc_9372,science_news,2
higgs,higgs_wcc_9373,science_news,2
higgs,higgs_wcc_9374,science_news,2
higgs,higgs_wcc_9375,science_news,2
higgs,higgs_wcc_9376,science_news,2
higgs,higgs_wcc_9377,science_news,2
higgs,higgs_wcc_9378,science_news,2
higgs,higgs_wcc_9379,science_news,2
higgs,higgs_wcc_9380,science_news,2
higgs,higgs_wcc_9381,science_news,2
higgs,higgs_wcc_9382,science_news,2
higgs,higgs_wcc_9383,science_news,2
higgs,higgs_wcc_9384,science_news,2
higgs,higgs_wcc_9385,science_news,2
higgs,higgs_wcc_9386,science_news,2
higgs,higgs_wcc_9387,science_news,2
higgs,higgs_wcc_9388,science_news,2
higgs,higgs_wcc_9389,science_news,2
higgs,higgs_wcc_9390,science_news,2
higgs,higgs_wcc_9391,science_news,2
higgs,higgs_wcc_9392,science_news,2
higgs,higgs_wcc_9393,science_news,2
higgs,higgs_wcc_9394,science_news,2
higgs,higgs_wcc_9395,science_news,2
higgs,higgs_wcc_9396,science_news,2
higgs,higgs_wcc_9397,science_news,2
higgs,higgs_wcc_9398,science_news,2
higgs,higgs_wcc_9399,science_news,2
higgs,higgs_wcc_9400,science_news,2
higgs,higgs_wcc_9401,science_news,2
higgs,higgs_wcc_9402,science_news,2
higgs,higgs_wcc_9403,science_news,2
higgs,higgs_wcc_9404,science_news,2
higgs,higgs_wcc_9405,science_news,2
higgs,higgs_wcc_9406,science_news,2
higgs,higgs_wcc_9407,science_news,2
higgs,higgs_wcc_9408,science_news,2
higgs,higgs_wcc_9409,science_news,2
higgs,higgs_wcc_9410,science_news,2
higgs,higgs_wcc_9411,science_news,2
higgs,higgs_wcc_9412,science_news,2
higgs,higgs_wcc_9413,science_news,2
higgs,higgs_wcc_9414,science_news,2
higgs,higgs_wcc_9415,science_news,2
higgs,higgs_wcc_9416,science_news,2
higgs,higgs_wcc_9417,science_news,2
higgs,higgs_wcc_9418,science_news,2
higgs,higgs_wcc_9419,science_news,2
higgs,higgs_wcc_9420,science_news,2
higgs,higgs_wcc_9421,science_news,2
higgs,higgs_wcc_9422,science_news,2
higgs,higgs_wcc_9423,science_news,2
higgs,higgs_wcc_9424,science_news,2
higgs,higgs_wcc_9425,science_news,2
higgs,higgs_wcc_9426,science_news,2
higgs,higgs_wcc_9427,science_news,2
higgs,higgs_wcc_9428,science_news,2
higgs,higgs_wcc_9429,science_news,2
higgs,higgs_wcc_9430,science_news,2
higgs,higgs_wcc_9431,science_news,2
higgs,higgs_wcc_9432,science_news,2
higgs,higgs_wcc_9433,science_news,2
higgs,higgs_wcc_9434,science_news,2
higgs,higgs_wcc_9435,science_news,2
higgs,higgs_wcc_9436,science_news,2
higgs,higgs_wcc_9437,science_news,2
higgs,higgs_wcc_9438,science_news,2
higgs,higgs_wcc_9439,science_news,2
higgs,higgs_wcc_9440,science_news,2
higgs,higgs_wcc_9441,science_news,2
higgs,higgs_wcc_9442,science_news,2
higgs,higgs_wcc_9443,science_news,2
higgs,higgs_wcc_9444,science_news,2
higgs,higgs_wcc_9445,science_news,2
higgs,higgs_wcc_9446,science_news,2
higgs,higgs_wcc_9447,science_news,2
higgs,higgs_wcc_9448,science_news,2
higgs,higgs_wcc_9449,science_news,2
higgs,higgs_wcc_9450,science_news,2
higgs,higgs_wcc_9451,science_news,2
higgs,higgs_wcc_9452,science_news,2
higgs,higgs_wcc_9453,science_news,2
higgs,higgs_wcc_9454,science_news,2
higgs,higgs_wcc_9455,science_news,2
higgs,higgs_wcc_9456,science_news,2
higgs,higgs_wcc_9457,science_news,2
higgs,higgs_wcc_9458,science_news,2
higgs,higgs_wcc_9459,science_news,2
higgs,higgs_wcc_9460,science_news,2
higgs,higgs_wcc_9461,science_news,2
higgs,higgs_wcc_9462,science_news,2
higgs,higgs_wcc_9463,science_news,2
higgs,higgs_wcc_9464,science_news,2
higgs,higgs_wcc_9465,science_news,2
higgs,higgs_wcc_9466,science_news,2
higgs,higgs_wcc_9467,science_news,2
higgs,higgs_wcc_9468,science_news,2
higgs,higgs_wcc_9469,science_news,2
higgs,higgs_wcc_9470,science_news,2
higgs,higgs_wcc_9471,science_news,2
higgs,higgs_wcc_9472,science_news,2
higgs,higgs_wcc_9473,science_news,2
higgs,higgs_wcc_9474,science_news,2
higgs,higgs_wcc_9475,science_news,2
higgs,higgs_wcc_9476,science_news,2
higgs,higgs_wcc_9477,science_news,2
higgs,higgs_wcc_9478,science_news,2
higgs,higgs_wcc_9479,science_news,2
higgs,higgs_wcc_9480,science_news,2
higgs,higgs_wcc_9481,science_news,2
higgs,higgs_wcc_9482,science_news,2
higgs,higgs_wcc_9483,science_news,2
higgs,higgs_wcc_9484,science_news,2
higgs,higgs_wcc_9485,science_news,2
higgs,higgs_wcc_9486,science_news,2
higgs,higgs_wcc_9487,science_news,2
higgs,higgs_wcc_9488,science_news,2
higgs,higgs_wcc_9489,science_news,2
higgs,higgs_wcc_9490,science_news,2
higgs,higgs_wcc_9491,science_news,2
higgs,higgs_wcc_9492,science_news,2
higgs,higgs_wcc_9493,science_news,2
higgs,higgs_wcc_9494,science_news,2
higgs,higgs_wcc_9495,science_news,2
higgs,higgs_wcc_9496,science_news,2
higgs,higgs_wcc_9497,science_news,2
higgs,higgs_wcc_9498,science_news,2
higgs,higgs_wcc_9499,science_news,2
higgs,higgs_wcc_9500,science_news,2
higgs,higgs_wcc_9501,science_news,2
higgs,higgs_wcc_9502,science_news,2
higgs,higgs_wcc_9503,science_news,2
higgs,higgs_wcc_9504,science_news,2
higgs,higgs_wcc_9505,science_news,2
higgs,higgs_wcc_9506,science_news,2
higgs,higgs_wcc_9507,science_news,2
higgs,higgs_wcc_9508,science_news,2
higgs,higgs_wcc_9509,science_news,2
higgs,higgs_wcc_9510,science_news,2
higgs,higgs_wcc_9511,science_news,2
higgs,higgs_wcc_9512,science_news,2
higgs,higgs_wcc_9513,science_news,2
higgs,higgs_wcc_9514,science_news,2
higgs,higgs_wcc_9515,science_news,2
higgs,higgs_wcc_9516,science_news,2
higgs,higgs_wcc_9517,science_news,2
higgs,higgs_wcc_9518,science_news,2
higgs,higgs_wcc_9519,science_news,2
higgs,higgs_wcc_9520,science_news,2
higgs,higgs_wcc_9521,science_news,2
higgs,higgs_wcc_9522,science_news,2
higgs,higgs_wcc_9523,science_news,2
higgs,higgs_wcc_9524,science_news,2
higgs,higgs_wcc_9525,science_news,2
higgs,higgs_wcc_9526,science_news,2
higgs,higgs_wcc_9527,science_news,2
higgs,higgs_wcc_9528,science_news,2
higgs,higgs_wcc_9529,science_news,2
higgs,higgs_wcc_9530,science_news,2
higgs,higgs_wcc_9531,science_news,2
higgs,higgs_wcc_9532,science_news,2
higgs,higgs_wcc_9533,science_news,2
higgs,higgs_wcc_9534,science_news,2
higgs,higgs_wcc_9535,science_news,2
higgs,higgs_wcc_9536,science_news,2
higgs,higgs_wcc_9537,science_news,2
higgs,higgs_wcc_9538,science_news,2
higgs,higgs_wcc_9539,science_news,2
higgs,higgs_wcc_9540,science_news,2
higgs,higgs_wcc_9541,science_news,2
higgs,higgs_wcc_9542,science_news,2
higgs,higgs_wcc_9543,science_news,2
higgs,higgs_wcc_9544,science_news,2
higgs,higgs_wcc_9545,science_news,2
higgs,higgs_wcc_9546,science_news,2
higgs,higgs_wcc_9547,science_news,2
higgs,higgs_wcc_9548,science_news,2
higgs,higgs_wcc_9549,science_news,2
higgs,higgs_wcc_9550,science_news,2
higgs,higgs_wcc_9551,science_news,2
higgs,higgs_wcc_9552,science_news,2
higgs,higgs_wcc_9553,science_news,2
higgs,higgs_wcc_9554,science_news,2
higgs,higgs_wcc_9555,science_news,2
higgs,higgs_wcc_9556,science_news,2
higgs,higgs_wcc_9557,science_news,2
higgs,higgs_wcc_9558,science_news,2
higgs,higgs_wcc_9559,science_news,2
higgs,higgs_wcc_9560,science_news,2
higgs,higgs_wcc_9561,science_news,2
higgs,higgs_wcc_9562,science_news,2
higgs,higgs_wcc_9563,science_news,2
higgs,higgs_wcc_9564,science_news,2
higgs,higgs_wcc_9565,science_news,2
higgs,higgs_wcc_9566,science_news,2
higgs,higgs_wcc_9567,science_news,2
higgs,higgs_wcc_9568,science_news,2
higgs,higgs_wcc_9569,science_news,2
higgs,higgs_wcc_9570,science_news,2
higgs,higgs_wcc_9571,science_news,2
higgs,higgs_wcc_9572,science_news,2
higgs,higgs_wcc_9573,science_news,2
higgs,higgs_wcc_9574,science_news,2
higgs,higgs_wcc_9575,science_news,2
higgs,higgs_wcc_9576,science_news,2
higgs,higgs_wcc_9577,science_news,2
higgs,higgs_wcc_9578,science_news,2
higgs,higgs_wcc_9579,science_news,2
higgs,higgs_wcc_9580,science_news,2
higgs,higgs_wcc_9581,science_news,2
higgs,higgs_wcc_9582,science_news,2
higgs,higgs_wcc_9583,science_news,2
higgs,higgs_wcc_9584,science_news,2
higgs,higgs_wcc_9585,science_news,2
higgs,higgs_wcc_9586,science_news,2
higgs,higgs_wcc_9587,science_news,2
higgs,higgs_wcc_9588,science_news,2
higgs,higgs_wcc_9589,science_news,2
higgs,higgs_wcc_9590,science_news,2
higgs,higgs_wcc_9591,science_news,2
higgs,higgs_wcc_9592,science_news,2
higgs,higgs_wcc_9593,science_news,2
higgs,higgs_wcc_9594,science_news,2
higgs,higgs_wcc_9595,science_news,2
higgs,higgs_wcc_9596,science_news,2
higgs,higgs_wcc_9597,science_news,2
higgs,higgs_wcc_9598,science_news,2
higgs,higgs_wcc_9599,science_news,2
higgs,higgs_wcc_9600,science_news,2
higgs,higgs_wcc_9601,science_news,2
higgs,higgs_wcc_9602,science_news,2
higgs,higgs_wcc_9603,science_news,2
higgs,higgs_wcc_9604,science_news,2
higgs,higgs_wcc_9605,science_news,2
higgs,higgs_wcc_9606,science_news,2
higgs,higgs_wcc_9607,science_news,2
higgs,higgs_wcc_9608,science_news,2
higgs,higgs_wcc_9609,science_news,2
higgs,higgs_wcc_9610,science_news,2
higgs,higgs_wcc_9611,science_news,2
higgs,higgs_wcc_9612,science_news,2
higgs,higgs_wcc_9613,science_news,2
higgs,higgs_wcc_9614,science_news,2
higgs,higgs_wcc_9615,science_news,2
higgs,higgs_wcc_9616,science_news,2
higgs,higgs_wcc_9617,science_news,2
higgs,higgs_wcc_9618,science_news,2
higgs,higgs_wcc_9619,science_news,2
higgs,higgs_wcc_9620,science_news,2
higgs,higgs_wcc_9621,science_news,2
higgs,higgs_wcc_9622,science_news,2
higgs,higgs_wcc_9623,science_news,2
higgs,higgs_wcc_9624,science_news,2
higgs,higgs_wcc_9625,science_news,2
higgs,higgs_wcc_9626,science_news,2
higgs,higgs_wcc_9627,science_news,2
higgs,higgs_wcc_9628,science_news,2
higgs,higgs_wcc_9629,science_news,2
higgs,higgs_wcc_9630,science_news,2
higgs,higgs_wcc_9631,science_news,2
higgs,higgs_wcc_9632,science_news,2
higgs,higgs_wcc_9633,science_news,2
higgs,higgs_wcc_9634,science_news,2
higgs,higgs_wcc_9635,science_news,2
higgs,higgs_wcc_9636,science_news,2
higgs,higgs_wcc_9637,science_news,2
higgs,higgs_wcc_9638,science_news,2
higgs,higgs_wcc_9639,science_news,2
higgs,higgs_wcc_9640,science_news,2
higgs,higgs_wcc_9641,science_news,2
higgs,higgs_wcc_9642,science_news,2
higgs,higgs_wcc_9643,science_news,2
higgs,higgs_wcc_9644,science_news,2
higgs,higgs_wcc_9645,science_news,2
higgs,higgs_wcc_9646,science_news,2
higgs,higgs_wcc_9647,science_news,2
higgs,higgs_wcc_9648,science_news,2
higgs,higgs_wcc_9649,science_news,2
higgs,higgs_wcc_9650,science_news,2
higgs,higgs_wcc_9651,science_news,2
higgs,higgs_wcc_9652,science_news,2
higgs,higgs_wcc_9653,science_news,2
higgs,higgs_wcc_9654,science_news,2
higgs,higgs_wcc_9655,science_news,2
higgs,higgs_wcc_9656,science_news,2
higgs,higgs_wcc_9657,science_news,2
higgs,higgs_wcc_9658,science_news,2
higgs,higgs_wcc_9659,science_news,2
higgs,higgs_wcc_9660,science_news,2
higgs,higgs_wcc_9661,science_news,2
higgs,higgs_wcc_9662,science_news,2
higgs,higgs_wcc_9663,science_news,2
higgs,higgs_wcc_9664,science_news,2
higgs,higgs_wcc_9665,science_news,2
higgs,higgs_wcc_9666,science_news,2
higgs,higgs_wcc_9667,science_news,2
higgs,higgs_wcc_9668,science_news,2
higgs,higgs_wcc_9669,science_news,2
higgs,higgs_wcc_9670,science_news,2
higgs,higgs_wcc_9671,science_news,2
higgs,higgs_wcc_9672,science_news,2
higgs,higgs_wcc_9673,science_news,2
higgs,higgs_wcc_9674,science_news,2
higgs,higgs_wcc_9675,science_news,2
higgs,higgs_wcc_9676,science_news,2
higgs,higgs_wcc_9677,science_news,2
higgs,higgs_wcc_9678,science_news,2
higgs,higgs_wcc_9679,science_news,2
higgs,higgs_wcc_9680,science_news,2
higgs,higgs_wcc_9681,science_news,2
higgs,higgs_wcc_9682,science_news,2
higgs,higgs_wcc_9683,science_news,2
higgs,higgs_wcc_9684,science_news,2
higgs,higgs_wcc_9685,science_news,2
higgs,higgs_wcc_9686,science_news,2
higgs,higgs_wcc_9687,science_news,2
higgs,higgs_wcc_9688,science_news,2
higgs,higgs_wcc_9689,science_news,2
higgs,higgs_wcc_9690,science_news,2
higgs,higgs_wcc_9691,science_news,2
higgs,higgs_wcc_9692,science_news,2
higgs,higgs_wcc_9693,science_news,2
higgs,higgs_wcc_9694,science_news,2
higgs,higgs_wcc_9695,science_news,2
higgs,higgs_wcc_9696,science_news,2
higgs,higgs_wcc_9697,science_news,2
higgs,higgs_wcc_9698,science_news,2
higgs,higgs_wcc_9699,science_news,2
higgs,higgs_wcc_9700,science_news,2
higgs,higgs_wcc_9701,science_news,2
higgs,higgs_wcc_9702,science_news,2
higgs,higgs_wcc_9703,science_news,2
higgs,higgs_wcc_9704,science_news,2
higgs,higgs_wcc_9705,science_news,2
higgs,higgs_wcc_9706,science_news,2
higgs,higgs_wcc_9707,science_news,2
higgs,higgs_wcc_9708,science_news,2
higgs,higgs_wcc_9709,science_news,2
higgs,higgs_wcc_9710,science_news,2
higgs,higgs_wcc_9711,science_news,2
higgs,higgs_wcc_9712,science_news,2
higgs,higgs_wcc_9713,science_news,2
higgs,higgs_wcc_9714,science_news,2
higgs,higgs_wcc_9715,science_news,2
higgs,higgs_wcc_9716,science_news,2
higgs,higgs_wcc_9717,science_news,2
higgs,higgs_wcc_9718,science_news,2
higgs,higgs_wcc_9719,science_news,2
higgs,higgs_wcc_9720,science_news,2
higgs,higgs_wcc_9721,science_news,2
higgs,higgs_wcc_9722,science_news,2
higgs,higgs_wcc_9723,science_news,2
higgs,higgs_wcc_9724,science_news,2
higgs,higgs_wcc_9725,science_news,2
higgs,higgs_wcc_9726,science_news,2
higgs,higgs_wcc_9727,science_news,2
higgs,higgs_wcc_9728,science_news,2
higgs,higgs_wcc_9729,science_news,2
higgs,higgs_wcc_9730,science_news,2
higgs,higgs_wcc_9731,science_news,2
higgs,higgs_wcc_9732,science_news,2
higgs,higgs_wcc_9733,science_news,2
higgs,higgs_wcc_9734,science_news,2
higgs,higgs_wcc_9735,science_news,2
higgs,higgs_wcc_9736,science_news,2
higgs,higgs_wcc_9737,science_news,2
higgs,higgs_wcc_9738,science_news,2
higgs,higgs_wcc_9739,science_news,2
higgs,higgs_wcc_9740,science_news,2
higgs,higgs_wcc_9741,science_news,2
higgs,higgs_wcc_9742,science_news,2
higgs,higgs_wcc_9743,science_news,2
higgs,higgs_wcc_9744,science_news,2
higgs,higgs_wcc_9745,science_news,2
higgs,higgs_wcc_9746,science_news,2
higgs,higgs_wcc_9747,science_news,2
higgs,higgs_wcc_9748,science_news,2
higgs,higgs_wcc_9749,science_news,2
higgs,higgs_wcc_9750,science_news,2
higgs,higgs_wcc_9751,science_news,2
higgs,higgs_wcc_9752,science_news,2
higgs,higgs_wcc_9753,science_news,2
higgs,higgs_wcc_9754,science_news,2
higgs,higgs_wcc_9755,science_news,2
higgs,higgs_wcc_9756,science_news,2
higgs,higgs_wcc_9757,science_news,2
higgs,higgs_wcc_9758,science_news,2
higgs,higgs_wcc_9759,science_news,2
higgs,higgs_wcc_9760,science_news,2
higgs,higgs_wcc_9761,science_news,2
higgs,higgs_wcc_9762,science_news,2
higgs,higgs_wcc_9763,science_news,2
higgs,higgs_wcc_9764,science_news,2
higgs,higgs_wcc_9765,science_news,2
higgs,higgs_wcc_9766,science_news,2
higgs,higgs_wcc_9767,science_news,2
higgs,higgs_wcc_9768,science_news,2
higgs,higgs_wcc_9769,science_news,2
higgs,higgs_wcc_9770,science_news,2
higgs,higgs_wcc_9771,science_news,2
higgs,higgs_wcc_9772,science_news,2
higgs,higgs_wcc_9773,science_news,2
higgs,higgs_wcc_9774,science_news,2
higgs,higgs_wcc_9775,science_news,2
higgs,higgs_wcc_9776,science_news,2
higgs,higgs_wcc_9777,science_news,2
higgs,higgs_wcc_9778,science_news,2
higgs,higgs_wcc_9779,science_news,2
higgs,higgs_wcc_9780,science_news,2
higgs,higgs_wcc_9781,science_news,2
higgs,higgs_wcc_9782,science_news,2
higgs,higgs_wcc_9783,science_news,2
higgs,higgs_wcc_9784,science_news,2
higgs,higgs_wcc_9785,science_news,2
higgs,higgs_wcc_9786,science_news,2
higgs,higgs_wcc_9787,science_news,2
higgs,higgs_wcc_9788,science_news,2
higgs,higgs_wcc_9789,science_news,2
higgs,higgs_wcc_9790,science_news,2
higgs,higgs_wcc_9791,science_news,2
higgs,higgs_wcc_9792,science_news,2
higgs,higgs_wcc_9793,science_news,2
higgs,higgs_wcc_9794,science_news,2
higgs,higgs_wcc_9795,science_news,2
higgs,higgs_wcc_9796,science_news,2
higgs,higgs_wcc_9797,science_news,2
higgs,higgs_wcc_9798,science_news,2
higgs,higgs_wcc_9799,science_news,2
higgs,higgs_wcc_9800,science_news,2
higgs,higgs_wcc_9801,science_news,2
higgs,higgs_wcc_9802,science_news,2
higgs,higgs_wcc_9803,science_news,2
higgs,higgs_wcc_9804,science_news,2
higgs,higgs_wcc_9805,science_news,2
higgs,higgs_wcc_9806,science_news,2
higgs,higgs_wcc_9807,science_news,2
higgs,higgs_wcc_9808,science_news,2
higgs,higgs_wcc_9809,science_news,2
higgs,higgs_wcc_9810,science_news,2
higgs,higgs_wcc_9811,science_news,2
higgs,higgs_wcc_9812,science_news,2
higgs,higgs_wcc_9813,science_news,2
higgs,higgs_wcc_9814,science_news,2
higgs,higgs_wcc_9815,science_news,2
higgs,higgs_wcc_9816,science_news,2
higgs,higgs_wcc_9817,science_news,2
higgs,higgs_wcc_9818,science_news,2
higgs,higgs_wcc_9819,science_news,2
higgs,higgs_wcc_9820,science_news,2
higgs,higgs_wcc_9821,science_news,2
higgs,higgs_wcc_9822,science_news,2
higgs,higgs_wcc_9823,science_news,2
higgs,higgs_wcc_9824,science_news,2
higgs,higgs_wcc_9825,science_news,2
higgs,higgs_wcc_9826,science_news,2
higgs,higgs_wcc_9827,science_news,2
higgs,higgs_wcc_9828,science_news,2
higgs,higgs_wcc_9829,science_news,2
higgs,higgs_wcc_9830,science_news,2
higgs,higgs_wcc_9831,science_news,2
higgs,higgs_wcc_9832,science_news,2
higgs,higgs_wcc_9833,science_news,2
higgs,higgs_wcc_9834,science_news,2
higgs,higgs_wcc_9835,science_news,2
higgs,higgs_wcc_9836,science_news,2
higgs,higgs_wcc_9837,science_news,2
higgs,higgs_wcc_9838,science_news,2
higgs,higgs_wcc_9839,science_news,2
higgs,higgs_wcc_9840,science_news,2
higgs,higgs_wcc_9841,science_news,2
higgs,higgs_wcc_9842,science_news,2
higgs,higgs_wcc_9843,science_news,2
higgs,higgs_wcc_9844,science_news,2
higgs,higgs_wcc_9845,science_news,2
higgs,higgs_wcc_9846,science_news,2
higgs,higgs_wcc_9847,science_news,2
higgs,higgs_wcc_9848,science_news,2
higgs,higgs_wcc_9849,science_news,2
higgs,higgs_wcc_9850,science_news,2
higgs,higgs_wcc_9851,science_news,2
higgs,higgs_wcc_9852,science_news,2
higgs,higgs_wcc_9853,science_news,2
higgs,higgs_wcc_9854,science_news,2
higgs,higgs_wcc_9855,science_news,2
higgs,higgs_wcc_9856,science_news,2
higgs,higgs_wcc_9857,science_news,2
higgs,higgs_wcc_9858,science_news,2
higgs,higgs_wcc_9859,science_news,2
higgs,higgs_wcc_9860,science_news,2
higgs,higgs_wcc_9861,science_news,2
higgs,higgs_wcc_9862,science_news,2
higgs,higgs_wcc_9863,science_news,2
higgs,higgs_wcc_9864,science_news,2
higgs,higgs_wcc_9865,science_news,2
higgs,higgs_wcc_9866,science_news,2
higgs,higgs_wcc_9867,science_news,2
higgs,higgs_wcc_9868,science_news,2
higgs,higgs_wcc_9869,science_news,2
higgs,higgs_wcc_9870,science_news,2
higgs,higgs_wcc_9871,science_news,2
higgs,higgs_wcc_9872,science_news,2
higgs,higgs_wcc_9873,science_news,2
higgs,higgs_wcc_9874,science_news,2
higgs,higgs_wcc_9875,science_news,2
higgs,higgs_wcc_9876,science_news,2
higgs,higgs_wcc_9877,science_news,2
higgs,higgs_wcc_9878,science_news,2
higgs,higgs_wcc_9879,science_news,2
higgs,higgs_wcc_9880,science_news,2
higgs,higgs_wcc_9881,science_news,2
higgs,higgs_wcc_9882,science_news,2
higgs,higgs_wcc_9883,science_news,2
higgs,higgs_wcc_9884,science_news,2
higgs,higgs_wcc_9885,science_news,2
higgs,higgs_wcc_9886,science_news,2
higgs,higgs_wcc_9887,science_news,2
higgs,higgs_wcc_9888,science_news,2
higgs,higgs_wcc_9889,science_news,2
higgs,higgs_wcc_9890,science_news,2
higgs,higgs_wcc_9891,science_news,2
higgs,higgs_wcc_9892,science_news,2
higgs,higgs_wcc_9893,science_news,2
higgs,higgs_wcc_9894,science_news,2
higgs,higgs_wcc_9895,science_news,2
higgs,higgs_wcc_9896,science_news,2
higgs,higgs_wcc_9897,science_news,2
higgs,higgs_wcc_9898,science_news,2
higgs,higgs_wcc_9899,science_news,2
higgs,higgs_wcc_9900,science_news,2
higgs,higgs_wcc_9901,science_news,2
higgs,higgs_wcc_9902,science_news,2
higgs,higgs_wcc_9903,science_news,2
higgs,higgs_wcc_9904,science_news,2
higgs,higgs_wcc_9905,science_news,2
higgs,higgs_wcc_9906,science_news,2
higgs,higgs_wcc_9907,science_news,2
higgs,higgs_wcc_9908,science_news,2
higgs,higgs_wcc_9909,science_news,2
higgs,higgs_wcc_9910,science_news,2
higgs,higgs_wcc_9911,science_news,2
higgs,higgs_wcc_9912,science_news,2
higgs,higgs_wcc_9913,science_news,2
higgs,higgs_wcc_9914,science_news,2
higgs,higgs_wcc_9915,science_news,2
higgs,higgs_wcc_9916,science_news,2
higgs,higgs_wcc_9917,science_news,2
higgs,higgs_wcc_9918,science_news,2
higgs,higgs_wcc_9919,science_news,2
higgs,higgs_wcc_9920,science_news,2
higgs,higgs_wcc_9921,science_news,2
higgs,higgs_wcc_9922,science_news,2
higgs,higgs_wcc_9923,science_news,2
higgs,higgs_wcc_9924,science_news,2
higgs,higgs_wcc_9925,science_news,2
higgs,higgs_wcc_9926,science_news,2
higgs,higgs_wcc_9927,science_news,2
higgs,higgs_wcc_9928,science_news,2
higgs,higgs_wcc_9929,science_news,2
higgs,higgs_wcc_9930,science_news,2
higgs,higgs_wcc_9931,science_news,2
higgs,higgs_wcc_9932,science_news,2
higgs,higgs_wcc_9933,science_news,2
higgs,higgs_wcc_9934,science_news,2
higgs,higgs_wcc_9935,science_news,2
higgs,higgs_wcc_9936,science_news,2
higgs,higgs_wcc_9937,science_news,2
higgs,higgs_wcc_9938,science_news,2
higgs,higgs_wcc_9939,science_news,2
higgs,higgs_wcc_9940,science_news,2
higgs,higgs_wcc_9941,science_news,2
higgs,higgs_wcc_9942,science_news,2
higgs,higgs_wcc_9943,science_news,2
higgs,higgs_wcc_9944,science_news,2
higgs,higgs_wcc_9945,science_news,2
higgs,higgs_wcc_9946,science_news,2
higgs,higgs_wcc_9947,science_news,2
higgs,higgs_wcc_9948,science_news,2
higgs,higgs_wcc_9949,science_news,2
higgs,higgs_wcc_9950,science_news,2
higgs,higgs_wcc_9951,science_news,2
higgs,higgs_wcc_9952,science_news,2
higgs,higgs_wcc_9953,science_news,2
higgs,higgs_wcc_9954,science_news,2
higgs,higgs_wcc_9955,science_news,2
higgs,higgs_wcc_9956,science_news,2
higgs,higgs_wcc_9957,science_news,2
higgs,higgs_wcc_9958,science_news,2
higgs,higgs_wcc_9959,science_news,2
higgs,higgs_wcc_9960,science_news,2
higgs,higgs_wcc_9961,science_news,2
higgs,higgs_wcc_9962,science_news,2
higgs,higgs_wcc_9963,science_news,2
higgs,higgs_wcc_9964,science_news,2
higgs,higgs_wcc_9965,science_news,2
higgs,higgs_wcc_9966,science_news,2
higgs,higgs_wcc_9967,science_news,2
higgs,higgs_wcc_9968,science_news,2
higgs,higgs_wcc_9969,science_news,2
higgs,higgs_wcc_9970,science_news,2
higgs,higgs_wcc_9971,science_news,2
higgs,higgs_wcc_9972,science_news,2
higgs,higgs_wcc_9973,science_news,2
higgs,higgs_wcc_9974,science_news,2
higgs,higgs_wcc_9975,science_news,2
higgs,higgs_wcc_9976,science_news,2
higgs,higgs_wcc_9977,science_news,2
higgs,higgs_wcc_9978,science_news,2
higgs,higgs_wcc_9979,science_news,2
higgs,higgs_wcc_9980,science_news,2
higgs,higgs_wcc_9981,science_news,2
higgs,higgs_wcc_9982,science_news,2
higgs,higgs_wcc_9983,science_news,2
higgs,higgs_wcc_9984,science_news,2
higgs,higgs_wcc_9985,science_news,2
higgs,higgs_wcc_9986,science_news,2
higgs,higgs_wcc_9987,science_news,2
higgs,higgs_wcc_9988,science_news,2
higgs,higgs_wcc_9989,science_news,2
higgs,higgs_wcc_9990,science_news,2
higgs,higgs_wcc_9991,science_news,2
higgs,higgs_wcc_9992,science_news,2
higgs,higgs_wcc_9993,science_news,2
higgs,higgs_wcc_9994,science_news,2
higgs,higgs_wcc_9995,science_news,2
higgs,higgs_wcc_9996,science_news,2
higgs,higgs_wcc_9997,science_news,2
higgs,higgs_wcc_9998,science_news,2
higgs,higgs_wcc_9999,science_news,2
higgs,higgs_wcc_10000,science_news,2
higgs,higgs_wcc_10001,science_news,2
higgs,higgs_wcc_10002,science_news,2
higgs,higgs_wcc_10003,science_news,2
higgs,higgs_wcc_10004,science_news,2
higgs,higgs_wcc_10005,science_news,2
higgs,higgs_wcc_10006,science_news,2
higgs,higgs_wcc_10007,science_news,2
higgs,higgs_wcc_10008,science_news,2
higgs,higgs_wcc_10009,science_news,2
higgs,higgs_wcc_10010,science_news,2
higgs,higgs_wcc_10011,science_news,2
higgs,higgs_wcc_10012,science_news,2
higgs,higgs_wcc_10013,science_news,2
higgs,higgs_wcc_10014,science_news,2
higgs,higgs_wcc_10015,science_news,2
higgs,higgs_wcc_10016,science_news,2
higgs,higgs_wcc_10017,science_news,2
higgs,higgs_wcc_10018,science_news,2
higgs,higgs_wcc_10019,science_news,2
higgs,higgs_wcc_10020,science_news,2
higgs,higgs_wcc_10021,science_news,2
higgs,higgs_wcc_10022,science_news,2
higgs,higgs_wcc_10023,science_news,2
higgs,higgs_wcc_10024,science_news,2
higgs,higgs_wcc_10025,science_news,2
higgs,higgs_wcc_10026,science_news,2
higgs,higgs_wcc_10027,science_news,2
higgs,higgs_wcc_10028,science_news,2
higgs,higgs_wcc_10029,science_news,2
higgs,higgs_wcc_10030,science_news,2
higgs,higgs_wcc_10031,science_news,2
higgs,higgs_wcc_10032,science_news,2
higgs,higgs_wcc_10033,science_news,2
higgs,higgs_wcc_10034,science_news,2
higgs,higgs_wcc_10035,science_news,2
higgs,higgs_wcc_10036,science_news,2
higgs,higgs_wcc_10037,science_news,2
higgs,higgs_wcc_10038,science_news,2
higgs,higgs_wcc_10039,science_news,2
higgs,higgs_wcc_10040,science_news,2
higgs,higgs_wcc_10041,science_news,2
higgs,higgs_wcc_10042,science_news,2
higgs,higgs_wcc_10043,science_news,2
higgs,higgs_wcc_10044,science_news,2
higgs,higgs_wcc_10045,science_news,2
higgs,higgs_wcc_10046,science_news,2
higgs,higgs_wcc_10047,science_news,2
higgs,higgs_wcc_10048,science_news,2
higgs,higgs_wcc_10049,science_news,2
higgs,higgs_wcc_10050,science_news,2
higgs,higgs_wcc_10051,science_news,2
higgs,higgs_wcc_10052,science_news,2
higgs,higgs_wcc_10053,science_news,2
higgs,higgs_wcc_10054,science_news,2
higgs,higgs_wcc_10055,science_news,2
higgs,higgs_wcc_10056,science_news,2
higgs,higgs_wcc_10057,science_news,2
higgs,higgs_wcc_10058,science_news,2
higgs,higgs_wcc_10059,science_news,2
higgs,higgs_wcc_10060,science_news,2
higgs,higgs_wcc_10061,science_news,2
higgs,higgs_wcc_10062,science_news,2
higgs,higgs_wcc_10063,science_news,2
higgs,higgs_wcc_10064,science_news,2
higgs,higgs_wcc_10065,science_news,2
higgs,higgs_wcc_10066,science_news,2
higgs,higgs_wcc_10067,science_news,2
higgs,higgs_wcc_10068,science_news,2
higgs,higgs_wcc_10069,science_news,2
higgs,higgs_wcc_10070,science_news,2
higgs,higgs_wcc_10071,science_news,2
higgs,higgs_wcc_10072,science_news,2
higgs,higgs_wcc_10073,science_news,2
higgs,higgs_wcc_10074,science_news,2
higgs,higgs_wcc_10075,science_news,2
higgs,higgs_wcc_10076,science_news,2
higgs,higgs_wcc_10077,science_news,2
higgs,higgs_wcc_10078,science_news,2
higgs,higgs_wcc_10079,science_news,2
higgs,higgs_wcc_10080,science_news,2
higgs,higgs_wcc_10081,science_news,2
higgs,higgs_wcc_10082,science_news,2
higgs,higgs_wcc_10083,science_news,2
higgs,higgs_wcc_10084,science_news,2
higgs,higgs_wcc_10085,science_news,2
higgs,higgs_wcc_10086,science_news,2
higgs,higgs_wcc_10087,science_news,2
higgs,higgs_wcc_10088,science_news,2
higgs,higgs_wcc_10089,science_news,2
higgs,higgs_wcc_10090,science_news,2
higgs,higgs_wcc_10091,science_news,2
higgs,higgs_wcc_10092,science_news,2
higgs,higgs_wcc_10093,science_news,2
higgs,higgs_wcc_10094,science_news,2
higgs,higgs_wcc_10095,science_news,2
higgs,higgs_wcc_10096,science_news,2
higgs,higgs_wcc_10097,science_news,2
higgs,higgs_wcc_10098,science_news,2
higgs,higgs_wcc_10099,science_news,2
higgs,higgs_wcc_10100,science_news,2
higgs,higgs_wcc_10101,science_news,2
higgs,higgs_wcc_10102,science_news,2
higgs,higgs_wcc_10103,science_news,2
higgs,higgs_wcc_10104,science_news,2
higgs,higgs_wcc_10105,science_news,2
higgs,higgs_wcc_10106,science_news,2
higgs,higgs_wcc_10107,science_news,2
higgs,higgs_wcc_10108,science_news,2
higgs,higgs_wcc_10109,science_news,2
higgs,higgs_wcc_10110,science_news,2
higgs,higgs_wcc_10111,science_news,2
higgs,higgs_wcc_10112,science_news,2
higgs,higgs_wcc_10113,science_news,2
higgs,higgs_wcc_10114,science_news,2
higgs,higgs_wcc_10115,science_news,2
higgs,higgs_wcc_10116,science_news,2
higgs,higgs_wcc_10117,science_news,2
higgs,higgs_wcc_10118,science_news,2
higgs,higgs_wcc_10119,science_news,2
higgs,higgs_wcc_10120,science_news,2
higgs,higgs_wcc_10121,science_news,2
higgs,higgs_wcc_10122,science_news,2
higgs,higgs_wcc_10123,science_news,2
higgs,higgs_wcc_10124,science_news,2
higgs,higgs_wcc_10125,science_news,2
higgs,higgs_wcc_10126,science_news,2
higgs,higgs_wcc_10127,science_news,2
higgs,higgs_wcc_10128,science_news,2
higgs,higgs_wcc_10129,science_news,2
higgs,higgs_wcc_10130,science_news,2
higgs,higgs_wcc_10131,science_news,2
higgs,higgs_wcc_10132,science_news,2
higgs,higgs_wcc_10133,science_news,2
higgs,higgs_wcc_10134,science_news,2
higgs,higgs_wcc_10135,science_news,2
higgs,higgs_wcc_10136,science_news,2
higgs,higgs_wcc_10137,science_news,2
higgs,higgs_wcc_10138,science_news,2
higgs,higgs_wcc_10139,science_news,2
higgs,higgs_wcc_10140,science_news,2
higgs,higgs_wcc_10141,science_news,2
higgs,higgs_wcc_10142,science_news,2
higgs,higgs_wcc_10143,science_news,2
higgs,higgs_wcc_10144,science_news,2
higgs,higgs_wcc_10145,science_news,2
higgs,higgs_wcc_10146,science_news,2
higgs,higgs_wcc_10147,science_news,2
higgs,higgs_wcc_10148,science_news,2
higgs,higgs_wcc_10149,science_news,2
higgs,higgs_wcc_10150,science_news,2
higgs,higgs_wcc_10151,science_news,2
higgs,higgs_wcc_10152,science_news,2
higgs,higgs_wcc_10153,science_news,2
higgs,higgs_wcc_10154,science_news,2
higgs,higgs_wcc_10155,science_news,2
higgs,higgs_wcc_10156,science_news,2
higgs,higgs_wcc_10157,science_news,2
higgs,higgs_wcc_10158,science_news,2
higgs,higgs_wcc_10159,science_news,2
higgs,higgs_wcc_10160,science_news,2
higgs,higgs_wcc_10161,science_news,2
higgs,higgs_wcc_10162,science_news,2
higgs,higgs_wcc_10163,science_news,2
higgs,higgs_wcc_10164,science_news,2
higgs,higgs_wcc_10165,science_news,2
higgs,higgs_wcc_10166,science_news,2
higgs,higgs_wcc_10167,science_news,2
higgs,higgs_wcc_10168,science_news,2
higgs,higgs_wcc_10169,science_news,2
higgs,higgs_wcc_10170,science_news,2
higgs,higgs_wcc_10171,science_news,2
higgs,higgs_wcc_10172,science_news,2
higgs,higgs_wcc_10173,science_news,2
higgs,higgs_wcc_10174,science_news,2
higgs,higgs_wcc_10175,science_news,2
higgs,higgs_wcc_10176,science_news,2
higgs,higgs_wcc_10177,science_news,2
higgs,higgs_wcc_10178,science_news,2
higgs,higgs_wcc_10179,science_news,2
higgs,higgs_wcc_10180,science_news,2
higgs,higgs_wcc_10181,science_news,2
higgs,higgs_wcc_10182,science_news,2
higgs,higgs_wcc_10183,science_news,2
higgs,higgs_wcc_10184,science_news,2
higgs,higgs_wcc_10185,science_news,2
higgs,higgs_wcc_10186,science_news,2
higgs,higgs_wcc_10187,science_news,2
higgs,higgs_wcc_10188,science_news,2
higgs,higgs_wcc_10189,science_news,2
higgs,higgs_wcc_10190,science_news,2
higgs,higgs_wcc_10191,science_news,2
higgs,higgs_wcc_10192,science_news,2
higgs,higgs_wcc_10193,science_news,2
higgs,higgs_wcc_10194,science_news,2
higgs,higgs_wcc_10195,science_news,2
higgs,higgs_wcc_10196,science_news,2
higgs,higgs_wcc_10197,science_news,2
higgs,higgs_wcc_10198,science_news,2
higgs,higgs_wcc_10199,science_news,2
higgs,higgs_wcc_10200,science_news,2
higgs,higgs_wcc_10201,science_news,2
higgs,higgs_wcc_10202,science_news,2
higgs,higgs_wcc_10203,science_news,2
higgs,higgs_wcc_10204,science_news,2
higgs,higgs_wcc_10205,science_news,2
higgs,higgs_wcc_10206,science_news,2
higgs,higgs_wcc_10207,science_news,2
higgs,higgs_wcc_10208,science_news,2
higgs,higgs_wcc_10209,science_news,2
higgs,higgs_wcc_10210,science_news,2
higgs,higgs_wcc_10211,science_news,2
higgs,higgs_wcc_10212,science_news,2
higgs,higgs_wcc_10213,science_news,2
higgs,higgs_wcc_10214,science_news,2
higgs,higgs_wcc_10215,science_news,2
higgs,higgs_wcc_10216,science_news,2
higgs,higgs_wcc_10217,science_news,2
higgs,higgs_wcc_10218,science_news,2
higgs,higgs_wcc_10219,science_news,2
higgs,higgs_wcc_10220,science_news,2
higgs,higgs_wcc_10221,science_news,2
higgs,higgs_wcc_10222,science_news,2
higgs,higgs_wcc_10223,science_news,2
higgs,higgs_wcc_10224,science_news,2
higgs,higgs_wcc_10225,science_news,2
higgs,higgs_wcc_10226,science_news,2
higgs,higgs_wcc_10227,science_news,2
higgs,higgs_wcc_10228,science_news,2
higgs,higgs_wcc_10229,science_news,2
higgs,higgs_wcc_10230,science_news,2
higgs,higgs_wcc_10231,science_news,2
higgs,higgs_wcc_10232,science_news,2
higgs,higgs_wcc_10233,science_news,2
higgs,higgs_wcc_10234,science_news,2
higgs,higgs_wcc_10235,science_news,2
higgs,higgs_wcc_10236,science_news,2
higgs,higgs_wcc_10237,science_news,2
higgs,higgs_wcc_10238,science_news,2
higgs,higgs_wcc_10239,science_news,2
higgs,higgs_wcc_10240,science_news,2
higgs,higgs_wcc_10241,science_news,2
higgs,higgs_wcc_10242,science_news,2
higgs,higgs_wcc_10243,science_news,2
higgs,higgs_wcc_10244,science_news,2
higgs,higgs_wcc_10245,science_news,2
higgs,higgs_wcc_10246,science_news,2
higgs,higgs_wcc_10247,science_news,2
higgs,higgs_wcc_10248,science_news,2
higgs,higgs_wcc_10249,science_news,2
higgs,higgs_wcc_10250,science_news,2
higgs,higgs_wcc_10251,science_news,2
higgs,higgs_wcc_10252,science_news,2
higgs,higgs_wcc_10253,science_news,2
higgs,higgs_wcc_10254,science_news,2
higgs,higgs_wcc_10255,science_news,2
higgs,higgs_wcc_10256,science_news,2
higgs,higgs_wcc_10257,science_news,2
higgs,higgs_wcc_10258,science_news,2
higgs,higgs_wcc_10259,science_news,2
higgs,higgs_wcc_10260,science_news,2
higgs,higgs_wcc_10261,science_news,2
higgs,higgs_wcc_10262,science_news,2
higgs,higgs_wcc_10263,science_news,2
higgs,higgs_wcc_10264,science_news,2
higgs,higgs_wcc_10265,science_news,2
higgs,higgs_wcc_10266,science_news,2
higgs,higgs_wcc_10267,science_news,2
higgs,higgs_wcc_10268,science_news,2
higgs,higgs_wcc_10269,science_news,2
higgs,higgs_wcc_10270,science_news,2
higgs,higgs_wcc_10271,science_news,2
higgs,higgs_wcc_10272,science_news,2
higgs,higgs_wcc_10273,science_news,2
higgs,higgs_wcc_10274,science_news,2
higgs,higgs_wcc_10275,science_news,2
higgs,higgs_wcc_10276,science_news,2
higgs,higgs_wcc_10277,science_news,2
higgs,higgs_wcc_10278,science_news,2
higgs,higgs_wcc_10279,science_news,2
higgs,higgs_wcc_10280,science_news,2
higgs,higgs_wcc_10281,science_news,2
higgs,higgs_wcc_10282,science_news,2
higgs,higgs_wcc_10283,science_news,2
higgs,higgs_wcc_10284,science_news,2
higgs,higgs_wcc_10285,science_news,2
higgs,higgs_wcc_10286,science_news,2
higgs,higgs_wcc_10287,science_news,2
higgs,higgs_wcc_10288,science_news,2
higgs,higgs_wcc_10289,science_news,2
higgs,higgs_wcc_10290,science_news,2
higgs,higgs_wcc_10291,science_news,2
higgs,higgs_wcc_10292,science_news,2
higgs,higgs_wcc_10293,science_news,2
higgs,higgs_wcc_10294,science_news,2
higgs,higgs_wcc_10295,science_news,2
higgs,higgs_wcc_10296,science_news,2
higgs,higgs_wcc_10297,science_news,2
higgs,higgs_wcc_10298,science_news,2
higgs,higgs_wcc_10299,science_news,2
higgs,higgs_wcc_10300,science_news,2
higgs,higgs_wcc_10301,science_news,2
higgs,higgs_wcc_10302,science_news,2
higgs,higgs_wcc_10303,science_news,2
higgs,higgs_wcc_10304,science_news,2
higgs,higgs_wcc_10305,science_news,2
higgs,higgs_wcc_10306,science_news,2
higgs,higgs_wcc_10307,science_news,2
higgs,higgs_wcc_10308,science_news,2
higgs,higgs_wcc_10309,science_news,2
higgs,higgs_wcc_10310,science_news,2
higgs,higgs_wcc_10311,science_news,2
higgs,higgs_wcc_10312,science_news,2
higgs,higgs_wcc_10313,science_news,2
higgs,higgs_wcc_10314,science_news,2
higgs,higgs_wcc_10315,science_news,2
higgs,higgs_wcc_10316,science_news,2
higgs,higgs_wcc_10317,science_news,2
higgs,higgs_wcc_10318,science_news,2
higgs,higgs_wcc_10319,science_news,2
higgs,higgs_wcc_10320,science_news,2
higgs,higgs_wcc_10321,science_news,2
higgs,higgs_wcc_10322,science_news,2
higgs,higgs_wcc_10323,science_news,2
higgs,higgs_wcc_10324,science_news,2
higgs,higgs_wcc_10325,science_news,2
higgs,higgs_wcc_10326,science_news,2
higgs,higgs_wcc_10327,science_news,2
higgs,higgs_wcc_10328,science_news,2
higgs,higgs_wcc_10329,science_news,2
higgs,higgs_wcc_10330,science_news,2
higgs,higgs_wcc_10331,science_news,2
higgs,higgs_wcc_10332,science_news,2
higgs,higgs_wcc_10333,science_news,2
higgs,higgs_wcc_10334,science_news,2
higgs,higgs_wcc_10335,science_news,2
higgs,higgs_wcc_10336,science_news,2
higgs,higgs_wcc_10337,science_news,2
higgs,higgs_wcc_10338,science_news,2
higgs,higgs_wcc_10339,science_news,2
higgs,higgs_wcc_10340,science_news,2
higgs,higgs_wcc_10341,science_news,2
higgs,higgs_wcc_10342,science_news,2
higgs,higgs_wcc_10343,science_news,2
higgs,higgs_wcc_10344,science_news,2
higgs,higgs_wcc_10345,science_news,2
higgs,higgs_wcc_10346,science_news,2
higgs,higgs_wcc_10347,science_news,2
higgs,higgs_wcc_10348,science_news,2
higgs,higgs_wcc_10349,science_news,2
higgs,higgs_wcc_10350,science_news,2
higgs,higgs_wcc_10351,science_news,2
higgs,higgs_wcc_10352,science_news,2
higgs,higgs_wcc_10353,science_news,2
higgs,higgs_wcc_10354,science_news,2
higgs,higgs_wcc_10355,science_news,2
higgs,higgs_wcc_10356,science_news,2
higgs,higgs_wcc_10357,science_news,2
higgs,higgs_wcc_10358,science_news,2
higgs,higgs_wcc_10359,science_news,2
higgs,higgs_wcc_10360,science_news,2
higgs,higgs_wcc_10361,science_news,2
higgs,higgs_wcc_10362,science_news,2
higgs,higgs_wcc_10363,science_news,2
higgs,higgs_wcc_10364,science_news,2
higgs,higgs_wcc_10365,science_news,2
higgs,higgs_wcc_10366,science_news,2
higgs,higgs_wcc_10367,science_news,2
higgs,higgs_wcc_10368,science_news,2
higgs,higgs_wcc_10369,science_news,2
higgs,higgs_wcc_10370,science_news,2
higgs,higgs_wcc_10371,science_news,2
higgs,higgs_wcc_10372,science_news,2
higgs,higgs_wcc_10373,science_news,2
higgs,higgs_wcc_10374,science_news,2
higgs,higgs_wcc_10375,science_news,2
higgs,higgs_wcc_10376,science_news,2
higgs,higgs_wcc_10377,science_news,2
higgs,higgs_wcc_10378,science_news,2
higgs,higgs_wcc_10379,science_news,2
higgs,higgs_wcc_10380,science_news,2
higgs,higgs_wcc_10381,science_news,2
higgs,higgs_wcc_10382,science_news,2
higgs,higgs_wcc_10383,science_news,2
higgs,higgs_wcc_10384,science_news,2
higgs,higgs_wcc_10385,science_news,2
higgs,higgs_wcc_10386,science_news,2
higgs,higgs_wcc_10387,science_news,2
higgs,higgs_wcc_10388,science_news,2
higgs,higgs_wcc_10389,science_news,2
higgs,higgs_wcc_10390,science_news,2
higgs,higgs_wcc_10391,science_news,2
higgs,higgs_wcc_10392,science_news,2
higgs,higgs_wcc_10393,science_news,2
higgs,higgs_wcc_10394,science_news,2
higgs,higgs_wcc_10395,science_news,2
higgs,higgs_wcc_10396,science_news,2
higgs,higgs_wcc_10397,science_news,2
higgs,higgs_wcc_10398,science_news,2
higgs,higgs_wcc_10399,science_news,2
higgs,higgs_wcc_10400,science_news,2
higgs,higgs_wcc_10401,science_news,2
higgs,higgs_wcc_10402,science_news,2
higgs,higgs_wcc_10403,science_news,2
higgs,higgs_wcc_10404,science_news,2
higgs,higgs_wcc_10405,science_news,2
higgs,higgs_wcc_10406,science_news,2
higgs,higgs_wcc_10407,science_news,2
higgs,higgs_wcc_10408,science_news,2
higgs,higgs_wcc_10409,science_news,2
higgs,higgs_wcc_10410,science_news,2
higgs,higgs_wcc_10411,science_news,2
higgs,higgs_wcc_10412,science_news,2
higgs,higgs_wcc_10413,science_news,2
higgs,higgs_wcc_10414,science_news,2
higgs,higgs_wcc_10415,science_news,2
higgs,higgs_wcc_10416,science_news,2
higgs,higgs_wcc_10417,science_news,2
higgs,higgs_wcc_10418,science_news,2
higgs,higgs_wcc_10419,science_news,2
higgs,higgs_wcc_10420,science_news,2
higgs,higgs_wcc_10421,science_news,2
higgs,higgs_wcc_10422,science_news,2
higgs,higgs_wcc_10423,science_news,2
higgs,higgs_wcc_10424,science_news,2
higgs,higgs_wcc_10425,science_news,2
higgs,higgs_wcc_10426,science_news,2
higgs,higgs_wcc_10427,science_news,2
higgs,higgs_wcc_10428,science_news,2
higgs,higgs_wcc_10429,science_news,2
higgs,higgs_wcc_10430,science_news,2
higgs,higgs_wcc_10431,science_news,2
higgs,higgs_wcc_10432,science_news,2
higgs,higgs_wcc_10433,science_news,2
higgs,higgs_wcc_10434,science_news,2
higgs,higgs_wcc_10435,science_news,2
higgs,higgs_wcc_10436,science_news,2
higgs,higgs_wcc_10437,science_news,2
higgs,higgs_wcc_10438,science_news,2
higgs,higgs_wcc_10439,science_news,2
higgs,higgs_wcc_10440,science_news,2
higgs,higgs_wcc_10441,science_news,2
higgs,higgs_wcc_10442,science_news,2
higgs,higgs_wcc_10443,science_news,2
higgs,higgs_wcc_10444,science_news,2
higgs,higgs_wcc_10445,science_news,2
higgs,higgs_wcc_10446,science_news,2
higgs,higgs_wcc_10447,science_news,2
higgs,higgs_wcc_10448,science_news,2
higgs,higgs_wcc_10449,science_news,2
higgs,higgs_wcc_10450,science_news,2
higgs,higgs_wcc_10451,science_news,2
higgs,higgs_wcc_10452,science_news,2
higgs,higgs_wcc_10453,science_news,2
higgs,higgs_wcc_10454,science_news,2
higgs,higgs_wcc_10455,science_news,2
higgs,higgs_wcc_10456,science_news,2
higgs,higgs_wcc_10457,science_news,2
higgs,higgs_wcc_10458,science_news,2
higgs,higgs_wcc_10459,science_news,2
higgs,higgs_wcc_10460,science_news,2
higgs,higgs_wcc_10461,science_news,2
higgs,higgs_wcc_10462,science_news,2
higgs,higgs_wcc_10463,science_news,2
higgs,higgs_wcc_10464,science_news,2
higgs,higgs_wcc_10465,science_news,2
higgs,higgs_wcc_10466,science_news,2
higgs,higgs_wcc_10467,science_news,2
higgs,higgs_wcc_10468,science_news,2
higgs,higgs_wcc_10469,science_news,2
higgs,higgs_wcc_10470,science_news,2
higgs,higgs_wcc_10471,science_news,2
higgs,higgs_wcc_10472,science_news,2
higgs,higgs_wcc_10473,science_news,2
higgs,higgs_wcc_10474,science_news,2
higgs,higgs_wcc_10475,science_news,2
higgs,higgs_wcc_10476,science_news,2
higgs,higgs_wcc_10477,science_news,2
higgs,higgs_wcc_10478,science_news,2
higgs,higgs_wcc_10479,science_news,2
higgs,higgs_wcc_10480,science_news,2
higgs,higgs_wcc_10481,science_news,2
higgs,higgs_wcc_10482,science_news,2
higgs,higgs_wcc_10483,science_news,2
higgs,higgs_wcc_10484,science_news,2
higgs,higgs_wcc_10485,science_news,2
higgs,higgs_wcc_10486,science_news,2
higgs,higgs_wcc_10487,science_news,2
higgs,higgs_wcc_10488,science_news,2
higgs,higgs_wcc_10489,science_news,2
higgs,higgs_wcc_10490,science_news,2
higgs,higgs_wcc_10491,science_news,2
higgs,higgs_wcc_10492,science_news,2
higgs,higgs_wcc_10493,science_news,2
higgs,higgs_wcc_10494,science_news,2
higgs,higgs_wcc_10495,science_news,2
higgs,higgs_wcc_10496,science_news,2
higgs,higgs_wcc_10497,science_news,2
higgs,higgs_wcc_10498,science_news,2
higgs,higgs_wcc_10499,science_news,2
higgs,higgs_wcc_10500,science_news,2
higgs,higgs_wcc_10501,science_news,2
higgs,higgs_wcc_10502,science_news,2
higgs,higgs_wcc_10503,science_news,2
higgs,higgs_wcc_10504,science_news,2
higgs,higgs_wcc_10505,science_news,2
higgs,higgs_wcc_10506,science_news,2
higgs,higgs_wcc_10507,science_news,2
higgs,higgs_wcc_10508,science_news,2
higgs,higgs_wcc_10509,science_news,2
higgs,higgs_wcc_10510,science_news,2
higgs,higgs_wcc_10511,science_news,2
higgs,higgs_wcc_10512,science_news,2
higgs,higgs_wcc_10513,science_news,2
higgs,higgs_wcc_10514,science_news,2
higgs,higgs_wcc_10515,science_news,2
higgs,higgs_wcc_10516,science_news,2
higgs,higgs_wcc_10517,science_news,2
higgs,higgs_wcc_10518,science_news,2
higgs,higgs_wcc_10519,science_news,2
higgs,higgs_wcc_10520,science_news,2
higgs,higgs_wcc_10521,science_news,2
higgs,higgs_wcc_10522,science_news,2
higgs,higgs_wcc_10523,science_news,2
higgs,higgs_wcc_10524,science_news,2
higgs,higgs_wcc_10525,science_news,2
higgs,higgs_wcc_10526,science_news,2
higgs,higgs_wcc_10527,science_news,2
higgs,higgs_wcc_10528,science_news,2
higgs,higgs_wcc_10529,science_news,2
higgs,higgs_wcc_10530,science_news,2
higgs,higgs_wcc_10531,science_news,2
higgs,higgs_wcc_10532,science_news,2
higgs,higgs_wcc_10533,science_news,2
higgs,higgs_wcc_10534,science_news,2
higgs,higgs_wcc_10535,science_news,2
higgs,higgs_wcc_10536,science_news,2
higgs,higgs_wcc_10537,science_news,2
higgs,higgs_wcc_10538,science_news,2
higgs,higgs_wcc_10539,science_news,2
higgs,higgs_wcc_10540,science_news,2
higgs,higgs_wcc_10541,science_news,2
higgs,higgs_wcc_10542,science_news,2
higgs,higgs_wcc_10543,science_news,2
higgs,higgs_wcc_10544,science_news,2
higgs,higgs_wcc_10545,science_news,2
higgs,higgs_wcc_10546,science_news,2
higgs,higgs_wcc_10547,science_news,2
higgs,higgs_wcc_10548,science_news,2
higgs,higgs_wcc_10549,science_news,2
higgs,higgs_wcc_10550,science_news,2
higgs,higgs_wcc_10551,science_news,2
higgs,higgs_wcc_10552,science_news,2
higgs,higgs_wcc_10553,science_news,2
higgs,higgs_wcc_10554,science_news,2
higgs,higgs_wcc_10555,science_news,2
higgs,higgs_wcc_10556,science_news,2
higgs,higgs_wcc_10557,science_news,2
higgs,higgs_wcc_10558,science_news,2
higgs,higgs_wcc_10559,science_news,2
higgs,higgs_wcc_10560,science_news,2
higgs,higgs_wcc_10561,science_news,2
higgs,higgs_wcc_10562,science_news,2
higgs,higgs_wcc_10563,science_news,2
higgs,higgs_wcc_10564,science_news,2
higgs,higgs_wcc_10565,science_news,2
higgs,higgs_wcc_10566,science_news,2
higgs,higgs_wcc_10567,science_news,2
higgs,higgs_wcc_10568,science_news,2
higgs,higgs_wcc_10569,science_news,2
higgs,higgs_wcc_10570,science_news,2
higgs,higgs_wcc_10571,science_news,2
higgs,higgs_wcc_10572,science_news,2
higgs,higgs_wcc_10573,science_news,2
higgs,higgs_wcc_10574,science_news,2
higgs,higgs_wcc_10575,science_news,2
higgs,higgs_wcc_10576,science_news,2
higgs,higgs_wcc_10577,science_news,2
higgs,higgs_wcc_10578,science_news,2
higgs,higgs_wcc_10579,science_news,2
higgs,higgs_wcc_10580,science_news,2
higgs,higgs_wcc_10581,science_news,2
higgs,higgs_wcc_10582,science_news,2
higgs,higgs_wcc_10583,science_news,2
higgs,higgs_wcc_10584,science_news,2
higgs,higgs_wcc_10585,science_news,2
higgs,higgs_wcc_10586,science_news,2
higgs,higgs_wcc_10587,science_news,2
higgs,higgs_wcc_10588,science_news,2
higgs,higgs_wcc_10589,science_news,2
higgs,higgs_wcc_10590,science_news,2
higgs,higgs_wcc_10591,science_news,2
higgs,higgs_wcc_10592,science_news,2
higgs,higgs_wcc_10593,science_news,2
higgs,higgs_wcc_10594,science_news,2
higgs,higgs_wcc_10595,science_news,2
higgs,higgs_wcc_10596,science_news,2
higgs,higgs_wcc_10597,science_news,2
higgs,higgs_wcc_10598,science_news,2
higgs,higgs_wcc_10599,science_news,2
higgs,higgs_wcc_10600,science_news,2
higgs,higgs_wcc_10601,science_news,2
higgs,higgs_wcc_10602,science_news,2
higgs,higgs_wcc_10603,science_news,2
higgs,higgs_wcc_10604,science_news,2
higgs,higgs_wcc_10605,science_news,2
higgs,higgs_wcc_10606,science_news,2
higgs,higgs_wcc_10607,science_news,2
higgs,higgs_wcc_10608,science_news,2
higgs,higgs_wcc_10609,science_news,2
higgs,higgs_wcc_10610,science_news,2
higgs,higgs_wcc_10611,science_news,2
higgs,higgs_wcc_10612,science_news,2
higgs,higgs_wcc_10613,science_news,2
higgs,higgs_wcc_10614,science_news,2
higgs,higgs_wcc_10615,science_news,2
higgs,higgs_wcc_10616,science_news,2
higgs,higgs_wcc_10617,science_news,2
higgs,higgs_wcc_10618,science_news,2
higgs,higgs_wcc_10619,science_news,2
higgs,higgs_wcc_10620,science_news,2
higgs,higgs_wcc_10621,science_news,2
higgs,higgs_wcc_10622,science_news,2
higgs,higgs_wcc_10623,science_news,2
higgs,higgs_wcc_10624,science_news,2
higgs,higgs_wcc_10625,science_news,2
higgs,higgs_wcc_10626,science_news,2
higgs,higgs_wcc_10627,science_news,2
higgs,higgs_wcc_10628,science_news,2
higgs,higgs_wcc_10629,science_news,2
higgs,higgs_wcc_10630,science_news,2
higgs,higgs_wcc_10631,science_news,2
higgs,higgs_wcc_10632,science_news,2
higgs,higgs_wcc_10633,science_news,2
higgs,higgs_wcc_10634,science_news,2
higgs,higgs_wcc_10635,science_news,2
higgs,higgs_wcc_10636,science_news,2
higgs,higgs_wcc_10637,science_news,2
higgs,higgs_wcc_10638,science_news,2
higgs,higgs_wcc_10639,science_news,2
higgs,higgs_wcc_10640,science_news,2
higgs,higgs_wcc_10641,science_news,2
higgs,higgs_wcc_10642,science_news,2
higgs,higgs_wcc_10643,science_news,2
higgs,higgs_wcc_10644,science_news,2
higgs,higgs_wcc_10645,science_news,2
higgs,higgs_wcc_10646,science_news,2
higgs,higgs_wcc_10647,science_news,2
higgs,higgs_wcc_10648,science_news,2
higgs,higgs_wcc_10649,science_news,2
higgs,higgs_wcc_10650,science_news,2
higgs,higgs_wcc_10651,science_news,2
higgs,higgs_wcc_10652,science_news,2
higgs,higgs_wcc_10653,science_news,2
higgs,higgs_wcc_10654,science_news,2
higgs,higgs_wcc_10655,science_news,2
higgs,higgs_wcc_10656,science_news,2
higgs,higgs_wcc_10657,science_news,2
higgs,higgs_wcc_10658,science_news,2
higgs,higgs_wcc_10659,science_news,2
higgs,higgs_wcc_10660,science_news,2
higgs,higgs_wcc_10661,science_news,2
higgs,higgs_wcc_10662,science_news,2
higgs,higgs_wcc_10663,science_news,2
higgs,higgs_wcc_10664,science_news,2
higgs,higgs_wcc_10665,science_news,2
higgs,higgs_wcc_10666,science_news,2
higgs,higgs_wcc_10667,science_news,2
higgs,higgs_wcc_10668,science_news,2
higgs,higgs_wcc_10669,science_news,2
higgs,higgs_wcc_10670,science_news,2
higgs,higgs_wcc_10671,science_news,2
higgs,higgs_wcc_10672,science_news,2
higgs,higgs_wcc_10673,science_news,2
higgs,higgs_wcc_10674,science_news,2
higgs,higgs_wcc_10675,science_news,2
higgs,higgs_wcc_10676,science_news,2
higgs,higgs_wcc_10677,science_news,2
higgs,higgs_wcc_10678,science_news,2
higgs,higgs_wcc_10679,science_news,2
higgs,higgs_wcc_10680,science_news,2
higgs,higgs_wcc_10681,science_news,2
higgs,higgs_wcc_10682,science_news,2
higgs,higgs_wcc_10683,science_news,2
higgs,higgs_wcc_10684,science_news,2
higgs,higgs_wcc_10685,science_news,2
higgs,higgs_wcc_10686,science_news,2
higgs,higgs_wcc_10687,science_news,2
higgs,higgs_wcc_10688,science_news,2
higgs,higgs_wcc_10689,science_news,2
higgs,higgs_wcc_10690,science_news,2
higgs,higgs_wcc_10691,science_news,2
higgs,higgs_wcc_10692,science_news,2
higgs,higgs_wcc_10693,science_news,2
higgs,higgs_wcc_10694,science_news,2
higgs,higgs_wcc_10695,science_news,2
higgs,higgs_wcc_10696,science_news,2
higgs,higgs_wcc_10697,science_news,2
higgs,higgs_wcc_10698,science_news,2
higgs,higgs_wcc_10699,science_news,2
higgs,higgs_wcc_10700,science_news,2
higgs,higgs_wcc_10701,science_news,2
higgs,higgs_wcc_10702,science_news,2
higgs,higgs_wcc_10703,science_news,2
higgs,higgs_wcc_10704,science_news,2
higgs,higgs_wcc_10705,science_news,2
higgs,higgs_wcc_10706,science_news,2
higgs,higgs_wcc_10707,science_news,2
higgs,higgs_wcc_10708,science_news,2
higgs,higgs_wcc_10709,science_news,2
higgs,higgs_wcc_10710,science_news,2
higgs,higgs_wcc_10711,science_news,2
higgs,higgs_wcc_10712,science_news,2
higgs,higgs_wcc_10713,science_news,2
higgs,higgs_wcc_10714,science_news,2
higgs,higgs_wcc_10715,science_news,2
higgs,higgs_wcc_10716,science_news,2
higgs,higgs_wcc_10717,science_news,2
higgs,higgs_wcc_10718,science_news,2
higgs,higgs_wcc_10719,science_news,2
higgs,higgs_wcc_10720,science_news,2
higgs,higgs_wcc_10721,science_news,2
higgs,higgs_wcc_10722,science_news,2
higgs,higgs_wcc_10723,science_news,2
higgs,higgs_wcc_10724,science_news,2
higgs,higgs_wcc_10725,science_news,2
higgs,higgs_wcc_10726,science_news,2
higgs,higgs_wcc_10727,science_news,2
higgs,higgs_wcc_10728,science_news,2
higgs,higgs_wcc_10729,science_news,2
higgs,higgs_wcc_10730,science_news,2
higgs,higgs_wcc_10731,science_news,2
higgs,higgs_wcc_10732,science_news,2
higgs,higgs_wcc_10733,science_news,2
higgs,higgs_wcc_10734,science_news,2
higgs,higgs_wcc_10735,science_news,2
higgs,higgs_wcc_10736,science_news,2
higgs,higgs_wcc_10737,science_news,2
higgs,higgs_wcc_10738,science_news,2
higgs,higgs_wcc_10739,science_news,2
higgs,higgs_wcc_10740,science_news,2
higgs,higgs_wcc_10741,science_news,2
higgs,higgs_wcc_10742,science_news,2
higgs,higgs_wcc_10743,science_news,2
higgs,higgs_wcc_10744,science_news,2
higgs,higgs_wcc_10745,science_news,2
higgs,higgs_wcc_10746,science_news,2
higgs,higgs_wcc_10747,science_news,2
higgs,higgs_wcc_10748,science_news,2
higgs,higgs_wcc_10749,science_news,2
higgs,higgs_wcc_10750,science_news,2
higgs,higgs_wcc_10751,science_news,2
higgs,higgs_wcc_10752,science_news,2
higgs,higgs_wcc_10753,science_news,2
higgs,higgs_wcc_10754,science_news,2
higgs,higgs_wcc_10755,science_news,2
higgs,higgs_wcc_10756,science_news,2
higgs,higgs_wcc_10757,science_news,2
higgs,higgs_wcc_10758,science_news,2
higgs,higgs_wcc_10759,science_news,2
higgs,higgs_wcc_10760,science_news,2
higgs,higgs_wcc_10761,science_news,2
higgs,higgs_wcc_10762,science_news,2
higgs,higgs_wcc_10763,science_news,2
higgs,higgs_wcc_10764,science_news,2
higgs,higgs_wcc_10765,science_news,2
higgs,higgs_wcc_10766,science_news,2
higgs,higgs_wcc_10767,science_news,2
higgs,higgs_wcc_10768,science_news,2
higgs,higgs_wcc_10769,science_news,2
higgs,higgs_wcc_10770,science_news,2
higgs,higgs_wcc_10771,science_news,2
higgs,higgs_wcc_10772,science_news,2
higgs,higgs_wcc_10773,science_news,2
higgs,higgs_wcc_10774,science_news,2
higgs,higgs_wcc_10775,science_news,2
higgs,higgs_wcc_10776,science_news,2
higgs,higgs_wcc_10777,science_news,2
higgs,higgs_wcc_10778,science_news,2
higgs,higgs_wcc_10779,science_news,2
higgs,higgs_wcc_10780,science_news,2
higgs,higgs_wcc_10781,science_news,2
higgs,higgs_wcc_10782,science_news,2
higgs,higgs_wcc_10783,science_news,2
higgs,higgs_wcc_10784,science_news,2
higgs,higgs_wcc_10785,science_news,2
higgs,higgs_wcc_10786,science_news,2
higgs,higgs_wcc_10787,science_news,2
higgs,higgs_wcc_10788,science_news,2
higgs,higgs_wcc_10789,science_news,2
higgs,higgs_wcc_10790,science_news,2
higgs,higgs_wcc_10791,science_news,2
higgs,higgs_wcc_10792,science_news,2
higgs,higgs_wcc_10793,science_news,2
higgs,higgs_wcc_10794,science_news,2
higgs,higgs_wcc_10795,science_news,2
higgs,higgs_wcc_10796,science_news,2
higgs,higgs_wcc_10797,science_news,2
higgs,higgs_wcc_10798,science_news,2
higgs,higgs_wcc_10799,science_news,2
higgs,higgs_wcc_10800,science_news,2
higgs,higgs_wcc_10801,science_news,2
higgs,higgs_wcc_10802,science_news,2
higgs,higgs_wcc_10803,science_news,2
higgs,higgs_wcc_10804,science_news,2
higgs,higgs_wcc_10805,science_news,2
higgs,higgs_wcc_10806,science_news,2
higgs,higgs_wcc_10807,science_news,2
higgs,higgs_wcc_10808,science_news,2
higgs,higgs_wcc_10809,science_news,2
higgs,higgs_wcc_10810,science_news,2
higgs,higgs_wcc_10811,science_news,2
higgs,higgs_wcc_10812,science_news,2
higgs,higgs_wcc_10813,science_news,2
higgs,higgs_wcc_10814,science_news,2
higgs,higgs_wcc_10815,science_news,2
higgs,higgs_wcc_10816,science_news,2
higgs,higgs_wcc_10817,science_news,2
higgs,higgs_wcc_10818,science_news,2
higgs,higgs_wcc_10819,science_news,2
higgs,higgs_wcc_10820,science_news,2
higgs,higgs_wcc_10821,science_news,2
higgs,higgs_wcc_10822,science_news,2
higgs,higgs_wcc_10823,science_news,2
higgs,higgs_wcc_10824,science_news,2
higgs,higgs_wcc_10825,science_news,2
higgs,higgs_wcc_10826,science_news,2
higgs,higgs_wcc_10827,science_news,2
higgs,higgs_wcc_10828,science_news,2
higgs,higgs_wcc_10829,science_news,2
higgs,higgs_wcc_10830,science_news,2
higgs,higgs_wcc_10831,science_news,2
higgs,higgs_wcc_10832,science_news,2
higgs,higgs_wcc_10833,science_news,2
higgs,higgs_wcc_10834,science_news,2
higgs,higgs_wcc_10835,science_news,2
higgs,higgs_wcc_10836,science_news,2
higgs,higgs_wcc_10837,science_news,2
higgs,higgs_wcc_10838,science_news,2
higgs,higgs_wcc_10839,science_news,2
higgs,higgs_wcc_10840,science_news,2
higgs,higgs_wcc_10841,science_news,2
higgs,higgs_wcc_10842,science_news,2
higgs,higgs_wcc_10843,science_news,2
higgs,higgs_wcc_10844,science_news,2
higgs,higgs_wcc_10845,science_news,2
higgs,higgs_wcc_10846,science_news,2
higgs,higgs_wcc_10847,science_news,2
higgs,higgs_wcc_10848,science_news,2
higgs,higgs_wcc_10849,science_news,2
higgs,higgs_wcc_10850,science_news,2
higgs,higgs_wcc_10851,science_news,2
higgs,higgs_wcc_10852,science_news,2
higgs,higgs_wcc_10853,science_news,2
higgs,higgs_wcc_10854,science_news,2
higgs,higgs_wcc_10855,science_news,2
higgs,higgs_wcc_10856,science_news,2
higgs,higgs_wcc_10857,science_news,2
higgs,higgs_wcc_10858,science_news,2
higgs,higgs_wcc_10859,science_news,2
higgs,higgs_wcc_10860,science_news,2
higgs,higgs_wcc_10861,science_news,2
higgs,higgs_wcc_10862,science_news,2
higgs,higgs_wcc_10863,science_news,2
higgs,higgs_wcc_10864,science_news,2
higgs,higgs_wcc_10865,science_news,2
higgs,higgs_wcc_10866,science_news,2
higgs,higgs_wcc_10867,science_news,2
higgs,higgs_wcc_10868,science_news,2
higgs,higgs_wcc_10869,science_news,2
higgs,higgs_wcc_10870,science_news,2
higgs,higgs_wcc_10871,science_news,2
higgs,higgs_wcc_10872,science_news,2
higgs,higgs_wcc_10873,science_news,2
higgs,higgs_wcc_10874,science_news,2
higgs,higgs_wcc_10875,science_news,2
higgs,higgs_wcc_10876,science_news,2
higgs,higgs_wcc_10877,science_news,2
higgs,higgs_wcc_10878,science_news,2
higgs,higgs_wcc_10879,science_news,2
higgs,higgs_wcc_10880,science_news,2
higgs,higgs_wcc_10881,science_news,2
higgs,higgs_wcc_10882,science_news,2
higgs,higgs_wcc_10883,science_news,2
higgs,higgs_wcc_10884,science_news,2
higgs,higgs_wcc_10885,science_news,2
higgs,higgs_wcc_10886,science_news,2
higgs,higgs_wcc_10887,science_news,2
higgs,higgs_wcc_10888,science_news,2
higgs,higgs_wcc_10889,science_news,2
higgs,higgs_wcc_10890,science_news,2
higgs,higgs_wcc_10891,science_news,2
higgs,higgs_wcc_10892,science_news,2
higgs,higgs_wcc_10893,science_news,2
higgs,higgs_wcc_10894,science_news,2
higgs,higgs_wcc_10895,science_news,2
higgs,higgs_wcc_10896,science_news,2
higgs,higgs_wcc_10897,science_news,2
higgs,higgs_wcc_10898,science_news,2
higgs,higgs_wcc_10899,science_news,2
higgs,higgs_wcc_10900,science_news,2
higgs,higgs_wcc_10901,science_news,2
higgs,higgs_wcc_10902,science_news,2
higgs,higgs_wcc_10903,science_news,2
higgs,higgs_wcc_10904,science_news,2
higgs,higgs_wcc_10905,science_news,2
higgs,higgs_wcc_10906,science_news,2
higgs,higgs_wcc_10907,science_news,2
higgs,higgs_wcc_10908,science_news,2
higgs,higgs_wcc_10909,science_news,2
higgs,higgs_wcc_10910,science_news,2
higgs,higgs_wcc_10911,science_news,2
higgs,higgs_wcc_10912,science_news,2
higgs,higgs_wcc_10913,science_news,2
higgs,higgs_wcc_10914,science_news,2
higgs,higgs_wcc_10915,science_news,2
higgs,higgs_wcc_10916,science_news,2
higgs,higgs_wcc_10917,science_news,2
higgs,higgs_wcc_10918,science_news,2
higgs,higgs_wcc_10919,science_news,2
higgs,higgs_wcc_10920,science_news,2
higgs,higgs_wcc_10921,science_news,2
higgs,higgs_wcc_10922,science_news,2
higgs,higgs_wcc_10923,science_news,2
higgs,higgs_wcc_10924,science_news,2
higgs,higgs_wcc_10925,science_news,2
higgs,higgs_wcc_10926,science_news,2
higgs,higgs_wcc_10927,science_news,2
higgs,higgs_wcc_10928,science_news,2
higgs,higgs_wcc_10929,science_news,2
higgs,higgs_wcc_10930,science_news,2
higgs,higgs_wcc_10931,science_news,2
higgs,higgs_wcc_10932,science_news,2
higgs,higgs_wcc_10933,science_news,2
higgs,higgs_wcc_10934,science_news,2
higgs,higgs_wcc_10935,science_news,2
higgs,higgs_wcc_10936,science_news,2
higgs,higgs_wcc_10937,science_news,2
higgs,higgs_wcc_10938,science_news,2
higgs,higgs_wcc_10939,science_news,2
higgs,higgs_wcc_10940,science_news,2
higgs,higgs_wcc_10941,science_news,2
higgs,higgs_wcc_10942,science_news,2
higgs,higgs_wcc_10943,science_news,2
higgs,higgs_wcc_10944,science_news,2
higgs,higgs_wcc_10945,science_news,2
higgs,higgs_wcc_10946,science_news,2
higgs,higgs_wcc_10947,science_news,2
higgs,higgs_wcc_10948,science_news,2
higgs,higgs_wcc_10949,science_news,2
higgs,higgs_wcc_10950,science_news,2
higgs,higgs_wcc_10951,science_news,2
higgs,higgs_wcc_10952,science_news,2
higgs,higgs_wcc_10953,science_news,2
higgs,higgs_wcc_10954,science_news,2
higgs,higgs_wcc_10955,science_news,2
higgs,higgs_wcc_10956,science_news,2
higgs,higgs_wcc_10957,science_news,2
higgs,higgs_wcc_10958,science_news,2
higgs,higgs_wcc_10959,science_news,2
higgs,higgs_wcc_10960,science_news,2
higgs,higgs_wcc_10961,science_news,2
higgs,higgs_wcc_10962,science_news,2
higgs,higgs_wcc_10963,science_news,2
higgs,higgs_wcc_10964,science_news,2
higgs,higgs_wcc_10965,science_news,2
higgs,higgs_wcc_10966,science_news,2
higgs,higgs_wcc_10967,science_news,2
higgs,higgs_wcc_10968,science_news,2
higgs,higgs_wcc_10969,science_news,2
higgs,higgs_wcc_10970,science_news,2
higgs,higgs_wcc_10971,science_news,2
higgs,higgs_wcc_10972,science_news,2
higgs,higgs_wcc_10973,science_news,2
higgs,higgs_wcc_10974,science_news,2
higgs,higgs_wcc_10975,science_news,2
higgs,higgs_wcc_10976,science_news,2
higgs,higgs_wcc_10977,science_news,2
higgs,higgs_wcc_10978,science_news,2
higgs,higgs_wcc_10979,science_news,2
higgs,higgs_wcc_10980,science_news,2
higgs,higgs_wcc_10981,science_news,2
higgs,higgs_wcc_10982,science_news,2
higgs,higgs_wcc_10983,science_news,2
higgs,higgs_wcc_10984,science_news,2
higgs,higgs_wcc_10985,science_news,2
higgs,higgs_wcc_10986,science_news,2
higgs,higgs_wcc_10987,science_news,2
higgs,higgs_wcc_10988,science_news,2
higgs,higgs_wcc_10989,science_news,2
higgs,higgs_wcc_10990,science_news,2
higgs,higgs_wcc_10991,science_news,2
higgs,higgs_wcc_10992,science_news,2
higgs,higgs_wcc_10993,science_news,2
higgs,higgs_wcc_10994,science_news,2
higgs,higgs_wcc_10995,science_news,2
higgs,higgs_wcc_10996,science_news,2
higgs,higgs_wcc_10997,science_news,2
higgs,higgs_wcc_10998,science_news,2
higgs,higgs_wcc_10999,science_news,2
higgs,higgs_wcc_11000,science_news,2
higgs,higgs_wcc_11001,science_news,2
higgs,higgs_wcc_11002,science_news,2
higgs,higgs_wcc_11003,science_news,2
higgs,higgs_wcc_11004,science_news,2
higgs,higgs_wcc_11005,science_news,2
higgs,higgs_wcc_11006,science_news,2
higgs,higgs_wcc_11007,science_news,2
higgs,higgs_wcc_11008,science_news,2
higgs,higgs_wcc_11009,science_news,2
higgs,higgs_wcc_11010,science_news,2
higgs,higgs_wcc_11011,science_news,2
higgs,higgs_wcc_11012,science_news,2
higgs,higgs_wcc_11013,science_news,2
higgs,higgs_wcc_11014,science_news,2
higgs,higgs_wcc_11015,science_news,2
higgs,higgs_wcc_11016,science_news,2
higgs,higgs_wcc_11017,science_news,2
higgs,higgs_wcc_11018,science_news,2
higgs,higgs_wcc_11019,science_news,2
higgs,higgs_wcc_11020,science_news,2
higgs,higgs_wcc_11021,science_news,2
higgs,higgs_wcc_11022,science_news,2
higgs,higgs_wcc_11023,science_news,2
higgs,higgs_wcc_11024,science_news,2
higgs,higgs_wcc_11025,science_news,2
higgs,higgs_wcc_11026,science_news,2
higgs,higgs_wcc_11027,science_news,2
higgs,higgs_wcc_11028,science_news,2
higgs,higgs_wcc_11029,science_news,2
higgs,higgs_wcc_11030,science_news,2
higgs,higgs_wcc_11031,science_news,2
higgs,higgs_wcc_11032,science_news,2
higgs,higgs_wcc_11033,science_news,2
higgs,higgs_wcc_11034,science_news,2
higgs,higgs_wcc_11035,science_news,2
higgs,higgs_wcc_11036,science_news,2
higgs,higgs_wcc_11037,science_news,2
higgs,higgs_wcc_11038,science_news,2
higgs,higgs_wcc_11039,science_news,2
higgs,higgs_wcc_11040,science_news,2
higgs,higgs_wcc_11041,science_news,2
higgs,higgs_wcc_11042,science_news,2
higgs,higgs_wcc_11043,science_news,2
higgs,higgs_wcc_11044,science_news,2
higgs,higgs_wcc_11045,science_news,2
higgs,higgs_wcc_11046,science_news,2
higgs,higgs_wcc_11047,science_news,2
higgs,higgs_wcc_11048,science_news,2
higgs,higgs_wcc_11049,science_news,2
higgs,higgs_wcc_11050,science_news,2
higgs,higgs_wcc_11051,science_news,2
higgs,higgs_wcc_11052,science_news,2
higgs,higgs_wcc_11053,science_news,2
higgs,higgs_wcc_11054,science_news,2
higgs,higgs_wcc_11055,science_news,2
higgs,higgs_wcc_11056,science_news,2
higgs,higgs_wcc_11057,science_news,2
higgs,higgs_wcc_11058,science_news,2
higgs,higgs_wcc_11059,science_news,2
higgs,higgs_wcc_11060,science_news,2
higgs,higgs_wcc_11061,science_news,2
higgs,higgs_wcc_11062,science_news,2
higgs,higgs_wcc_11063,science_news,2
higgs,higgs_wcc_11064,science_news,2
higgs,higgs_wcc_11065,science_news,2
higgs,higgs_wcc_11066,science_news,2
higgs,higgs_wcc_11067,science_news,2
higgs,higgs_wcc_11068,science_news,2
higgs,higgs_wcc_11069,science_news,2
higgs,higgs_wcc_11070,science_news,2
higgs,higgs_wcc_11071,science_news,2
higgs,higgs_wcc_11072,science_news,2
higgs,higgs_wcc_11073,science_news,2
higgs,higgs_wcc_11074,science_news,2
higgs,higgs_wcc_11075,science_news,2
higgs,higgs_wcc_11076,science_news,2
higgs,higgs_wcc_11077,science_news,2
higgs,higgs_wcc_11078,science_news,2
higgs,higgs_wcc_11079,science_news,2
higgs,higgs_wcc_11080,science_news,2
higgs,higgs_wcc_11081,science_news,2
higgs,higgs_wcc_11082,science_news,2
higgs,higgs_wcc_11083,science_news,2
higgs,higgs_wcc_11084,science_news,2
higgs,higgs_wcc_11085,science_news,2
higgs,higgs_wcc_11086,science_news,2
higgs,higgs_wcc_11087,science_news,2
higgs,higgs_wcc_11088,science_news,2
higgs,higgs_wcc_11089,science_news,2
higgs,higgs_wcc_11090,science_news,2
higgs,higgs_wcc_11091,science_news,2
higgs,higgs_wcc_11092,science_news,2
higgs,higgs_wcc_11093,science_news,2
higgs,higgs_wcc_11094,science_news,2
higgs,higgs_wcc_11095,science_news,2
higgs,higgs_wcc_11096,science_news,2
higgs,higgs_wcc_11097,science_news,2
higgs,higgs_wcc_11098,science_news,2
higgs,higgs_wcc_11099,science_news,2
higgs,higgs_wcc_11100,science_news,2
higgs,higgs_wcc_11101,science_news,2
higgs,higgs_wcc_11102,science_news,2
higgs,higgs_wcc_11103,science_news,2
higgs,higgs_wcc_11104,science_news,2
higgs,higgs_wcc_11105,science_news,2
higgs,higgs_wcc_11106,science_news,2
higgs,higgs_wcc_11107,science_news,2
higgs,higgs_wcc_11108,science_news,2
higgs,higgs_wcc_11109,science_news,2
higgs,higgs_wcc_11110,science_news,2
higgs,higgs_wcc_11111,science_news,2
higgs,higgs_wcc_11112,science_news,2
higgs,higgs_wcc_11113,science_news,2
higgs,higgs_wcc_11114,science_news,2
higgs,higgs_wcc_11115,science_news,2
higgs,higgs_wcc_11116,science_news,2
higgs,higgs_wcc_11117,science_news,2
higgs,higgs_wcc_11118,science_news,2
higgs,higgs_wcc_11119,science_news,2
higgs,higgs_wcc_11120,science_news,2
higgs,higgs_wcc_11121,science_news,2
higgs,higgs_wcc_11122,science_news,2
higgs,higgs_wcc_11123,science_news,2
higgs,higgs_wcc_11124,science_news,2
higgs,higgs_wcc_11125,science_news,2
higgs,higgs_wcc_11126,science_news,2
higgs,higgs_wcc_11127,science_news,2
higgs,higgs_wcc_11128,science_news,2
higgs,higgs_wcc_11129,science_news,2
higgs,higgs_wcc_11130,science_news,2
higgs,higgs_wcc_11131,science_news,2
higgs,higgs_wcc_11132,science_news,2
higgs,higgs_wcc_11133,science_news,2
higgs,higgs_wcc_11134,science_news,2
higgs,higgs_wcc_11135,science_news,2
higgs,higgs_wcc_11136,science_news,2
higgs,higgs_wcc_11137,science_news,2
higgs,higgs_wcc_11138,science_news,2
higgs,higgs_wcc_11139,science_news,2
higgs,higgs_wcc_11140,science_news,2
higgs,higgs_wcc_11141,science_news,2
higgs,higgs_wcc_11142,science_news,2
higgs,higgs_wcc_11143,science_news,2
higgs,higgs_wcc_11144,science_news,2
higgs,higgs_wcc_11145,science_news,2
higgs,higgs_wcc_11146,science_news,2
higgs,higgs_wcc_11147,science_news,2
higgs,higgs_wcc_11148,science_news,2
higgs,higgs_wcc_11149,science_news,2
higgs,higgs_wcc_11150,science_news,2
higgs,higgs_wcc_11151,science_news,2
higgs,higgs_wcc_11152,science_news,2
higgs,higgs_wcc_11153,science_news,2
higgs,higgs_wcc_11154,science_news,2
higgs,higgs_wcc_11155,science_news,2
higgs,higgs_wcc_11156,science_news,2
higgs,higgs_wcc_11157,science_news,2
higgs,higgs_wcc_11158,science_news,2
higgs,higgs_wcc_11159,science_news,2
higgs,higgs_wcc_11160,science_news,2
higgs,higgs_wcc_11161,science_news,2
higgs,higgs_wcc_11162,science_news,2
higgs,higgs_wcc_11163,science_news,2
higgs,higgs_wcc_11164,science_news,2
higgs,higgs_wcc_11165,science_news,2
higgs,higgs_wcc_11166,science_news,2
higgs,higgs_wcc_11167,science_news,2
higgs,higgs_wcc_11168,science_news,2
higgs,higgs_wcc_11169,science_news,2
higgs,higgs_wcc_11170,science_news,2
higgs,higgs_wcc_11171,science_news,2
higgs,higgs_wcc_11172,science_news,2
higgs,higgs_wcc_11173,science_news,2
higgs,higgs_wcc_11174,science_news,2
higgs,higgs_wcc_11175,science_news,2
higgs,higgs_wcc_11176,science_news,2
higgs,higgs_wcc_11177,science_news,2
higgs,higgs_wcc_11178,science_news,2
higgs,higgs_wcc_11179,science_news,2
higgs,higgs_wcc_11180,science_news,2
higgs,higgs_wcc_11181,science_news,2
higgs,higgs_wcc_11182,science_news,2
higgs,higgs_wcc_11183,science_news,2
higgs,higgs_wcc_11184,science_news,2
higgs,higgs_wcc_11185,science_news,2
higgs,higgs_wcc_11186,science_news,2
higgs,higgs_wcc_11187,science_news,2
higgs,higgs_wcc_11188,science_news,2
higgs,higgs_wcc_11189,science_news,2
higgs,higgs_wcc_11190,science_news,2
higgs,higgs_wcc_11191,science_news,2
higgs,higgs_wcc_11192,science_news,2
higgs,higgs_wcc_11193,science_news,2
higgs,higgs_wcc_11194,science_news,2
higgs,higgs_wcc_11195,science_news,2
higgs,higgs_wcc_11196,science_news,2
higgs,higgs_wcc_11197,science_news,2
higgs,higgs_wcc_11198,science_news,2
higgs,higgs_wcc_11199,science_news,2
higgs,higgs_wcc_11200,science_news,2
higgs,higgs_wcc_11201,science_news,2
higgs,higgs_wcc_11202,science_news,2
higgs,higgs_wcc_11203,science_news,2
higgs,higgs_wcc_11204,science_news,2
higgs,higgs_wcc_11205,science_news,2
higgs,higgs_wcc_11206,science_news,2
higgs,higgs_wcc_11207,science_news,2
higgs,higgs_wcc_11208,science_news,2
higgs,higgs_wcc_11209,science_news,2
higgs,higgs_wcc_11210,science_news,2
higgs,higgs_wcc_11211,science_news,2
higgs,higgs_wcc_11212,science_news,2
higgs,higgs_wcc_11213,science_news,2
higgs,higgs_wcc_11214,science_news,2
higgs,higgs_wcc_11215,science_news,2
higgs,higgs_wcc_11216,science_news,2
higgs,higgs_wcc_11217,science_news,2
higgs,higgs_wcc_11218,science_news,2
higgs,higgs_wcc_11219,science_news,2
higgs,higgs_wcc_11220,science_news,2
higgs,higgs_wcc_11221,science_news,2
higgs,higgs_wcc_11222,science_news,2
higgs,higgs_wcc_11223,science_news,2
higgs,higgs_wcc_11224,science_news,2
higgs,higgs_wcc_11225,science_news,2
higgs,higgs_wcc_11226,science_news,2
higgs,higgs_wcc_11227,science_news,2
higgs,higgs_wcc_11228,science_news,2
higgs,higgs_wcc_11229,science_news,2
higgs,higgs_wcc_11230,science_news,2
higgs,higgs_wcc_11231,science_news,2
higgs,higgs_wcc_11232,science_news,2
higgs,higgs_wcc_11233,science_news,2
higgs,higgs_wcc_11234,science_news,2
higgs,higgs_wcc_11235,science_news,2
higgs,higgs_wcc_11236,science_news,2
higgs,higgs_wcc_11237,science_news,2
higgs,higgs_wcc_11238,science_news,2
higgs,higgs_wcc_11239,science_news,2
higgs,higgs_wcc_11240,science_news,2
higgs,higgs_wcc_11241,science_news,2
higgs,higgs_wcc_11242,science_news,2
higgs,higgs_wcc_11243,science_news,2
higgs,higgs_wcc_11244,science_news,2
higgs,higgs_wcc_11245,science_news,2
higgs,higgs_wcc_11246,science_news,2
higgs,higgs_wcc_11247,science_news,2
higgs,higgs_wcc_11248,science_news,2
higgs,higgs_wcc_11249,science_news,2
higgs,higgs_wcc_11250,science_news,2
higgs,higgs_wcc_11251,science_news,2
higgs,higgs_wcc_11252,science_news,2
higgs,higgs_wcc_11253,science_news,2
higgs,higgs_wcc_11254,science_news,2
higgs,higgs_wcc_11255,science_news,2
higgs,higgs_wcc_11256,science_news,2
higgs,higgs_wcc_11257,science_news,2
higgs,higgs_wcc_11258,science_news,2
higgs,higgs_wcc_11259,science_news,2
higgs,higgs_wcc_11260,science_news,2
higgs,higgs_wcc_11261,science_news,2
higgs,higgs_wcc_11262,science_news,2
higgs,higgs_wcc_11263,science_news,2
higgs,higgs_wcc_11264,science_news,2
higgs,higgs_wcc_11265,science_news,2
higgs,higgs_wcc_11266,science_news,2
higgs,higgs_wcc_11267,science_news,2
higgs,higgs_wcc_11268,science_news,2
higgs,higgs_wcc_11269,science_news,2
higgs,higgs_wcc_11270,science_news,2
higgs,higgs_wcc_11271,science_news,2
higgs,higgs_wcc_11272,science_news,2
higgs,higgs_wcc_11273,science_news,2
higgs,higgs_wcc_11274,science_news,2
higgs,higgs_wcc_11275,science_news,2
higgs,higgs_wcc_11276,science_news,2
higgs,higgs_wcc_11277,science_news,2
higgs,higgs_wcc_11278,science_news,2
higgs,higgs_wcc_11279,science_news,2
higgs,higgs_wcc_11280,science_news,2
higgs,higgs_wcc_11281,science_news,2
higgs,higgs_wcc_11282,science_news,2
higgs,higgs_wcc_11283,science_news,2
higgs,higgs_wcc_11284,science_news,2
higgs,higgs_wcc_11285,science_news,2
higgs,higgs_wcc_11286,science_news,2
higgs,higgs_wcc_11287,science_news,2
higgs,higgs_wcc_11288,science_news,2
higgs,higgs_wcc_11289,science_news,2
higgs,higgs_wcc_11290,science_news,2
higgs,higgs_wcc_11291,science_news,2
higgs,higgs_wcc_11292,science_news,2
higgs,higgs_wcc_11293,science_news,2
higgs,higgs_wcc_11294,science_news,2
higgs,higgs_wcc_11295,science_news,2
higgs,higgs_wcc_11296,science_news,2
higgs,higgs_wcc_11297,science_news,2
higgs,higgs_wcc_11298,science_news,2
higgs,higgs_wcc_11299,science_news,2
higgs,higgs_wcc_11300,science_news,2
higgs,higgs_wcc_11301,science_news,2
higgs,higgs_wcc_11302,science_news,2
higgs,higgs_wcc_11303,science_news,2
higgs,higgs_wcc_11304,science_news,2
higgs,higgs_wcc_11305,science_news,2
higgs,higgs_wcc_11306,science_news,2
higgs,higgs_wcc_11307,science_news,2
higgs,higgs_wcc_11308,science_news,2
higgs,higgs_wcc_11309,science_news,2
higgs,higgs_wcc_11310,science_news,2
higgs,higgs_wcc_11311,science_news,2
higgs,higgs_wcc_11312,science_news,2
higgs,higgs_wcc_11313,science_news,2
higgs,higgs_wcc_11314,science_news,2
higgs,higgs_wcc_11315,science_news,2
higgs,higgs_wcc_11316,science_news,2
higgs,higgs_wcc_11317,science_news,2
higgs,higgs_wcc_11318,science_news,2
higgs,higgs_wcc_11319,science_news,2
higgs,higgs_wcc_11320,science_news,2
higgs,higgs_wcc_11321,science_news,2
higgs,higgs_wcc_11322,science_news,2
higgs,higgs_wcc_11323,science_news,2
higgs,higgs_wcc_11324,science_news,2
higgs,higgs_wcc_11325,science_news,2
higgs,higgs_wcc_11326,science_news,2
higgs,higgs_wcc_11327,science_news,2
higgs,higgs_wcc_11328,science_news,2
higgs,higgs_wcc_11329,science_news,2
higgs,higgs_wcc_11330,science_news,2
higgs,higgs_wcc_11331,science_news,2
higgs,higgs_wcc_11332,science_news,2
higgs,higgs_wcc_11333,science_news,2
higgs,higgs_wcc_11334,science_news,2
higgs,higgs_wcc_11335,science_news,2
higgs,higgs_wcc_11336,science_news,2
higgs,higgs_wcc_11337,science_news,2
higgs,higgs_wcc_11338,science_news,2
higgs,higgs_wcc_11339,science_news,2
higgs,higgs_wcc_11340,science_news,2
higgs,higgs_wcc_11341,science_news,2
higgs,higgs_wcc_11342,science_news,2
higgs,higgs_wcc_11343,science_news,2
higgs,higgs_wcc_11344,science_news,2
higgs,higgs_wcc_11345,science_news,2
higgs,higgs_wcc_11346,science_news,2
higgs,higgs_wcc_11347,science_news,2
higgs,higgs_wcc_11348,science_news,2
higgs,higgs_wcc_11349,science_news,2
higgs,higgs_wcc_11350,science_news,2
higgs,higgs_wcc_11351,science_news,2
higgs,higgs_wcc_11352,science_news,2
higgs,higgs_wcc_11353,science_news,2
higgs,higgs_wcc_11354,science_news,2
higgs,higgs_wcc_11355,science_news,2
higgs,higgs_wcc_11356,science_news,2
higgs,higgs_wcc_11357,science_news,2
higgs,higgs_wcc_11358,science_news,2
higgs,higgs_wcc_11359,science_news,2
higgs,higgs_wcc_11360,science_news,2
higgs,higgs_wcc_11361,science_news,2
higgs,higgs_wcc_11362,science_news,2
higgs,higgs_wcc_11363,science_news,2
higgs,higgs_wcc_11364,science_news,2
higgs,higgs_wcc_11365,science_news,2
higgs,higgs_wcc_11366,science_news,2
higgs,higgs_wcc_11367,science_news,2
higgs,higgs_wcc_11368,science_news,2
higgs,higgs_wcc_11369,science_news,2
higgs,higgs_wcc_11370,science_news,2
higgs,higgs_wcc_11371,science_news,2
higgs,higgs_wcc_11372,science_news,2
higgs,higgs_wcc_11373,science_news,2
higgs,higgs_wcc_11374,science_news,2
higgs,higgs_wcc_11375,science_news,2
higgs,higgs_wcc_11376,science_news,2
higgs,higgs_wcc_11377,science_news,2
higgs,higgs_wcc_11378,science_news,2
higgs,higgs_wcc_11379,science_news,2
higgs,higgs_wcc_11380,science_news,2
higgs,higgs_wcc_11381,science_news,2
higgs,higgs_wcc_11382,science_news,2
higgs,higgs_wcc_11383,science_news,2
higgs,higgs_wcc_11384,science_news,2
higgs,higgs_wcc_11385,science_news,2
higgs,higgs_wcc_11386,science_news,2
higgs,higgs_wcc_11387,science_news,2
higgs,higgs_wcc_11388,science_news,2
higgs,higgs_wcc_11389,science_news,2
higgs,higgs_wcc_11390,science_news,2
higgs,higgs_wcc_11391,science_news,2
higgs,higgs_wcc_11392,science_news,2
higgs,higgs_wcc_11393,science_news,2
higgs,higgs_wcc_11394,science_news,2
higgs,higgs_wcc_11395,science_news,2
higgs,higgs_wcc_11396,science_news,2
higgs,higgs_wcc_11397,science_news,2
higgs,higgs_wcc_11398,science_news,2
higgs,higgs_wcc_11399,science_news,2
higgs,higgs_wcc_11400,science_news,2
higgs,higgs_wcc_11401,science_news,2
higgs,higgs_wcc_11402,science_news,2
higgs,higgs_wcc_11403,science_news,2
higgs,higgs_wcc_11404,science_news,2
higgs,higgs_wcc_11405,science_news,2
higgs,higgs_wcc_11406,science_news,2
higgs,higgs_wcc_11407,science_news,2
higgs,higgs_wcc_11408,science_news,2
higgs,higgs_wcc_11409,science_news,2
higgs,higgs_wcc_11410,science_news,2
higgs,higgs_wcc_11411,science_news,2
higgs,higgs_wcc_11412,science_news,2
higgs,higgs_wcc_11413,science_news,2
higgs,higgs_wcc_11414,science_news,2
higgs,higgs_wcc_11415,science_news,2
higgs,higgs_wcc_11416,science_news,2
higgs,higgs_wcc_11417,science_news,2
higgs,higgs_wcc_11418,science_news,2
higgs,higgs_wcc_11419,science_news,2
higgs,higgs_wcc_11420,science_news,2
higgs,higgs_wcc_11421,science_news,2
higgs,higgs_wcc_11422,science_news,2
higgs,higgs_wcc_11423,science_news,2
higgs,higgs_wcc_11424,science_news,2
higgs,higgs_wcc_11425,science_news,2
higgs,higgs_wcc_11426,science_news,2
higgs,higgs_wcc_11427,science_news,2
higgs,higgs_wcc_11428,science_news,2
higgs,higgs_wcc_11429,science_news,2
higgs,higgs_wcc_11430,science_news,2
higgs,higgs_wcc_11431,science_news,2
higgs,higgs_wcc_11432,science_news,2
higgs,higgs_wcc_11433,science_news,2
higgs,higgs_wcc_11434,science_news,2
higgs,higgs_wcc_11435,science_news,2
higgs,higgs_wcc_11436,science_news,2
higgs,higgs_wcc_11437,science_news,2
higgs,higgs_wcc_11438,science_news,2
higgs,higgs_wcc_11439,science_news,2
higgs,higgs_wcc_11440,science_news,2
higgs,higgs_wcc_11441,science_news,2
higgs,higgs_wcc_11442,science_news,2
higgs,higgs_wcc_11443,science_news,2
higgs,higgs_wcc_11444,science_news,2
higgs,higgs_wcc_11445,science_news,2
higgs,higgs_wcc_11446,science_news,2
higgs,higgs_wcc_11447,science_news,2
higgs,higgs_wcc_11448,science_news,2
higgs,higgs_wcc_11449,science_news,2
higgs,higgs_wcc_11450,science_news,2
higgs,higgs_wcc_11451,science_news,2
higgs,higgs_wcc_11452,science_news,2
higgs,higgs_wcc_11453,science_news,2
higgs,higgs_wcc_11454,science_news,2
higgs,higgs_wcc_11455,science_news,2
higgs,higgs_wcc_11456,science_news,2
higgs,higgs_wcc_11457,science_news,2
higgs,higgs_wcc_11458,science_news,2
higgs,higgs_wcc_11459,science_news,2
higgs,higgs_wcc_11460,science_news,2
higgs,higgs_wcc_11461,science_news,2
higgs,higgs_wcc_11462,science_news,2
higgs,higgs_wcc_11463,science_news,2
higgs,higgs_wcc_11464,science_news,2
higgs,higgs_wcc_11465,science_news,2
higgs,higgs_wcc_11466,science_news,2
higgs,higgs_wcc_11467,science_news,2
higgs,higgs_wcc_11468,science_news,2
higgs,higgs_wcc_11469,science_news,2
higgs,higgs_wcc_11470,science_news,2
higgs,higgs_wcc_11471,science_news,2
higgs,higgs_wcc_11472,science_news,2
higgs,higgs_wcc_11473,science_news,2
higgs,higgs_wcc_11474,science_news,2
higgs,higgs_wcc_11475,science_news,2
higgs,higgs_wcc_11476,science_news,2
higgs,higgs_wcc_11477,science_news,2
higgs,higgs_wcc_11478,science_news,2
higgs,higgs_wcc_11479,science_news,2
higgs,higgs_wcc_11480,science_news,2
higgs,higgs_wcc_11481,science_news,2
higgs,higgs_wcc_11482,science_news,2
higgs,higgs_wcc_11483,science_news,2
higgs,higgs_wcc_11484,science_news,2
higgs,higgs_wcc_11485,science_news,2
higgs,higgs_wcc_11486,science_news,2
higgs,higgs_wcc_11487,science_news,2
higgs,higgs_wcc_11488,science_news,2
higgs,higgs_wcc_11489,science_news,2
higgs,higgs_wcc_11490,science_news,2
higgs,higgs_wcc_11491,science_news,2
higgs,higgs_wcc_11492,science_news,2
higgs,higgs_wcc_11493,science_news,2
higgs,higgs_wcc_11494,science_news,2
higgs,higgs_wcc_11495,science_news,2
higgs,higgs_wcc_11496,science_news,2
higgs,higgs_wcc_11497,science_news,2
higgs,higgs_wcc_11498,science_news,2
higgs,higgs_wcc_11499,science_news,2
higgs,higgs_wcc_11500,science_news,2
higgs,higgs_wcc_11501,science_news,2
higgs,higgs_wcc_11502,science_news,2
higgs,higgs_wcc_11503,science_news,2
higgs,higgs_wcc_11504,science_news,2
higgs,higgs_wcc_11505,science_news,2
higgs,higgs_wcc_11506,science_news,2
higgs,higgs_wcc_11507,science_news,2
higgs,higgs_wcc_11508,science_news,2
higgs,higgs_wcc_11509,science_news,2
higgs,higgs_wcc_11510,science_news,2
higgs,higgs_wcc_11511,science_news,2
higgs,higgs_wcc_11512,science_news,2
higgs,higgs_wcc_11513,science_news,2
higgs,higgs_wcc_11514,science_news,2
higgs,higgs_wcc_11515,science_news,2
higgs,higgs_wcc_11516,science_news,2
higgs,higgs_wcc_11517,science_news,2
higgs,higgs_wcc_11518,science_news,2
higgs,higgs_wcc_11519,science_news,2
higgs,higgs_wcc_11520,science_news,2
higgs,higgs_wcc_11521,science_news,2
higgs,higgs_wcc_11522,science_news,2
higgs,higgs_wcc_11523,science_news,2
higgs,higgs_wcc_11524,science_news,2
higgs,higgs_wcc_11525,science_news,2
higgs,higgs_wcc_11526,science_news,2
higgs,higgs_wcc_11527,science_news,2
higgs,higgs_wcc_11528,science_news,2
higgs,higgs_wcc_11529,science_news,2
higgs,higgs_wcc_11530,science_news,2
higgs,higgs_wcc_11531,science_news,2
higgs,higgs_wcc_11532,science_news,2
higgs,higgs_wcc_11533,science_news,2
higgs,higgs_wcc_11534,science_news,2
higgs,higgs_wcc_11535,science_news,2
higgs,higgs_wcc_11536,science_news,2
higgs,higgs_wcc_11537,science_news,2
higgs,higgs_wcc_11538,science_news,2
higgs,higgs_wcc_11539,science_news,2
higgs,higgs_wcc_11540,science_news,2
higgs,higgs_wcc_11541,science_news,2
higgs,higgs_wcc_11542,science_news,2
higgs,higgs_wcc_11543,science_news,2
higgs,higgs_wcc_11544,science_news,2
higgs,higgs_wcc_11545,science_news,2
higgs,higgs_wcc_11546,science_news,2
higgs,higgs_wcc_11547,science_news,2
higgs,higgs_wcc_11548,science_news,2
higgs,higgs_wcc_11549,science_news,2
higgs,higgs_wcc_11550,science_news,2
higgs,higgs_wcc_11551,science_news,2
higgs,higgs_wcc_11552,science_news,2
higgs,higgs_wcc_11553,science_news,2
higgs,higgs_wcc_11554,science_news,2
higgs,higgs_wcc_11555,science_news,2
higgs,higgs_wcc_11556,science_news,2
higgs,higgs_wcc_11557,science_news,2
higgs,higgs_wcc_11558,science_news,2
higgs,higgs_wcc_11559,science_news,2
higgs,higgs_wcc_11560,science_news,2
higgs,higgs_wcc_11561,science_news,2
higgs,higgs_wcc_11562,science_news,2
higgs,higgs_wcc_11563,science_news,2
higgs,higgs_wcc_11564,science_news,2
higgs,higgs_wcc_11565,science_news,2
higgs,higgs_wcc_11566,science_news,2
higgs,higgs_wcc_11567,science_news,2
higgs,higgs_wcc_11568,science_news,2
higgs,higgs_wcc_11569,science_news,2
higgs,higgs_wcc_11570,science_news,2
higgs,higgs_wcc_11571,science_news,2
higgs,higgs_wcc_11572,science_news,2
higgs,higgs_wcc_11573,science_news,2
higgs,higgs_wcc_11574,science_news,2
higgs,higgs_wcc_11575,science_news,2
higgs,higgs_wcc_11576,science_news,2
higgs,higgs_wcc_11577,science_news,2
higgs,higgs_wcc_11578,science_news,2
higgs,higgs_wcc_11579,science_news,2
higgs,higgs_wcc_11580,science_news,2
higgs,higgs_wcc_11581,science_news,2
higgs,higgs_wcc_11582,science_news,2
higgs,higgs_wcc_11583,science_news,2
higgs,higgs_wcc_11584,science_news,2
higgs,higgs_wcc_11585,science_news,2
higgs,higgs_wcc_11586,science_news,2
higgs,higgs_wcc_11587,science_news,2
higgs,higgs_wcc_11588,science_news,2
higgs,higgs_wcc_11589,science_news,2
higgs,higgs_wcc_11590,science_news,2
higgs,higgs_wcc_11591,science_news,2
higgs,higgs_wcc_11592,science_news,2
higgs,higgs_wcc_11593,science_news,2
higgs,higgs_wcc_11594,science_news,2
higgs,higgs_wcc_11595,science_news,2
higgs,higgs_wcc_11596,science_news,2
higgs,higgs_wcc_11597,science_news,2
higgs,higgs_wcc_11598,science_news,2
higgs,higgs_wcc_11599,science_news,2
higgs,higgs_wcc_11600,science_news,2
higgs,higgs_wcc_11601,science_news,2
higgs,higgs_wcc_11602,science_news,2
higgs,higgs_wcc_11603,science_news,2
higgs,higgs_wcc_11604,science_news,2
higgs,higgs_wcc_11605,science_news,2
higgs,higgs_wcc_11606,science_news,2
higgs,higgs_wcc_11607,science_news,2
higgs,higgs_wcc_11608,science_news,2
higgs,higgs_wcc_11609,science_news,2
higgs,higgs_wcc_11610,science_news,2
higgs,higgs_wcc_11611,science_news,2
higgs,higgs_wcc_11612,science_news,2
higgs,higgs_wcc_11613,science_news,2
higgs,higgs_wcc_11614,science_news,2
higgs,higgs_wcc_11615,science_news,2
higgs,higgs_wcc_11616,science_news,2
higgs,higgs_wcc_11617,science_news,2
higgs,higgs_wcc_11618,science_news,2
higgs,higgs_wcc_11619,science_news,2
higgs,higgs_wcc_11620,science_news,2
higgs,higgs_wcc_11621,science_news,2
higgs,higgs_wcc_11622,science_news,2
higgs,higgs_wcc_11623,science_news,2
higgs,higgs_wcc_11624,science_news,2
higgs,higgs_wcc_11625,science_news,2
higgs,higgs_wcc_11626,science_news,2
higgs,higgs_wcc_11627,science_news,2
higgs,higgs_wcc_11628,science_news,2
higgs,higgs_wcc_11629,science_news,2
higgs,higgs_wcc_11630,science_news,2
higgs,higgs_wcc_11631,science_news,2
higgs,higgs_wcc_11632,science_news,2
higgs,higgs_wcc_11633,science_news,2
higgs,higgs_wcc_11634,science_news,2
higgs,higgs_wcc_11635,science_news,2
higgs,higgs_wcc_11636,science_news,2
higgs,higgs_wcc_11637,science_news,2
higgs,higgs_wcc_11638,science_news,2
higgs,higgs_wcc_11639,science_news,2
higgs,higgs_wcc_11640,science_news,2
higgs,higgs_wcc_11641,science_news,2
higgs,higgs_wcc_11642,science_news,2
higgs,higgs_wcc_11643,science_news,2
higgs,higgs_wcc_11644,science_news,2
higgs,higgs_wcc_11645,science_news,2
higgs,higgs_wcc_11646,science_news,2
higgs,higgs_wcc_11647,science_news,2
higgs,higgs_wcc_11648,science_news,2
higgs,higgs_wcc_11649,science_news,2
higgs,higgs_wcc_11650,science_news,2
higgs,higgs_wcc_11651,science_news,2
higgs,higgs_wcc_11652,science_news,2
higgs,higgs_wcc_11653,science_news,2
higgs,higgs_wcc_11654,science_news,2
higgs,higgs_wcc_11655,science_news,2
higgs,higgs_wcc_11656,science_news,2
higgs,higgs_wcc_11657,science_news,2
higgs,higgs_wcc_11658,science_news,2
higgs,higgs_wcc_11659,science_news,2
higgs,higgs_wcc_11660,science_news,2
higgs,higgs_wcc_11661,science_news,2
higgs,higgs_wcc_11662,science_news,2
higgs,higgs_wcc_11663,science_news,2
higgs,higgs_wcc_11664,science_news,2
higgs,higgs_wcc_11665,science_news,2
higgs,higgs_wcc_11666,science_news,2
higgs,higgs_wcc_11667,science_news,2
higgs,higgs_wcc_11668,science_news,2
higgs,higgs_wcc_11669,science_news,2
higgs,higgs_wcc_11670,science_news,2
higgs,higgs_wcc_11671,science_news,2
higgs,higgs_wcc_11672,science_news,2
higgs,higgs_wcc_11673,science_news,2
higgs,higgs_wcc_11674,science_news,2
higgs,higgs_wcc_11675,science_news,2
higgs,higgs_wcc_11676,science_news,2
higgs,higgs_wcc_11677,science_news,2
higgs,higgs_wcc_11678,science_news,2
higgs,higgs_wcc_11679,science_news,2
higgs,higgs_wcc_11680,science_news,2
higgs,higgs_wcc_11681,science_news,2
higgs,higgs_wcc_11682,science_news,2
higgs,higgs_wcc_11683,science_news,2
higgs,higgs_wcc_11684,science_news,2
higgs,higgs_wcc_11685,science_news,2
higgs,higgs_wcc_11686,science_news,2
higgs,higgs_wcc_11687,science_news,2
higgs,higgs_wcc_11688,science_news,2
higgs,higgs_wcc_11689,science_news,2
higgs,higgs_wcc_11690,science_news,2
higgs,higgs_wcc_11691,science_news,2
higgs,higgs_wcc_11692,science_news,2
higgs,higgs_wcc_11693,science_news,2
higgs,higgs_wcc_11694,science_news,2
higgs,higgs_wcc_11695,science_news,2
higgs,higgs_wcc_11696,science_news,2
higgs,higgs_wcc_11697,science_news,2
higgs,higgs_wcc_11698,science_news,2
higgs,higgs_wcc_11699,science_news,2
higgs,higgs_wcc_11700,science_news,2
higgs,higgs_wcc_11701,science_news,2
higgs,higgs_wcc_11702,science_news,2
higgs,higgs_wcc_11703,science_news,2
higgs,higgs_wcc_11704,science_news,2
higgs,higgs_wcc_11705,science_news,2
higgs,higgs_wcc_11706,science_news,2
higgs,higgs_wcc_11707,science_news,2
higgs,higgs_wcc_11708,science_news,2
higgs,higgs_wcc_11709,science_news,2
higgs,higgs_wcc_11710,science_news,2
higgs,higgs_wcc_11711,science_news,2
higgs,higgs_wcc_11712,science_news,2
higgs,higgs_wcc_11713,science_news,2
higgs,higgs_wcc_11714,science_news,2
higgs,higgs_wcc_11715,science_news,2
higgs,higgs_wcc_11716,science_news,2
higgs,higgs_wcc_11717,science_news,2
higgs,higgs_wcc_11718,science_news,2
higgs,higgs_wcc_11719,science_news,2
higgs,higgs_wcc_11720,science_news,2
higgs,higgs_wcc_11721,science_news,2
higgs,higgs_wcc_11722,science_news,2
higgs,higgs_wcc_11723,science_news,2
higgs,higgs_wcc_11724,science_news,2
higgs,higgs_wcc_11725,science_news,2
higgs,higgs_wcc_11726,science_news,2
higgs,higgs_wcc_11727,science_news,2
higgs,higgs_wcc_11728,science_news,2
higgs,higgs_wcc_11729,science_news,2
higgs,higgs_wcc_11730,science_news,2
higgs,higgs_wcc_11731,science_news,2
higgs,higgs_wcc_11732,science_news,2
higgs,higgs_wcc_11733,science_news,2
higgs,higgs_wcc_11734,science_news,2
higgs,higgs_wcc_11735,science_news,2
higgs,higgs_wcc_11736,science_news,2
higgs,higgs_wcc_11737,science_news,2
higgs,higgs_wcc_11738,science_news,2
higgs,higgs_wcc_11739,science_news,2
higgs,higgs_wcc_11740,science_news,2
higgs,higgs_wcc_11741,science_news,2
higgs,higgs_wcc_11742,science_news,2
higgs,higgs_wcc_11743,science_news,2
higgs,higgs_wcc_11744,science_news,2
higgs,higgs_wcc_11745,science_news,2
higgs,higgs_wcc_11746,science_news,2
higgs,higgs_wcc_11747,science_news,2
higgs,higgs_wcc_11748,science_news,2
higgs,higgs_wcc_11749,science_news,2
higgs,higgs_wcc_11750,science_news,2
higgs,higgs_wcc_11751,science_news,2
higgs,higgs_wcc_11752,science_news,2
higgs,higgs_wcc_11753,science_news,2
higgs,higgs_wcc_11754,science_news,2
higgs,higgs_wcc_11755,science_news,2
higgs,higgs_wcc_11756,science_news,2
higgs,higgs_wcc_11757,science_news,2
higgs,higgs_wcc_11758,science_news,2
higgs,higgs_wcc_11759,science_news,2
higgs,higgs_wcc_11760,science_news,2
higgs,higgs_wcc_11761,science_news,2
higgs,higgs_wcc_11762,science_news,2
higgs,higgs_wcc_11763,science_news,2
higgs,higgs_wcc_11764,science_news,2
higgs,higgs_wcc_11765,science_news,2
higgs,higgs_wcc_11766,science_news,2
higgs,higgs_wcc_11767,science_news,2
higgs,higgs_wcc_11768,science_news,2
higgs,higgs_wcc_11769,science_news,2
higgs,higgs_wcc_11770,science_news,2
higgs,higgs_wcc_11771,science_news,2
higgs,higgs_wcc_11772,science_news,2
higgs,higgs_wcc_11773,science_news,2
higgs,higgs_wcc_11774,science_news,2
higgs,higgs_wcc_11775,science_news,2
higgs,higgs_wcc_11776,science_news,2
higgs,higgs_wcc_11777,science_news,2
higgs,higgs_wcc_11778,science_news,2
higgs,higgs_wcc_11779,science_news,2
higgs,higgs_wcc_11780,science_news,2
higgs,higgs_wcc_11781,science_news,2
higgs,higgs_wcc_11782,science_news,2
higgs,higgs_wcc_11783,science_news,2
higgs,higgs_wcc_11784,science_news,2
higgs,higgs_wcc_11785,science_news,2
higgs,higgs_wcc_11786,science_news,2
higgs,higgs_wcc_11787,science_news,2
higgs,higgs_wcc_11788,science_news,2
higgs,higgs_wcc_11789,science_news,2
higgs,higgs_wcc_11790,science_news,2
higgs,higgs_wcc_11791,science_news,2
higgs,higgs_wcc_11792,science_news,2
higgs,higgs_wcc_11793,science_news,2
higgs,higgs_wcc_11794,science_news,2
higgs,higgs_wcc_11795,science_news,2
higgs,higgs_wcc_11796,science_news,2
higgs,higgs_wcc_11797,science_news,2
higgs,higgs_wcc_11798,science_news,2
higgs,higgs_wcc_11799,science_news,2
higgs,higgs_wcc_11800,science_news,2
higgs,higgs_wcc_11801,science_news,2
higgs,higgs_wcc_11802,science_news,2
higgs,higgs_wcc_11803,science_news,2
higgs,higgs_wcc_11804,science_news,2
higgs,higgs_wcc_11805,science_news,2
higgs,higgs_wcc_11806,science_news,2
higgs,higgs_wcc_11807,science_news,2
higgs,higgs_wcc_11808,science_news,2
higgs,higgs_wcc_11809,science_news,2
higgs,higgs_wcc_11810,science_news,2
higgs,higgs_wcc_11811,science_news,2
higgs,higgs_wcc_11812,science_news,2
higgs,higgs_wcc_11813,science_news,2
higgs,higgs_wcc_11814,science_news,2
higgs,higgs_wcc_11815,science_news,2
higgs,higgs_wcc_11816,science_news,2
higgs,higgs_wcc_11817,science_news,2
higgs,higgs_wcc_11818,science_news,2
higgs,higgs_wcc_11819,science_news,2
higgs,higgs_wcc_11820,science_news,2
higgs,higgs_wcc_11821,science_news,2
higgs,higgs_wcc_11822,science_news,2
higgs,higgs_wcc_11823,science_news,2
higgs,higgs_wcc_11824,science_news,2
higgs,higgs_wcc_11825,science_news,2
higgs,higgs_wcc_11826,science_news,2
higgs,higgs_wcc_11827,science_news,2
higgs,higgs_wcc_11828,science_news,2
higgs,higgs_wcc_11829,science_news,2
higgs,higgs_wcc_11830,science_news,2
higgs,higgs_wcc_11831,science_news,2
higgs,higgs_wcc_11832,science_news,2
higgs,higgs_wcc_11833,science_news,2
higgs,higgs_wcc_11834,science_news,2
higgs,higgs_wcc_11835,science_news,2
higgs,higgs_wcc_11836,science_news,2
higgs,higgs_wcc_11837,science_news,2
higgs,higgs_wcc_11838,science_news,2
higgs,higgs_wcc_11839,science_news,2
higgs,higgs_wcc_11840,science_news,2
higgs,higgs_wcc_11841,science_news,2
higgs,higgs_wcc_11842,science_news,2
higgs,higgs_wcc_11843,science_news,2
higgs,higgs_wcc_11844,science_news,2
higgs,higgs_wcc_11845,science_news,2
higgs,higgs_wcc_11846,science_news,2
higgs,higgs_wcc_11847,science_news,2
higgs,higgs_wcc_11848,science_news,2
higgs,higgs_wcc_11849,science_news,2
higgs,higgs_wcc_11850,science_news,2
higgs,higgs_wcc_11851,science_news,2
higgs,higgs_wcc_11852,science_news,2
higgs,higgs_wcc_11853,science_news,2
higgs,higgs_wcc_11854,science_news,2
higgs,higgs_wcc_11855,science_news,2
higgs,higgs_wcc_11856,science_news,2
higgs,higgs_wcc_11857,science_news,2
higgs,higgs_wcc_11858,science_news,2
higgs,higgs_wcc_11859,science_news,2
higgs,higgs_wcc_11860,science_news,2
higgs,higgs_wcc_11861,science_news,2
higgs,higgs_wcc_11862,science_news,2
higgs,higgs_wcc_11863,science_news,2
higgs,higgs_wcc_11864,science_news,2
higgs,higgs_wcc_11865,science_news,2
higgs,higgs_wcc_11866,science_news,2
higgs,higgs_wcc_11867,science_news,2
higgs,higgs_wcc_11868,science_news,2
higgs,higgs_wcc_11869,science_news,2
higgs,higgs_wcc_11870,science_news,2
higgs,higgs_wcc_11871,science_news,2
higgs,higgs_wcc_11872,science_news,2
higgs,higgs_wcc_11873,science_news,2
higgs,higgs_wcc_11874,science_news,2
higgs,higgs_wcc_11875,science_news,2
higgs,higgs_wcc_11876,science_news,2
higgs,higgs_wcc_11877,science_news,2
higgs,higgs_wcc_11878,science_news,2
higgs,higgs_wcc_11879,science_news,2
higgs,higgs_wcc_11880,science_news,2
higgs,higgs_wcc_11881,science_news,2
higgs,higgs_wcc_11882,science_news,2
higgs,higgs_wcc_11883,science_news,2
higgs,higgs_wcc_11884,science_news,2
higgs,higgs_wcc_11885,science_news,2
higgs,higgs_wcc_11886,science_news,2
higgs,higgs_wcc_11887,science_news,2
higgs,higgs_wcc_11888,science_news,2
higgs,higgs_wcc_11889,science_news,2
higgs,higgs_wcc_11890,science_news,2
higgs,higgs_wcc_11891,science_news,2
higgs,higgs_wcc_11892,science_news,2
higgs,higgs_wcc_11893,science_news,2
higgs,higgs_wcc_11894,science_news,2
higgs,higgs_wcc_11895,science_news,2
higgs,higgs_wcc_11896,science_news,2
higgs,higgs_wcc_11897,science_news,2
higgs,higgs_wcc_11898,science_news,2
higgs,higgs_wcc_11899,science_news,2
higgs,higgs_wcc_11900,science_news,2
higgs,higgs_wcc_11901,science_news,2
higgs,higgs_wcc_11902,science_news,2
higgs,higgs_wcc_11903,science_news,2
higgs,higgs_wcc_11904,science_news,2
higgs,higgs_wcc_11905,science_news,2
higgs,higgs_wcc_11906,science_news,2
higgs,higgs_wcc_11907,science_news,2
higgs,higgs_wcc_11908,science_news,2
higgs,higgs_wcc_11909,science_news,2
higgs,higgs_wcc_11910,science_news,2
higgs,higgs_wcc_11911,science_news,2
higgs,higgs_wcc_11912,science_news,2
higgs,higgs_wcc_11913,science_news,2
higgs,higgs_wcc_11914,science_news,2
higgs,higgs_wcc_11915,science_news,2
higgs,higgs_wcc_11916,science_news,2
higgs,higgs_wcc_11917,science_news,2
higgs,higgs_wcc_11918,science_news,2
higgs,higgs_wcc_11919,science_news,2
higgs,higgs_wcc_11920,science_news,2
higgs,higgs_wcc_11921,science_news,2
higgs,higgs_wcc_11922,science_news,2
higgs,higgs_wcc_11923,science_news,2
higgs,higgs_wcc_11924,science_news,2
higgs,higgs_wcc_11925,science_news,2
higgs,higgs_wcc_11926,science_news,2
higgs,higgs_wcc_11927,science_news,2
higgs,higgs_wcc_11928,science_news,2
higgs,higgs_wcc_11929,science_news,2
higgs,higgs_wcc_11930,science_news,2
higgs,higgs_wcc_11931,science_news,2
higgs,higgs_wcc_11932,science_news,2
higgs,higgs_wcc_11933,science_news,2
higgs,higgs_wcc_11934,science_news,2
higgs,higgs_wcc_11935,science_news,2
higgs,higgs_wcc_11936,science_news,2
higgs,higgs_wcc_11937,science_news,2
higgs,higgs_wcc_11938,science_news,2
higgs,higgs_wcc_11939,science_news,2
higgs,higgs_wcc_11940,science_news,2
higgs,higgs_wcc_11941,science_news,2
higgs,higgs_wcc_11942,science_news,2
higgs,higgs_wcc_11943,science_news,2
higgs,higgs_wcc_11944,science_news,2
higgs,higgs_wcc_11945,science_news,2
higgs,higgs_wcc_11946,science_news,2
higgs,higgs_wcc_11947,science_news,2
higgs,higgs_wcc_11948,science_news,2
higgs,higgs_wcc_11949,science_news,2
higgs,higgs_wcc_11950,science_news,2
higgs,higgs_wcc_11951,science_news,2
higgs,higgs_wcc_11952,science_news,2
higgs,higgs_wcc_11953,science_news,2
higgs,higgs_wcc_11954,science_news,2
higgs,higgs_wcc_11955,science_news,2
higgs,higgs_wcc_11956,science_news,2
higgs,higgs_wcc_11957,science_news,2
higgs,higgs_wcc_11958,science_news,2
higgs,higgs_wcc_11959,science_news,2
higgs,higgs_wcc_11960,science_news,2
higgs,higgs_wcc_11961,science_news,2
higgs,higgs_wcc_11962,science_news,2
higgs,higgs_wcc_11963,science_news,2
higgs,higgs_wcc_11964,science_news,2
higgs,higgs_wcc_11965,science_news,2
higgs,higgs_wcc_11966,science_news,2
higgs,higgs_wcc_11967,science_news,2
higgs,higgs_wcc_11968,science_news,2
higgs,higgs_wcc_11969,science_news,2
higgs,higgs_wcc_11970,science_news,2
higgs,higgs_wcc_11971,science_news,2
higgs,higgs_wcc_11972,science_news,2
higgs,higgs_wcc_11973,science_news,2
higgs,higgs_wcc_11974,science_news,2
higgs,higgs_wcc_11975,science_news,2
higgs,higgs_wcc_11976,science_news,2
higgs,higgs_wcc_11977,science_news,2
higgs,higgs_wcc_11978,science_news,2
higgs,higgs_wcc_11979,science_news,2
higgs,higgs_wcc_11980,science_news,2
higgs,higgs_wcc_11981,science_news,2
higgs,higgs_wcc_11982,science_news,2
higgs,higgs_wcc_11983,science_news,2
higgs,higgs_wcc_11984,science_news,2
higgs,higgs_wcc_11985,science_news,2
higgs,higgs_wcc_11986,science_news,2
higgs,higgs_wcc_11987,science_news,2
higgs,higgs_wcc_11988,science_news,2
higgs,higgs_wcc_11989,science_news,2
higgs,higgs_wcc_11990,science_news,2
higgs,higgs_wcc_11991,science_news,2
higgs,higgs_wcc_11992,science_news,2
higgs,higgs_wcc_11993,science_news,2
higgs,higgs_wcc_11994,science_news,2
higgs,higgs_wcc_11995,science_news,2
higgs,higgs_wcc_11996,science_news,2
higgs,higgs_wcc_11997,science_news,2
higgs,higgs_wcc_11998,science_news,2
higgs,higgs_wcc_11999,science_news,2
higgs,higgs_wcc_12000,science_news,2
higgs,higgs_wcc_12001,science_news,2
higgs,higgs_wcc_12002,science_news,2
higgs,higgs_wcc_12003,science_news,2
higgs,higgs_wcc_12004,science_news,2
higgs,higgs_wcc_12005,science_news,2
higgs,higgs_wcc_12006,science_news,2
higgs,higgs_wcc_12007,science_news,2
higgs,higgs_wcc_12008,science_news,2
higgs,higgs_wcc_12009,science_news,2
higgs,higgs_wcc_12010,science_news,2
higgs,higgs_wcc_12011,science_news,2
higgs,higgs_wcc_12012,science_news,2
higgs,higgs_wcc_12013,science_news,2
higgs,higgs_wcc_12014,science_news,2
higgs,higgs_wcc_12015,science_news,2
higgs,higgs_wcc_12016,science_news,2
higgs,higgs_wcc_12017,science_news,2
higgs,higgs_wcc_12018,science_news,2
higgs,higgs_wcc_12019,science_news,2
higgs,higgs_wcc_12020,science_news,2
higgs,higgs_wcc_12021,science_news,2
higgs,higgs_wcc_12022,science_news,2
higgs,higgs_wcc_12023,science_news,2
higgs,higgs_wcc_12024,science_news,2
higgs,higgs_wcc_12025,science_news,2
higgs,higgs_wcc_12026,science_news,2
higgs,higgs_wcc_12027,science_news,2
higgs,higgs_wcc_12028,science_news,2
higgs,higgs_wcc_12029,science_news,2
higgs,higgs_wcc_12030,science_news,2
higgs,higgs_wcc_12031,science_news,2
higgs,higgs_wcc_12032,science_news,2
higgs,higgs_wcc_12033,science_news,2
higgs,higgs_wcc_12034,science_news,2
higgs,higgs_wcc_12035,science_news,2
higgs,higgs_wcc_12036,science_news,2
higgs,higgs_wcc_12037,science_news,2
higgs,higgs_wcc_12038,science_news,2
higgs,higgs_wcc_12039,science_news,2
higgs,higgs_wcc_12040,science_news,2
higgs,higgs_wcc_12041,science_news,2
higgs,higgs_wcc_12042,science_news,2
higgs,higgs_wcc_12043,science_news,2
higgs,higgs_wcc_12044,science_news,2
higgs,higgs_wcc_12045,science_news,2
higgs,higgs_wcc_12046,science_news,2
higgs,higgs_wcc_12047,science_news,2
higgs,higgs_wcc_12048,science_news,2
higgs,higgs_wcc_12049,science_news,2
higgs,higgs_wcc_12050,science_news,2
higgs,higgs_wcc_12051,science_news,2
higgs,higgs_wcc_12052,science_news,2
higgs,higgs_wcc_12053,science_news,2
higgs,higgs_wcc_12054,science_news,2
higgs,higgs_wcc_12055,science_news,2
higgs,higgs_wcc_12056,science_news,2
higgs,higgs_wcc_12057,science_news,2
higgs,higgs_wcc_12058,science_news,2
higgs,higgs_wcc_12059,science_news,2
higgs,higgs_wcc_12060,science_news,2
higgs,higgs_wcc_12061,science_news,2
higgs,higgs_wcc_12062,science_news,2
higgs,higgs_wcc_12063,science_news,2
higgs,higgs_wcc_12064,science_news,2
higgs,higgs_wcc_12065,science_news,2
higgs,higgs_wcc_12066,science_news,2
higgs,higgs_wcc_12067,science_news,2
higgs,higgs_wcc_12068,science_news,2
higgs,higgs_wcc_12069,science_news,2
higgs,higgs_wcc_12070,science_news,2
higgs,higgs_wcc_12071,science_news,2
higgs,higgs_wcc_12072,science_news,2
higgs,higgs_wcc_12073,science_news,2
higgs,higgs_wcc_12074,science_news,2
higgs,higgs_wcc_12075,science_news,2
higgs,higgs_wcc_12076,science_news,2
higgs,higgs_wcc_12077,science_news,2
higgs,higgs_wcc_12078,science_news,2
higgs,higgs_wcc_12079,science_news,2
higgs,higgs_wcc_12080,science_news,2
higgs,higgs_wcc_12081,science_news,2
higgs,higgs_wcc_12082,science_news,2
higgs,higgs_wcc_12083,science_news,2
higgs,higgs_wcc_12084,science_news,2
higgs,higgs_wcc_12085,science_news,2
higgs,higgs_wcc_12086,science_news,2
higgs,higgs_wcc_12087,science_news,2
higgs,higgs_wcc_12088,science_news,2
higgs,higgs_wcc_12089,science_news,2
higgs,higgs_wcc_12090,science_news,2
higgs,higgs_wcc_12091,science_news,2
higgs,higgs_wcc_12092,science_news,2
higgs,higgs_wcc_12093,science_news,2
higgs,higgs_wcc_12094,science_news,2
higgs,higgs_wcc_12095,science_news,2
higgs,higgs_wcc_12096,science_news,2
higgs,higgs_wcc_12097,science_news,2
higgs,higgs_wcc_12098,science_news,2
higgs,higgs_wcc_12099,science_news,2
higgs,higgs_wcc_12100,science_news,2
higgs,higgs_wcc_12101,science_news,2
higgs,higgs_wcc_12102,science_news,2
higgs,higgs_wcc_12103,science_news,2
higgs,higgs_wcc_12104,science_news,2
higgs,higgs_wcc_12105,science_news,2
higgs,higgs_wcc_12106,science_news,2
higgs,higgs_wcc_12107,science_news,2
higgs,higgs_wcc_12108,science_news,2
higgs,higgs_wcc_12109,science_news,2
higgs,higgs_wcc_12110,science_news,2
higgs,higgs_wcc_12111,science_news,2
higgs,higgs_wcc_12112,science_news,2
higgs,higgs_wcc_12113,science_news,2
higgs,higgs_wcc_12114,science_news,2
higgs,higgs_wcc_12115,science_news,2
higgs,higgs_wcc_12116,science_news,2
higgs,higgs_wcc_12117,science_news,2
higgs,higgs_wcc_12118,science_news,2
higgs,higgs_wcc_12119,science_news,2
higgs,higgs_wcc_12120,science_news,2
higgs,higgs_wcc_12121,science_news,2
higgs,higgs_wcc_12122,science_news,2
higgs,higgs_wcc_12123,science_news,2
higgs,higgs_wcc_12124,science_news,2
higgs,higgs_wcc_12125,science_news,2
higgs,higgs_wcc_12126,science_news,2
higgs,higgs_wcc_12127,science_news,2
higgs,higgs_wcc_12128,science_news,2
higgs,higgs_wcc_12129,science_news,2
higgs,higgs_wcc_12130,science_news,2
higgs,higgs_wcc_12131,science_news,2
higgs,higgs_wcc_12132,science_news,2
higgs,higgs_wcc_12133,science_news,2
higgs,higgs_wcc_12134,science_news,2
higgs,higgs_wcc_12135,science_news,2
higgs,higgs_wcc_12136,science_news,2
higgs,higgs_wcc_12137,science_news,2
higgs,higgs_wcc_12138,science_news,2
higgs,higgs_wcc_12139,science_news,2
higgs,higgs_wcc_12140,science_news,2
higgs,higgs_wcc_12141,science_news,2
higgs,higgs_wcc_12142,science_news,2
higgs,higgs_wcc_12143,science_news,2
higgs,higgs_wcc_12144,science_news,2
higgs,higgs_wcc_12145,science_news,2
higgs,higgs_wcc_12146,science_news,2
higgs,higgs_wcc_12147,science_news,2
higgs,higgs_wcc_12148,science_news,2
higgs,higgs_wcc_12149,science_news,2
higgs,higgs_wcc_12150,science_news,2
higgs,higgs_wcc_12151,science_news,2
higgs,higgs_wcc_12152,science_news,2
higgs,higgs_wcc_12153,science_news,2
higgs,higgs_wcc_12154,science_news,2
higgs,higgs_wcc_12155,science_news,2
higgs,higgs_wcc_12156,science_news,2
higgs,higgs_wcc_12157,science_news,2
higgs,higgs_wcc_12158,science_news,2
higgs,higgs_wcc_12159,science_news,2
higgs,higgs_wcc_12160,science_news,2
higgs,higgs_wcc_12161,science_news,2
higgs,higgs_wcc_12162,science_news,2
higgs,higgs_wcc_12163,science_news,2
higgs,higgs_wcc_12164,science_news,2
higgs,higgs_wcc_12165,science_news,2
higgs,higgs_wcc_12166,science_news,2
higgs,higgs_wcc_12167,science_news,2
higgs,higgs_wcc_12168,science_news,2
higgs,higgs_wcc_12169,science_news,2
higgs,higgs_wcc_12170,science_news,2
higgs,higgs_wcc_12171,science_news,2
higgs,higgs_wcc_12172,science_news,2
higgs,higgs_wcc_12173,science_news,2
higgs,higgs_wcc_12174,science_news,2
higgs,higgs_wcc_12175,science_news,2
higgs,higgs_wcc_12176,science_news,2
higgs,higgs_wcc_12177,science_news,2
higgs,higgs_wcc_12178,science_news,2
higgs,higgs_wcc_12179,science_news,2
higgs,higgs_wcc_12180,science_news,2
higgs,higgs_wcc_12181,science_news,2
higgs,higgs_wcc_12182,science_news,2
higgs,higgs_wcc_12183,science_news,2
higgs,higgs_wcc_12184,science_news,2
higgs,higgs_wcc_12185,science_news,2
higgs,higgs_wcc_12186,science_news,2
higgs,higgs_wcc_12187,science_news,2
higgs,higgs_wcc_12188,science_news,2
higgs,higgs_wcc_12189,science_news,2
higgs,higgs_wcc_12190,science_news,2
higgs,higgs_wcc_12191,science_news,2
higgs,higgs_wcc_12192,science_news,2
higgs,higgs_wcc_12193,science_news,2
higgs,higgs_wcc_12194,science_news,2
higgs,higgs_wcc_12195,science_news,2
higgs,higgs_wcc_12196,science_news,2
higgs,higgs_wcc_12197,science_news,2
higgs,higgs_wcc_12198,science_news,2
higgs,higgs_wcc_12199,science_news,2
higgs,higgs_wcc_12200,science_news,2
higgs,higgs_wcc_12201,science_news,2
higgs,higgs_wcc_12202,science_news,2
higgs,higgs_wcc_12203,science_news,2
higgs,higgs_wcc_12204,science_news,2
higgs,higgs_wcc_12205,science_news,2
higgs,higgs_wcc_12206,science_news,2
higgs,higgs_wcc_12207,science_news,2
higgs,higgs_wcc_12208,science_news,2
higgs,higgs_wcc_12209,science_news,2
higgs,higgs_wcc_12210,science_news,2
higgs,higgs_wcc_12211,science_news,2
higgs,higgs_wcc_12212,science_news,2
higgs,higgs_wcc_12213,science_news,2
higgs,higgs_wcc_12214,science_news,2
higgs,higgs_wcc_12215,science_news,2
higgs,higgs_wcc_12216,science_news,2
higgs,higgs_wcc_12217,science_news,2
higgs,higgs_wcc_12218,science_news,2
higgs,higgs_wcc_12219,science_news,2
higgs,higgs_wcc_12220,science_news,2
higgs,higgs_wcc_12221,science_news,2
higgs,higgs_wcc_12222,science_news,2
higgs,higgs_wcc_12223,science_news,2
higgs,higgs_wcc_12224,science_news,2
higgs,higgs_wcc_12225,science_news,2
higgs,higgs_wcc_12226,science_news,2
higgs,higgs_wcc_12227,science_news,2
higgs,higgs_wcc_12228,science_news,2
higgs,higgs_wcc_12229,science_news,2
higgs,higgs_wcc_12230,science_news,2
higgs,higgs_wcc_12231,science_news,2
higgs,higgs_wcc_12232,science_news,2
higgs,higgs_wcc_12233,science_news,2
higgs,higgs_wcc_12234,science_news,2
higgs,higgs_wcc_12235,science_news,2
higgs,higgs_wcc_12236,science_news,2
higgs,higgs_wcc_12237,science_news,2
higgs,higgs_wcc_12238,science_news,2
higgs,higgs_wcc_12239,science_news,2
higgs,higgs_wcc_12240,science_news,2
higgs,higgs_wcc_12241,science_news,2
higgs,higgs_wcc_12242,science_news,2
higgs,higgs_wcc_12243,science_news,2
higgs,higgs_wcc_12244,science_news,2
higgs,higgs_wcc_12245,science_news,2
higgs,higgs_wcc_12246,science_news,2
higgs,higgs_wcc_12247,science_news,2
higgs,higgs_wcc_12248,science_news,2
higgs,higgs_wcc_12249,science_news,2
higgs,higgs_wcc_12250,science_news,2
higgs,higgs_wcc_12251,science_news,2
higgs,higgs_wcc_12252,science_news,2
higgs,higgs_wcc_12253,science_news,2
higgs,higgs_wcc_12254,science_news,2
higgs,higgs_wcc_12255,science_news,2
higgs,higgs_wcc_12256,science_news,2
higgs,higgs_wcc_12257,science_news,2
higgs,higgs_wcc_12258,science_news,2
higgs,higgs_wcc_12259,science_news,2
higgs,higgs_wcc_12260,science_news,2
higgs,higgs_wcc_12261,science_news,2
higgs,higgs_wcc_12262,science_news,2
higgs,higgs_wcc_12263,science_news,2
higgs,higgs_wcc_12264,science_news,2
higgs,higgs_wcc_12265,science_news,2
higgs,higgs_wcc_12266,science_news,2
higgs,higgs_wcc_12267,science_news,2
higgs,higgs_wcc_12268,science_news,2
higgs,higgs_wcc_12269,science_news,2
higgs,higgs_wcc_12270,science_news,2
higgs,higgs_wcc_12271,science_news,2
higgs,higgs_wcc_12272,science_news,2
higgs,higgs_wcc_12273,science_news,2
higgs,higgs_wcc_12274,science_news,2
higgs,higgs_wcc_12275,science_news,2
higgs,higgs_wcc_12276,science_news,2
higgs,higgs_wcc_12277,science_news,2
higgs,higgs_wcc_12278,science_news,2
higgs,higgs_wcc_12279,science_news,2
higgs,higgs_wcc_12280,science_news,2
higgs,higgs_wcc_12281,science_news,2
higgs,higgs_wcc_12282,science_news,2
higgs,higgs_wcc_12283,science_news,2
higgs,higgs_wcc_12284,science_news,2
higgs,higgs_wcc_12285,science_news,2
higgs,higgs_wcc_12286,science_news,2
higgs,higgs_wcc_12287,science_news,2
higgs,higgs_wcc_12288,science_news,2
higgs,higgs_wcc_12289,science_news,2
higgs,higgs_wcc_12290,science_news,2
higgs,higgs_wcc_12291,science_news,2
higgs,higgs_wcc_12292,science_news,2
higgs,higgs_wcc_12293,science_news,2
higgs,higgs_wcc_12294,science_news,2
higgs,higgs_wcc_12295,science_news,2
higgs,higgs_wcc_12296,science_news,2
higgs,higgs_wcc_12297,science_news,2
higgs,higgs_wcc_12298,science_news,2
higgs,higgs_wcc_12299,science_news,2
higgs,higgs_wcc_12300,science_news,2
higgs,higgs_wcc_12301,science_news,2
higgs,higgs_wcc_12302,science_news,2
higgs,higgs_wcc_12303,science_news,2
higgs,higgs_wcc_12304,science_news,2
higgs,higgs_wcc_12305,science_news,2
higgs,higgs_wcc_12306,science_news,2
higgs,higgs_wcc_12307,science_news,2
higgs,higgs_wcc_12308,science_news,2
higgs,higgs_wcc_12309,science_news,2
higgs,higgs_wcc_12310,science_news,2
higgs,higgs_wcc_12311,science_news,2
higgs,higgs_wcc_12312,science_news,2
higgs,higgs_wcc_12313,science_news,2
higgs,higgs_wcc_12314,science_news,2
higgs,higgs_wcc_12315,science_news,2
higgs,higgs_wcc_12316,science_news,2
higgs,higgs_wcc_12317,science_news,2
higgs,higgs_wcc_12318,science_news,2
higgs,higgs_wcc_12319,science_news,2
higgs,higgs_wcc_12320,science_news,2
higgs,higgs_wcc_12321,science_news,2
higgs,higgs_wcc_12322,science_news,2
higgs,higgs_wcc_12323,science_news,2
higgs,higgs_wcc_12324,science_news,2
higgs,higgs_wcc_12325,science_news,2
higgs,higgs_wcc_12326,science_news,2
higgs,higgs_wcc_12327,science_news,2
higgs,higgs_wcc_12328,science_news,2
higgs,higgs_wcc_12329,science_news,2
higgs,higgs_wcc_12330,science_news,2
higgs,higgs_wcc_12331,science_news,2
higgs,higgs_wcc_12332,science_news,2
higgs,higgs_wcc_12333,science_news,2
higgs,higgs_wcc_12334,science_news,2
higgs,higgs_wcc_12335,science_news,2
higgs,higgs_wcc_12336,science_news,2
higgs,higgs_wcc_12337,science_news,2
higgs,higgs_wcc_12338,science_news,2
higgs,higgs_wcc_12339,science_news,2
higgs,higgs_wcc_12340,science_news,2
higgs,higgs_wcc_12341,science_news,2
higgs,higgs_wcc_12342,science_news,2
higgs,higgs_wcc_12343,science_news,2
higgs,higgs_wcc_12344,science_news,2
higgs,higgs_wcc_12345,science_news,2
higgs,higgs_wcc_12346,science_news,2
higgs,higgs_wcc_12347,science_news,2
higgs,higgs_wcc_12348,science_news,2
higgs,higgs_wcc_12349,science_news,2
higgs,higgs_wcc_12350,science_news,2
higgs,higgs_wcc_12351,science_news,2
higgs,higgs_wcc_12352,science_news,2
higgs,higgs_wcc_12353,science_news,2
higgs,higgs_wcc_12354,science_news,2
higgs,higgs_wcc_12355,science_news,2
higgs,higgs_wcc_12356,science_news,2
higgs,higgs_wcc_12357,science_news,2
higgs,higgs_wcc_12358,science_news,2
higgs,higgs_wcc_12359,science_news,2
higgs,higgs_wcc_12360,science_news,2
higgs,higgs_wcc_12361,science_news,2
higgs,higgs_wcc_12362,science_news,2
higgs,higgs_wcc_12363,science_news,2
higgs,higgs_wcc_12364,science_news,2
higgs,higgs_wcc_12365,science_news,2
higgs,higgs_wcc_12366,science_news,2
higgs,higgs_wcc_12367,science_news,2
higgs,higgs_wcc_12368,science_news,2
higgs,higgs_wcc_12369,science_news,2
higgs,higgs_wcc_12370,science_news,2
higgs,higgs_wcc_12371,science_news,2
higgs,higgs_wcc_12372,science_news,2
higgs,higgs_wcc_12373,science_news,2
higgs,higgs_wcc_12374,science_news,2
higgs,higgs_wcc_12375,science_news,2
higgs,higgs_wcc_12376,science_news,2
higgs,higgs_wcc_12377,science_news,2
higgs,higgs_wcc_12378,science_news,2
higgs,higgs_wcc_12379,science_news,2
higgs,higgs_wcc_12380,science_news,2
higgs,higgs_wcc_12381,science_news,2
higgs,higgs_wcc_12382,science_news,2
higgs,higgs_wcc_12383,science_news,2
higgs,higgs_wcc_12384,science_news,2
higgs,higgs_wcc_12385,science_news,2
higgs,higgs_wcc_12386,science_news,2
higgs,higgs_wcc_12387,science_news,2
higgs,higgs_wcc_12388,science_news,2
higgs,higgs_wcc_12389,science_news,2
higgs,higgs_wcc_12390,science_news,2
higgs,higgs_wcc_12391,science_news,2
higgs,higgs_wcc_12392,science_news,2
higgs,higgs_wcc_12393,science_news,2
higgs,higgs_wcc_12394,science_news,2
higgs,higgs_wcc_12395,science_news,2
higgs,higgs_wcc_12396,science_news,2
higgs,higgs_wcc_12397,science_news,2
higgs,higgs_wcc_12398,science_news,2
higgs,higgs_wcc_12399,science_news,2
higgs,higgs_wcc_12400,science_news,2
higgs,higgs_wcc_12401,science_news,2
higgs,higgs_wcc_12402,science_news,2
higgs,higgs_wcc_12403,science_news,2
higgs,higgs_wcc_12404,science_news,2
higgs,higgs_wcc_12405,science_news,2
higgs,higgs_wcc_12406,science_news,2
higgs,higgs_wcc_12407,science_news,2
higgs,higgs_wcc_12408,science_news,2
higgs,higgs_wcc_12409,science_news,2
higgs,higgs_wcc_12410,science_news,2
higgs,higgs_wcc_12411,science_news,2
higgs,higgs_wcc_12412,science_news,2
higgs,higgs_wcc_12413,science_news,2
higgs,higgs_wcc_12414,science_news,2
higgs,higgs_wcc_12415,science_news,2
higgs,higgs_wcc_12416,science_news,2
higgs,higgs_wcc_12417,science_news,2
higgs,higgs_wcc_12418,science_news,2
higgs,higgs_wcc_12419,science_news,2
higgs,higgs_wcc_12420,science_news,2
higgs,higgs_wcc_12421,science_news,2
higgs,higgs_wcc_12422,science_news,2
higgs,higgs_wcc_12423,science_news,2
higgs,higgs_wcc_12424,science_news,2
higgs,higgs_wcc_12425,science_news,2
higgs,higgs_wcc_12426,science_news,2
higgs,higgs_wcc_12427,science_news,2
higgs,higgs_wcc_12428,science_news,2
higgs,higgs_wcc_12429,science_news,2
higgs,higgs_wcc_12430,science_news,2
higgs,higgs_wcc_12431,science_news,2
higgs,higgs_wcc_12432,science_news,2
higgs,higgs_wcc_12433,science_news,2
higgs,higgs_wcc_12434,science_news,2
higgs,higgs_wcc_12435,science_news,2
higgs,higgs_wcc_12436,science_news,2
higgs,higgs_wcc_12437,science_news,2
higgs,higgs_wcc_12438,science_news,2
higgs,higgs_wcc_12439,science_news,2
higgs,higgs_wcc_12440,science_news,2
higgs,higgs_wcc_12441,science_news,2
higgs,higgs_wcc_12442,science_news,2
higgs,higgs_wcc_12443,science_news,2
higgs,higgs_wcc_12444,science_news,2
higgs,higgs_wcc_12445,science_news,2
higgs,higgs_wcc_12446,science_news,2
higgs,higgs_wcc_12447,science_news,2
higgs,higgs_wcc_12448,science_news,2
higgs,higgs_wcc_12449,science_news,2
higgs,higgs_wcc_12450,science_news,2
higgs,higgs_wcc_12451,science_news,2
higgs,higgs_wcc_12452,science_news,2
higgs,higgs_wcc_12453,science_news,2
higgs,higgs_wcc_12454,science_news,2
higgs,higgs_wcc_12455,science_news,2
higgs,higgs_wcc_12456,science_news,2
higgs,higgs_wcc_12457,science_news,2
higgs,higgs_wcc_12458,science_news,2
higgs,higgs_wcc_12459,science_news,2
higgs,higgs_wcc_12460,science_news,2
higgs,higgs_wcc_12461,science_news,2
higgs,higgs_wcc_12462,science_news,2
higgs,higgs_wcc_12463,science_news,2
higgs,higgs_wcc_12464,science_news,2
higgs,higgs_wcc_12465,science_news,2
higgs,higgs_wcc_12466,science_news,2
higgs,higgs_wcc_12467,science_news,2
higgs,higgs_wcc_12468,science_news,2
higgs,higgs_wcc_12469,science_news,2
higgs,higgs_wcc_12470,science_news,2
higgs,higgs_wcc_12471,science_news,2
higgs,higgs_wcc_12472,science_news,2
higgs,higgs_wcc_12473,science_news,2
higgs,higgs_wcc_12474,science_news,2
higgs,higgs_wcc_12475,science_news,2
higgs,higgs_wcc_12476,science_news,2
higgs,higgs_wcc_12477,science_news,2
higgs,higgs_wcc_12478,science_news,2
higgs,higgs_wcc_12479,science_news,2
higgs,higgs_wcc_12480,science_news,2
higgs,higgs_wcc_12481,science_news,2
higgs,higgs_wcc_12482,science_news,2
higgs,higgs_wcc_12483,science_news,2
higgs,higgs_wcc_12484,science_news,2
higgs,higgs_wcc_12485,science_news,2
higgs,higgs_wcc_12486,science_news,2
higgs,higgs_wcc_12487,science_news,2
higgs,higgs_wcc_12488,science_news,2
higgs,higgs_wcc_12489,science_news,2
higgs,higgs_wcc_12490,science_news,2
higgs,higgs_wcc_12491,science_news,2
higgs,higgs_wcc_12492,science_news,2
higgs,higgs_wcc_12493,science_news,2
higgs,higgs_wcc_12494,science_news,2
higgs,higgs_wcc_12495,science_news,2
higgs,higgs_wcc_12496,science_news,2
higgs,higgs_wcc_12497,science_news,2
higgs,higgs_wcc_12498,science_news,2
higgs,higgs_wcc_12499,science_news,2
higgs,higgs_wcc_12500,science_news,2
higgs,higgs_wcc_12501,science_news,2
higgs,higgs_wcc_12502,science_news,2
higgs,higgs_wcc_12503,science_news,2
higgs,higgs_wcc_12504,science_news,2
higgs,higgs_wcc_12505,science_news,2
higgs,higgs_wcc_12506,science_news,2
higgs,higgs_wcc_12507,science_news,2
higgs,higgs_wcc_12508,science_news,2
higgs,higgs_wcc_12509,science_news,2
higgs,higgs_wcc_12510,science_news,2
higgs,higgs_wcc_12511,science_news,2
higgs,higgs_wcc_12512,science_news,2
higgs,higgs_wcc_12513,science_news,2
higgs,higgs_wcc_12514,science_news,2
higgs,higgs_wcc_12515,science_news,2
higgs,higgs_wcc_12516,science_news,2
higgs,higgs_wcc_12517,science_news,2
higgs,higgs_wcc_12518,science_news,2
higgs,higgs_wcc_12519,science_news,2
higgs,higgs_wcc_12520,science_news,2
higgs,higgs_wcc_12521,science_news,2
higgs,higgs_wcc_12522,science_news,2
higgs,higgs_wcc_12523,science_news,2
higgs,higgs_wcc_12524,science_news,2
higgs,higgs_wcc_12525,science_news,2
higgs,higgs_wcc_12526,science_news,2
higgs,higgs_wcc_12527,science_news,2
higgs,higgs_wcc_12528,science_news,2
higgs,higgs_wcc_12529,science_news,2
higgs,higgs_wcc_12530,science_news,2
higgs,higgs_wcc_12531,science_news,2
higgs,higgs_wcc_12532,science_news,2
higgs,higgs_wcc_12533,science_news,2
higgs,higgs_wcc_12534,science_news,2
higgs,higgs_wcc_12535,science_news,2
higgs,higgs_wcc_12536,science_news,2
higgs,higgs_wcc_12537,science_news,2
higgs,higgs_wcc_12538,science_news,2
higgs,higgs_wcc_12539,science_news,2
higgs,higgs_wcc_12540,science_news,2
higgs,higgs_wcc_12541,science_news,2
higgs,higgs_wcc_12542,science_news,2
higgs,higgs_wcc_12543,science_news,2
higgs,higgs_wcc_12544,science_news,2
higgs,higgs_wcc_12545,science_news,2
higgs,higgs_wcc_12546,science_news,2
higgs,higgs_wcc_12547,science_news,2
higgs,higgs_wcc_12548,science_news,2
higgs,higgs_wcc_12549,science_news,2
higgs,higgs_wcc_12550,science_news,2
higgs,higgs_wcc_12551,science_news,2
higgs,higgs_wcc_12552,science_news,2
higgs,higgs_wcc_12553,science_news,2
higgs,higgs_wcc_12554,science_news,2
higgs,higgs_wcc_12555,science_news,2
higgs,higgs_wcc_12556,science_news,2
higgs,higgs_wcc_12557,science_news,2
higgs,higgs_wcc_12558,science_news,2
higgs,higgs_wcc_12559,science_news,2
higgs,higgs_wcc_12560,science_news,2
higgs,higgs_wcc_12561,science_news,2
higgs,higgs_wcc_12562,science_news,2
higgs,higgs_wcc_12563,science_news,2
higgs,higgs_wcc_12564,science_news,2
higgs,higgs_wcc_12565,science_news,2
higgs,higgs_wcc_12566,science_news,2
higgs,higgs_wcc_12567,science_news,2
higgs,higgs_wcc_12568,science_news,2
higgs,higgs_wcc_12569,science_news,2
higgs,higgs_wcc_12570,science_news,2
higgs,higgs_wcc_12571,science_news,2
higgs,higgs_wcc_12572,science_news,2
higgs,higgs_wcc_12573,science_news,2
higgs,higgs_wcc_12574,science_news,2
higgs,higgs_wcc_12575,science_news,2
higgs,higgs_wcc_12576,science_news,2
higgs,higgs_wcc_12577,science_news,2
higgs,higgs_wcc_12578,science_news,2
higgs,higgs_wcc_12579,science_news,2
higgs,higgs_wcc_12580,science_news,2
higgs,higgs_wcc_12581,science_news,2
higgs,higgs_wcc_12582,science_news,2
higgs,higgs_wcc_12583,science_news,2
higgs,higgs_wcc_12584,science_news,2
higgs,higgs_wcc_12585,science_news,2
higgs,higgs_wcc_12586,science_news,2
higgs,higgs_wcc_12587,science_news,2
higgs,higgs_wcc_12588,science_news,2
higgs,higgs_wcc_12589,science_news,2
higgs,higgs_wcc_12590,science_news,2
higgs,higgs_wcc_12591,science_news,2
higgs,higgs_wcc_12592,science_news,2
higgs,higgs_wcc_12593,science_news,2
higgs,higgs_wcc_12594,science_news,2
higgs,higgs_wcc_12595,science_news,2
higgs,higgs_wcc_12596,science_news,2
higgs,higgs_wcc_12597,science_news,2
higgs,higgs_wcc_12598,science_news,2
higgs,higgs_wcc_12599,science_news,2
higgs,higgs_wcc_12600,science_news,2
higgs,higgs_wcc_12601,science_news,2
higgs,higgs_wcc_12602,science_news,2
higgs,higgs_wcc_12603,science_news,2
higgs,higgs_wcc_12604,science_news,2
higgs,higgs_wcc_12605,science_news,2
higgs,higgs_wcc_12606,science_news,2
higgs,higgs_wcc_12607,science_news,2
higgs,higgs_wcc_12608,science_news,2
higgs,higgs_wcc_12609,science_news,2
higgs,higgs_wcc_12610,science_news,2
higgs,higgs_wcc_12611,science_news,2
higgs,higgs_wcc_12612,science_news,2
higgs,higgs_wcc_12613,science_news,2
higgs,higgs_wcc_12614,science_news,2
higgs,higgs_wcc_12615,science_news,2
higgs,higgs_wcc_12616,science_news,2
higgs,higgs_wcc_12617,science_news,2
higgs,higgs_wcc_12618,science_news,2
higgs,higgs_wcc_12619,science_news,2
higgs,higgs_wcc_12620,science_news,2
higgs,higgs_wcc_12621,science_news,2
higgs,higgs_wcc_12622,science_news,2
higgs,higgs_wcc_12623,science_news,2
higgs,higgs_wcc_12624,science_news,2
higgs,higgs_wcc_12625,science_news,2
higgs,higgs_wcc_12626,science_news,2
higgs,higgs_wcc_12627,science_news,2
higgs,higgs_wcc_12628,science_news,2
higgs,higgs_wcc_12629,science_news,2
higgs,higgs_wcc_12630,science_news,2
higgs,higgs_wcc_12631,science_news,2
higgs,higgs_wcc_12632,science_news,2
higgs,higgs_wcc_12633,science_news,2
higgs,higgs_wcc_12634,science_news,2
higgs,higgs_wcc_12635,science_news,2
higgs,higgs_wcc_12636,science_news,2
higgs,higgs_wcc_12637,science_news,2
higgs,higgs_wcc_12638,science_news,2
higgs,higgs_wcc_12639,science_news,2
higgs,higgs_wcc_12640,science_news,2
higgs,higgs_wcc_12641,science_news,2
higgs,higgs_wcc_12642,science_news,2
higgs,higgs_wcc_12643,science_news,2
higgs,higgs_wcc_12644,science_news,2
higgs,higgs_wcc_12645,science_news,2
higgs,higgs_wcc_12646,science_news,2
higgs,higgs_wcc_12647,science_news,2
higgs,higgs_wcc_12648,science_news,2
higgs,higgs_wcc_12649,science_news,2
higgs,higgs_wcc_12650,science_news,2
higgs,higgs_wcc_12651,science_news,2
higgs,higgs_wcc_12652,science_news,2
higgs,higgs_wcc_12653,science_news,2
higgs,higgs_wcc_12654,science_news,2
higgs,higgs_wcc_12655,science_news,2
higgs,higgs_wcc_12656,science_news,2
higgs,higgs_wcc_12657,science_news,2
higgs,higgs_wcc_12658,science_news,2
higgs,higgs_wcc_12659,science_news,2
higgs,higgs_wcc_12660,science_news,2
higgs,higgs_wcc_12661,science_news,2
higgs,higgs_wcc_12662,science_news,2
higgs,higgs_wcc_12663,science_news,2
higgs,higgs_wcc_12664,science_news,2
higgs,higgs_wcc_12665,science_news,2
higgs,higgs_wcc_12666,science_news,2
higgs,higgs_wcc_12667,science_news,2
higgs,higgs_wcc_12668,science_news,2
higgs,higgs_wcc_12669,science_news,2
higgs,higgs_wcc_12670,science_news,2
higgs,higgs_wcc_12671,science_news,2
higgs,higgs_wcc_12672,science_news,2
higgs,higgs_wcc_12673,science_news,2
higgs,higgs_wcc_12674,science_news,2
higgs,higgs_wcc_12675,science_news,2
higgs,higgs_wcc_12676,science_news,2
higgs,higgs_wcc_12677,science_news,2
higgs,higgs_wcc_12678,science_news,2
higgs,higgs_wcc_12679,science_news,2
higgs,higgs_wcc_12680,science_news,2
higgs,higgs_wcc_12681,science_news,2
higgs,higgs_wcc_12682,science_news,2
higgs,higgs_wcc_12683,science_news,2
higgs,higgs_wcc_12684,science_news,2
higgs,higgs_wcc_12685,science_news,2
higgs,higgs_wcc_12686,science_news,2
higgs,higgs_wcc_12687,science_news,2
higgs,higgs_wcc_12688,science_news,2
higgs,higgs_wcc_12689,science_news,2
higgs,higgs_wcc_12690,science_news,2
higgs,higgs_wcc_12691,science_news,2
higgs,higgs_wcc_12692,science_news,2
higgs,higgs_wcc_12693,science_news,2
higgs,higgs_wcc_12694,science_news,2
higgs,higgs_wcc_12695,science_news,2
higgs,higgs_wcc_12696,science_news,2
higgs,higgs_wcc_12697,science_news,2
higgs,higgs_wcc_12698,science_news,2
higgs,higgs_wcc_12699,science_news,2
higgs,higgs_wcc_12700,science_news,2
higgs,higgs_wcc_12701,science_news,2
higgs,higgs_wcc_12702,science_news,2
higgs,higgs_wcc_12703,science_news,2
higgs,higgs_wcc_12704,science_news,2
higgs,higgs_wcc_12705,science_news,2
higgs,higgs_wcc_12706,science_news,2
higgs,higgs_wcc_12707,science_news,2
higgs,higgs_wcc_12708,science_news,2
higgs,higgs_wcc_12709,science_news,2
higgs,higgs_wcc_12710,science_news,2
higgs,higgs_wcc_12711,science_news,2
higgs,higgs_wcc_12712,science_news,2
higgs,higgs_wcc_12713,science_news,2
higgs,higgs_wcc_12714,science_news,2
higgs,higgs_wcc_12715,science_news,2
higgs,higgs_wcc_12716,science_news,2
higgs,higgs_wcc_12717,science_news,2
higgs,higgs_wcc_12718,science_news,2
higgs,higgs_wcc_12719,science_news,2
higgs,higgs_wcc_12720,science_news,2
higgs,higgs_wcc_12721,science_news,2
higgs,higgs_wcc_12722,science_news,2
higgs,higgs_wcc_12723,science_news,2
higgs,higgs_wcc_12724,science_news,2
higgs,higgs_wcc_12725,science_news,2
higgs,higgs_wcc_12726,science_news,2
higgs,higgs_wcc_12727,science_news,2
higgs,higgs_wcc_12728,science_news,2
higgs,higgs_wcc_12729,science_news,2
higgs,higgs_wcc_12730,science_news,2
higgs,higgs_wcc_12731,science_news,2
higgs,higgs_wcc_12732,science_news,2
higgs,higgs_wcc_12733,science_news,2
higgs,higgs_wcc_12734,science_news,2
higgs,higgs_wcc_12735,science_news,2
higgs,higgs_wcc_12736,science_news,2
higgs,higgs_wcc_12737,science_news,2
higgs,higgs_wcc_12738,science_news,2
higgs,higgs_wcc_12739,science_news,2
higgs,higgs_wcc_12740,science_news,2
higgs,higgs_wcc_12741,science_news,2
higgs,higgs_wcc_12742,science_news,2
higgs,higgs_wcc_12743,science_news,2
higgs,higgs_wcc_12744,science_news,2
higgs,higgs_wcc_12745,science_news,2
higgs,higgs_wcc_12746,science_news,2
higgs,higgs_wcc_12747,science_news,2
higgs,higgs_wcc_12748,science_news,2
higgs,higgs_wcc_12749,science_news,2
higgs,higgs_wcc_12750,science_news,2
higgs,higgs_wcc_12751,science_news,2
higgs,higgs_wcc_12752,science_news,2
higgs,higgs_wcc_12753,science_news,2
higgs,higgs_wcc_12754,science_news,2
higgs,higgs_wcc_12755,science_news,2
higgs,higgs_wcc_12756,science_news,2
higgs,higgs_wcc_12757,science_news,2
higgs,higgs_wcc_12758,science_news,2
higgs,higgs_wcc_12759,science_news,2
higgs,higgs_wcc_12760,science_news,2
higgs,higgs_wcc_12761,science_news,2
higgs,higgs_wcc_12762,science_news,2
higgs,higgs_wcc_12763,science_news,2
higgs,higgs_wcc_12764,science_news,2
higgs,higgs_wcc_12765,science_news,2
higgs,higgs_wcc_12766,science_news,2
higgs,higgs_wcc_12767,science_news,2
higgs,higgs_wcc_12768,science_news,2
higgs,higgs_wcc_12769,science_news,2
higgs,higgs_wcc_12770,science_news,2
higgs,higgs_wcc_12771,science_news,2
higgs,higgs_wcc_12772,science_news,2
higgs,higgs_wcc_12773,science_news,2
higgs,higgs_wcc_12774,science_news,2
higgs,higgs_wcc_12775,science_news,2
higgs,higgs_wcc_12776,science_news,2
higgs,higgs_wcc_12777,science_news,2
higgs,higgs_wcc_12778,science_news,2
higgs,higgs_wcc_12779,science_news,2
higgs,higgs_wcc_12780,science_news,2
higgs,higgs_wcc_12781,science_news,2
higgs,higgs_wcc_12782,science_news,2
higgs,higgs_wcc_12783,science_news,2
higgs,higgs_wcc_12784,science_news,2
higgs,higgs_wcc_12785,science_news,2
higgs,higgs_wcc_12786,science_news,2
higgs,higgs_wcc_12787,science_news,2
higgs,higgs_wcc_12788,science_news,2
higgs,higgs_wcc_12789,science_news,2
higgs,higgs_wcc_12790,science_news,2
higgs,higgs_wcc_12791,science_news,2
higgs,higgs_wcc_12792,science_news,2
higgs,higgs_wcc_12793,science_news,2
higgs,higgs_wcc_12794,science_news,2
higgs,higgs_wcc_12795,science_news,2
higgs,higgs_wcc_12796,science_news,2
higgs,higgs_wcc_12797,science_news,2
higgs,higgs_wcc_12798,science_news,2
higgs,higgs_wcc_12799,science_news,2
higgs,higgs_wcc_12800,science_news,2
higgs,higgs_wcc_12801,science_news,2
higgs,higgs_wcc_12802,science_news,2
higgs,higgs_wcc_12803,science_news,2
higgs,higgs_wcc_12804,science_news,2
higgs,higgs_wcc_12805,science_news,2
higgs,higgs_wcc_12806,science_news,2
higgs,higgs_wcc_12807,science_news,2
higgs,higgs_wcc_12808,science_news,2
higgs,higgs_wcc_12809,science_news,2
higgs,higgs_wcc_12810,science_news,2
higgs,higgs_wcc_12811,science_news,2
higgs,higgs_wcc_12812,science_news,2
higgs,higgs_wcc_12813,science_news,2
higgs,higgs_wcc_12814,science_news,2
higgs,higgs_wcc_12815,science_news,2
higgs,higgs_wcc_12816,science_news,2
higgs,higgs_wcc_12817,science_news,2
higgs,higgs_wcc_12818,science_news,2
higgs,higgs_wcc_12819,science_news,2
higgs,higgs_wcc_12820,science_news,2
higgs,higgs_wcc_12821,science_news,2
higgs,higgs_wcc_12822,science_news,2
higgs,higgs_wcc_12823,science_news,2
higgs,higgs_wcc_12824,science_news,2
higgs,higgs_wcc_12825,science_news,2
higgs,higgs_wcc_12826,science_news,2
higgs,higgs_wcc_12827,science_news,2
higgs,higgs_wcc_12828,science_news,2
higgs,higgs_wcc_12829,science_news,2
higgs,higgs_wcc_12830,science_news,2
higgs,higgs_wcc_12831,science_news,2
higgs,higgs_wcc_12832,science_news,2
higgs,higgs_wcc_12833,science_news,2
higgs,higgs_wcc_12834,science_news,2
higgs,higgs_wcc_12835,science_news,2
higgs,higgs_wcc_12836,science_news,2
higgs,higgs_wcc_12837,science_news,2
higgs,higgs_wcc_12838,science_news,2
higgs,higgs_wcc_12839,science_news,2
higgs,higgs_wcc_12840,science_news,2
higgs,higgs_wcc_12841,science_news,2
higgs,higgs_wcc_12842,science_news,2
higgs,higgs_wcc_12843,science_news,2
higgs,higgs_wcc_12844,science_news,2
higgs,higgs_wcc_12845,science_news,2
higgs,higgs_wcc_12846,science_news,2
higgs,higgs_wcc_12847,science_news,2
higgs,higgs_wcc_12848,science_news,2
higgs,higgs_wcc_12849,science_news,2
higgs,higgs_wcc_12850,science_news,2
higgs,higgs_wcc_12851,science_news,2
higgs,higgs_wcc_12852,science_news,2
higgs,higgs_wcc_12853,science_news,2
higgs,higgs_wcc_12854,science_news,2
higgs,higgs_wcc_12855,science_news,2
higgs,higgs_wcc_12856,science_news,2
higgs,higgs_wcc_12857,science_news,2
higgs,higgs_wcc_12858,science_news,2
higgs,higgs_wcc_12859,science_news,2
higgs,higgs_wcc_12860,science_news,2
higgs,higgs_wcc_12861,science_news,2
higgs,higgs_wcc_12862,science_news,2
higgs,higgs_wcc_12863,science_news,2
higgs,higgs_wcc_12864,science_news,2
higgs,higgs_wcc_12865,science_news,2
higgs,higgs_wcc_12866,science_news,2
higgs,higgs_wcc_12867,science_news,2
higgs,higgs_wcc_12868,science_news,2
higgs,higgs_wcc_12869,science_news,2
higgs,higgs_wcc_12870,science_news,2
higgs,higgs_wcc_12871,science_news,2
higgs,higgs_wcc_12872,science_news,2
higgs,higgs_wcc_12873,science_news,2
higgs,higgs_wcc_12874,science_news,2
higgs,higgs_wcc_12875,science_news,2
higgs,higgs_wcc_12876,science_news,2
higgs,higgs_wcc_12877,science_news,2
higgs,higgs_wcc_12878,science_news,2
higgs,higgs_wcc_12879,science_news,2
higgs,higgs_wcc_12880,science_news,2
higgs,higgs_wcc_12881,science_news,2
higgs,higgs_wcc_12882,science_news,2
higgs,higgs_wcc_12883,science_news,2
higgs,higgs_wcc_12884,science_news,2
higgs,higgs_wcc_12885,science_news,2
higgs,higgs_wcc_12886,science_news,2
higgs,higgs_wcc_12887,science_news,2
higgs,higgs_wcc_12888,science_news,2
higgs,higgs_wcc_12889,science_news,2
higgs,higgs_wcc_12890,science_news,2
higgs,higgs_wcc_12891,science_news,2
higgs,higgs_wcc_12892,science_news,2
higgs,higgs_wcc_12893,science_news,2
higgs,higgs_wcc_12894,science_news,2
higgs,higgs_wcc_12895,science_news,2
higgs,higgs_wcc_12896,science_news,2
higgs,higgs_wcc_12897,science_news,2
higgs,higgs_wcc_12898,science_news,2
higgs,higgs_wcc_12899,science_news,2
higgs,higgs_wcc_12900,science_news,2
higgs,higgs_wcc_12901,science_news,2
higgs,higgs_wcc_12902,science_news,2
higgs,higgs_wcc_12903,science_news,2
higgs,higgs_wcc_12904,science_news,2
higgs,higgs_wcc_12905,science_news,2
higgs,higgs_wcc_12906,science_news,2
higgs,higgs_wcc_12907,science_news,2
higgs,higgs_wcc_12908,science_news,2
higgs,higgs_wcc_12909,science_news,2
higgs,higgs_wcc_12910,science_news,2
higgs,higgs_wcc_12911,science_news,2
higgs,higgs_wcc_12912,science_news,2
higgs,higgs_wcc_12913,science_news,2
higgs,higgs_wcc_12914,science_news,2
higgs,higgs_wcc_12915,science_news,2
higgs,higgs_wcc_12916,science_news,2
higgs,higgs_wcc_12917,science_news,2
higgs,higgs_wcc_12918,science_news,2
higgs,higgs_wcc_12919,science_news,2
higgs,higgs_wcc_12920,science_news,2
higgs,higgs_wcc_12921,science_news,2
higgs,higgs_wcc_12922,science_news,2
higgs,higgs_wcc_12923,science_news,2
higgs,higgs_wcc_12924,science_news,2
higgs,higgs_wcc_12925,science_news,2
higgs,higgs_wcc_12926,science_news,2
higgs,higgs_wcc_12927,science_news,2
higgs,higgs_wcc_12928,science_news,2
higgs,higgs_wcc_12929,science_news,2
higgs,higgs_wcc_12930,science_news,2
higgs,higgs_wcc_12931,science_news,2
higgs,higgs_wcc_12932,science_news,2
higgs,higgs_wcc_12933,science_news,2
higgs,higgs_wcc_12934,science_news,2
higgs,higgs_wcc_12935,science_news,2
higgs,higgs_wcc_12936,science_news,2
higgs,higgs_wcc_12937,science_news,2
higgs,higgs_wcc_12938,science_news,2
higgs,higgs_wcc_12939,science_news,2
higgs,higgs_wcc_12940,science_news,2
higgs,higgs_wcc_12941,science_news,2
higgs,higgs_wcc_12942,science_news,2
higgs,higgs_wcc_12943,science_news,2
higgs,higgs_wcc_12944,science_news,2
higgs,higgs_wcc_12945,science_news,2
higgs,higgs_wcc_12946,science_news,2
higgs,higgs_wcc_12947,science_news,2
higgs,higgs_wcc_12948,science_news,2
higgs,higgs_wcc_12949,science_news,2
higgs,higgs_wcc_12950,science_news,2
higgs,higgs_wcc_12951,science_news,2
higgs,higgs_wcc_12952,science_news,2
higgs,higgs_wcc_12953,science_news,2
higgs,higgs_wcc_12954,science_news,2
higgs,higgs_wcc_12955,science_news,2
higgs,higgs_wcc_12956,science_news,2
higgs,higgs_wcc_12957,science_news,2
higgs,higgs_wcc_12958,science_news,2
higgs,higgs_wcc_12959,science_news,2
higgs,higgs_wcc_12960,science_news,2
higgs,higgs_wcc_12961,science_news,2
higgs,higgs_wcc_12962,science_news,2
higgs,higgs_wcc_12963,science_news,2
higgs,higgs_wcc_12964,science_news,2
higgs,higgs_wcc_12965,science_news,2
higgs,higgs_wcc_12966,science_news,2
higgs,higgs_wcc_12967,science_news,2
higgs,higgs_wcc_12968,science_news,2
higgs,higgs_wcc_12969,science_news,2
higgs,higgs_wcc_12970,science_news,2
higgs,higgs_wcc_12971,science_news,2
higgs,higgs_wcc_12972,science_news,2
higgs,higgs_wcc_12973,science_news,2
higgs,higgs_wcc_12974,science_news,2
higgs,higgs_wcc_12975,science_news,2
higgs,higgs_wcc_12976,science_news,2
higgs,higgs_wcc_12977,science_news,2
higgs,higgs_wcc_12978,science_news,2
higgs,higgs_wcc_12979,science_news,2
higgs,higgs_wcc_12980,science_news,2
higgs,higgs_wcc_12981,science_news,2
higgs,higgs_wcc_12982,science_news,2
higgs,higgs_wcc_12983,science_news,2
higgs,higgs_wcc_12984,science_news,2
higgs,higgs_wcc_12985,science_news,2
higgs,higgs_wcc_12986,science_news,2
higgs,higgs_wcc_12987,science_news,2
higgs,higgs_wcc_12988,science_news,2
higgs,higgs_wcc_12989,science_news,2
higgs,higgs_wcc_12990,science_news,2
higgs,higgs_wcc_12991,science_news,2
higgs,higgs_wcc_12992,science_news,2
higgs,higgs_wcc_12993,science_news,2
higgs,higgs_wcc_12994,science_news,2
higgs,higgs_wcc_12995,science_news,2
higgs,higgs_wcc_12996,science_news,2
higgs,higgs_wcc_12997,science_news,2
higgs,higgs_wcc_12998,science_news,2
higgs,higgs_wcc_12999,science_news,2
higgs,higgs_wcc_13000,science_news,2
higgs,higgs_wcc_13001,science_news,2
higgs,higgs_wcc_13002,science_news,2
higgs,higgs_wcc_13003,science_news,2
higgs,higgs_wcc_13004,science_news,2
higgs,higgs_wcc_13005,science_news,2
higgs,higgs_wcc_13006,science_news,2
higgs,higgs_wcc_13007,science_news,2
higgs,higgs_wcc_13008,science_news,2
higgs,higgs_wcc_13009,science_news,2
higgs,higgs_wcc_13010,science_news,2
higgs,higgs_wcc_13011,science_news,2
higgs,higgs_wcc_13012,science_news,2
higgs,higgs_wcc_13013,science_news,2
higgs,higgs_wcc_13014,science_news,2
higgs,higgs_wcc_13015,science_news,2
higgs,higgs_wcc_13016,science_news,2
higgs,higgs_wcc_13017,science_news,2
higgs,higgs_wcc_13018,science_news,2
higgs,higgs_wcc_13019,science_news,2
higgs,higgs_wcc_13020,science_news,2
higgs,higgs_wcc_13021,science_news,2
higgs,higgs_wcc_13022,science_news,2
higgs,higgs_wcc_13023,science_news,2
higgs,higgs_wcc_13024,science_news,2
higgs,higgs_wcc_13025,science_news,2
higgs,higgs_wcc_13026,science_news,2
higgs,higgs_wcc_13027,science_news,2
higgs,higgs_wcc_13028,science_news,2
higgs,higgs_wcc_13029,science_news,2
higgs,higgs_wcc_13030,science_news,2
higgs,higgs_wcc_13031,science_news,2
higgs,higgs_wcc_13032,science_news,2
higgs,higgs_wcc_13033,science_news,2
higgs,higgs_wcc_13034,science_news,2
higgs,higgs_wcc_13035,science_news,2
higgs,higgs_wcc_13036,science_news,2
higgs,higgs_wcc_13037,science_news,2
higgs,higgs_wcc_13038,science_news,2
higgs,higgs_wcc_13039,science_news,2
higgs,higgs_wcc_13040,science_news,2
higgs,higgs_wcc_13041,science_news,2
higgs,higgs_wcc_13042,science_news,2
higgs,higgs_wcc_13043,science_news,2
higgs,higgs_wcc_13044,science_news,2
higgs,higgs_wcc_13045,science_news,2
higgs,higgs_wcc_13046,science_news,2
higgs,higgs_wcc_13047,science_news,2
higgs,higgs_wcc_13048,science_news,2
higgs,higgs_wcc_13049,science_news,2
higgs,higgs_wcc_13050,science_news,2
higgs,higgs_wcc_13051,science_news,2
higgs,higgs_wcc_13052,science_news,2
higgs,higgs_wcc_13053,science_news,2
higgs,higgs_wcc_13054,science_news,2
higgs,higgs_wcc_13055,science_news,2
higgs,higgs_wcc_13056,science_news,2
higgs,higgs_wcc_13057,science_news,2
higgs,higgs_wcc_13058,science_news,2
higgs,higgs_wcc_13059,science_news,2
higgs,higgs_wcc_13060,science_news,2
higgs,higgs_wcc_13061,science_news,2
higgs,higgs_wcc_13062,science_news,2
higgs,higgs_wcc_13063,science_news,2
higgs,higgs_wcc_13064,science_news,2
higgs,higgs_wcc_13065,science_news,2
higgs,higgs_wcc_13066,science_news,2
higgs,higgs_wcc_13067,science_news,2
higgs,higgs_wcc_13068,science_news,2
higgs,higgs_wcc_13069,science_news,2
higgs,higgs_wcc_13070,science_news,2
higgs,higgs_wcc_13071,science_news,2
higgs,higgs_wcc_13072,science_news,2
higgs,higgs_wcc_13073,science_news,2
higgs,higgs_wcc_13074,science_news,2
higgs,higgs_wcc_13075,science_news,2
higgs,higgs_wcc_13076,science_news,2
higgs,higgs_wcc_13077,science_news,2
higgs,higgs_wcc_13078,science_news,2
higgs,higgs_wcc_13079,science_news,2
higgs,higgs_wcc_13080,science_news,2
higgs,higgs_wcc_13081,science_news,2
higgs,higgs_wcc_13082,science_news,2
higgs,higgs_wcc_13083,science_news,2
higgs,higgs_wcc_13084,science_news,2
higgs,higgs_wcc_13085,science_news,2
higgs,higgs_wcc_13086,science_news,2
higgs,higgs_wcc_13087,science_news,2
higgs,higgs_wcc_13088,science_news,2
higgs,higgs_wcc_13089,science_news,2
higgs,higgs_wcc_13090,science_news,2
higgs,higgs_wcc_13091,science_news,2
higgs,higgs_wcc_13092,science_news,2
higgs,higgs_wcc_13093,science_news,2
higgs,higgs_wcc_13094,science_news,2
higgs,higgs_wcc_13095,science_news,2
higgs,higgs_wcc_13096,science_news,2
higgs,higgs_wcc_13097,science_news,2
higgs,higgs_wcc_13098,science_news,2
higgs,higgs_wcc_13099,science_news,2
higgs,higgs_wcc_13100,science_news,2
higgs,higgs_wcc_13101,science_news,2
higgs,higgs_wcc_13102,science_news,2
higgs,higgs_wcc_13103,science_news,2
higgs,higgs_wcc_13104,science_news,2
higgs,higgs_wcc_13105,science_news,2
higgs,higgs_wcc_13106,science_news,2
higgs,higgs_wcc_13107,science_news,2
higgs,higgs_wcc_13108,science_news,2
higgs,higgs_wcc_13109,science_news,2
higgs,higgs_wcc_13110,science_news,2
higgs,higgs_wcc_13111,science_news,2
higgs,higgs_wcc_13112,science_news,2
higgs,higgs_wcc_13113,science_news,2
higgs,higgs_wcc_13114,science_news,2
higgs,higgs_wcc_13115,science_news,2
higgs,higgs_wcc_13116,science_news,2
higgs,higgs_wcc_13117,science_news,2
higgs,higgs_wcc_13118,science_news,2
higgs,higgs_wcc_13119,science_news,2
higgs,higgs_wcc_13120,science_news,2
higgs,higgs_wcc_13121,science_news,2
higgs,higgs_wcc_13122,science_news,2
higgs,higgs_wcc_13123,science_news,2
higgs,higgs_wcc_13124,science_news,2
higgs,higgs_wcc_13125,science_news,2
higgs,higgs_wcc_13126,science_news,2
higgs,higgs_wcc_13127,science_news,2
higgs,higgs_wcc_13128,science_news,2
higgs,higgs_wcc_13129,science_news,2
higgs,higgs_wcc_13130,science_news,2
higgs,higgs_wcc_13131,science_news,2
higgs,higgs_wcc_13132,science_news,2
higgs,higgs_wcc_13133,science_news,2
higgs,higgs_wcc_13134,science_news,2
higgs,higgs_wcc_13135,science_news,2
higgs,higgs_wcc_13136,science_news,2
higgs,higgs_wcc_13137,science_news,2
higgs,higgs_wcc_13138,science_news,2
higgs,higgs_wcc_13139,science_news,2
higgs,higgs_wcc_13140,science_news,2
higgs,higgs_wcc_13141,science_news,2
higgs,higgs_wcc_13142,science_news,2
higgs,higgs_wcc_13143,science_news,2
higgs,higgs_wcc_13144,science_news,2
higgs,higgs_wcc_13145,science_news,2
higgs,higgs_wcc_13146,science_news,2
higgs,higgs_wcc_13147,science_news,2
higgs,higgs_wcc_13148,science_news,2
higgs,higgs_wcc_13149,science_news,2
higgs,higgs_wcc_13150,science_news,2
higgs,higgs_wcc_13151,science_news,2
higgs,higgs_wcc_13152,science_news,2
higgs,higgs_wcc_13153,science_news,2
higgs,higgs_wcc_13154,science_news,2
higgs,higgs_wcc_13155,science_news,2
higgs,higgs_wcc_13156,science_news,2
higgs,higgs_wcc_13157,science_news,2
higgs,higgs_wcc_13158,science_news,2
higgs,higgs_wcc_13159,science_news,2
higgs,higgs_wcc_13160,science_news,2
higgs,higgs_wcc_13161,science_news,2
higgs,higgs_wcc_13162,science_news,2
higgs,higgs_wcc_13163,science_news,2
higgs,higgs_wcc_13164,science_news,2
higgs,higgs_wcc_13165,science_news,2
higgs,higgs_wcc_13166,science_news,2
higgs,higgs_wcc_13167,science_news,2
higgs,higgs_wcc_13168,science_news,2
higgs,higgs_wcc_13169,science_news,2
higgs,higgs_wcc_13170,science_news,2
higgs,higgs_wcc_13171,science_news,2
higgs,higgs_wcc_13172,science_news,2
higgs,higgs_wcc_13173,science_news,2
higgs,higgs_wcc_13174,science_news,2
higgs,higgs_wcc_13175,science_news,2
higgs,higgs_wcc_13176,science_news,2
higgs,higgs_wcc_13177,science_news,2
higgs,higgs_wcc_13178,science_news,2
higgs,higgs_wcc_13179,science_news,2
higgs,higgs_wcc_13180,science_news,2
higgs,higgs_wcc_13181,science_news,2
higgs,higgs_wcc_13182,science_news,2
higgs,higgs_wcc_13183,science_news,2
higgs,higgs_wcc_13184,science_news,2
higgs,higgs_wcc_13185,science_news,2
higgs,higgs_wcc_13186,science_news,2
higgs,higgs_wcc_13187,science_news,2
higgs,higgs_wcc_13188,science_news,2
higgs,higgs_wcc_13189,science_news,2
higgs,higgs_wcc_13190,science_news,2
higgs,higgs_wcc_13191,science_news,2
higgs,higgs_wcc_13192,science_news,2
higgs,higgs_wcc_13193,science_news,2
higgs,higgs_wcc_13194,science_news,2
higgs,higgs_wcc_13195,science_news,2
higgs,higgs_wcc_13196,science_news,2
higgs,higgs_wcc_13197,science_news,2
higgs,higgs_wcc_13198,science_news,2
twitter15,517051126466625536,true,68
twitter15,690252631822864384,non-rumor,57
twitter15,510916647373516800,true,11
twitter15,767068504277344260,non-rumor,103
twitter15,536547921542791170,true,17
twitter15,516361247223058432,unverified,25
twitter15,544514570367168512,unverified,13
twitter15,509114008587100160,false,7
twitter15,538346377794031618,true,67
twitter15,765631087867367426,non-rumor,96
twitter15,688751183645782016,non-rumor,95
twitter15,714503380476026880,unverified,15
twitter15,693102023764492288,non-rumor,88
twitter15,692098463262216192,non-rumor,19
twitter15,758825535480864769,unverified,6
twitter15,692374052082708480,non-rumor,22
twitter15,566999951449001984,true,58
twitter15,764753085675761664,non-rumor,100
twitter15,499456140044824576,unverified,18
twitter15,543319210659971073,false,7
twitter15,514201362729828352,true,35
twitter15,561952533942661120,false,22
twitter15,688763993633107968,non-rumor,106
twitter15,714555825122107392,unverified,4
twitter15,370855596050108416,false,14
twitter15,757190314880884736,unverified,6
twitter15,690567125128351744,non-rumor,136
twitter15,500258409988763649,unverified,10
twitter15,516636338679197697,false,77
twitter15,501768276523761666,false,82
twitter15,693118410444636161,non-rumor,42
twitter15,767170849472405508,non-rumor,64
twitter15,407163499723624449,true,5
twitter15,767223774072676354,non-rumor,53
twitter15,689719109785907200,non-rumor,82
twitter15,693855615618322432,non-rumor,14
twitter15,692692529779707904,non-rumor,96
twitter15,519112613800972288,true,17
twitter15,726442550266044416,unverified,8
twitter15,538729383662338049,false,44
twitter15,524929497205055488,unverified,24
twitter15,689694470779097088,non-rumor,127
twitter15,509464271118688257,true,25
twitter15,521922785254580225,unverified,8
twitter15,556873675941896193,unverified,2
twitter15,693524179597955072,non-rumor,23
twitter15,688814621034213376,non-rumor,24
twitter15,520338188213444608,false,18
twitter15,688461902821855232,non-rumor,86
twitter15,693116426824093696,non-rumor,5
twitter15,537377960471166976,false,51
twitter15,524181699043663872,false,17
twitter15,692113839387709444,non-rumor,14
twitter15,554979642210549760,false,23
twitter15,510908595144519680,true,12
twitter15,531607884220485632,false,10
twitter15,407176055657484289,true,2
twitter15,552568163431247873,true,26
twitter15,693465666259656705,non-rumor,118
twitter15,767823175480647681,non-rumor,66
twitter15,525408908484280321,true,43
twitter15,693769968199061504,non-rumor,53
twitter15,511330322831507456,unverified,96
twitter15,551135925862805504,true,22
twitter15,552816020403269632,unverified,8
twitter15,693512850539683842,non-rumor,21
twitter15,693126696132804608,non-rumor,93
twitter15,691889802724118532,non-rumor,65
twitter15,683731779342188545,non-rumor,46
twitter15,764653644138450945,non-rumor,88
twitter15,693121477491757056,non-rumor,105
twitter15,689100941119848449,non-rumor,130
twitter15,692854695262445568,non-rumor,7
twitter15,748640007934590976,unverified,16
twitter15,553576010898497536,unverified,15
twitter15,501934077612941312,unverified,35
twitter15,522453569702989824,unverified,9
twitter15,387006553124896768,false,14
twitter15,554722567224049664,true,11
twitter15,552498516225179650,true,6
twitter15,767300637012951040,non-rumor,92
twitter15,688110059553861634,non-rumor,109
twitter15,693122701569974273,non-rumor,74
twitter15,692922211338981377,non-rumor,98
twitter15,693729678306189313,non-rumor,71
twitter15,690137637810761728,non-rumor,105
twitter15,501760566160289794,false,70
twitter15,501774615837163521,false,16
twitter15,688027085730897921,non-rumor,100
twitter15,436001434212249600,false,1
twitter15,693554007785234432,non-rumor,37
twitter15,516435293235183617,unverified,31
twitter15,692332739824095234,non-rumor,81
twitter15,693457310824468480,non-rumor,76
twitter15,525032872647065600,unverified,12
twitter15,693098795022725120,non-rumor,17
twitter15,549998575330275330,unverified,5
twitter15,521770744855134208,unverified,17
twitter15,715253497462145024,unverified,18
twitter15,693696168908423168,non-rumor,50
twitter15,727172374999666688,unverified,27
twitter15,691006265137299456,non-rumor,94
twitter15,693355140284334081,non-rumor,46
twitter15,765934198297362432,non-rumor,76
twitter15,523555724807262208,false,66
twitter15,693456387880402944,non-rumor,27
twitter15,516434071631974400,unverified,20
twitter15,534392174876839936,false,5
twitter15,692537942439501824,non-rumor,74
twitter15,693139276708585472,non-rumor,75
twitter15,553099685888790528,false,3
twitter15,687631811560763392,non-rumor,60
twitter15,761355585724055553,non-rumor,78
twitter15,523863683928457216,true,33
twitter15,551123464640536576,true,27
twitter15,518830518792892416,false,22
twitter15,766307327922335745,non-rumor,78
twitter15,489902412900343809,false,29
twitter15,516729950091493376,true,10
twitter15,693162950358622208,non-rumor,25
twitter15,692497796956561408,non-rumor,76
twitter15,763738618573623297,unverified,13
twitter15,692127290998784001,non-rumor,12
twitter15,524923293711998976,true,39
twitter15,428366153149194240,false,2
twitter15,742055437932040193,unverified,41
twitter15,692818857187213313,non-rumor,30
twitter15,764473554431725568,non-rumor,71
twitter15,554958414905094144,true,11
twitter15,687766167558164481,non-rumor,15
twitter15,553115168084074497,false,11
twitter15,691809004356501505,non-rumor,95
twitter15,728625967921401856,unverified,7
twitter15,767154835993063425,non-rumor,63
twitter15,580325090367315968,unverified,27
twitter15,516345893139001346,unverified,83
twitter15,688757736310484994,non-rumor,99
twitter15,761381302260031489,non-rumor,107
twitter15,693594331735683072,non-rumor,90
twitter15,543586319168196608,false,16
twitter15,693083689098477568,non-rumor,19
twitter15,510922415468449792,true,4
twitter15,693284114724700160,non-rumor,25
twitter15,690670464440504320,non-rumor,114
twitter15,693476901772513280,non-rumor,43
twitter15,509084603617792001,false,25
twitter15,729647367457230850,unverified,5
twitter15,687617735833026560,non-rumor,12
twitter15,687911282922631168,non-rumor,114
twitter15,693934062445187072,non-rumor,52
twitter15,692023417575448576,non-rumor,43
twitter15,731166399389962242,unverified,9
twitter15,693537938425171968,non-rumor,44
twitter15,651486105628463105,unverified,6
twitter15,767094580634202112,non-rumor,64
twitter15,525033697045925888,true,17
twitter15,767444114229059584,non-rumor,29
twitter15,693807822971236353,non-rumor,47
twitter15,767715524222578688,non-rumor,18
twitter15,749286768554438658,unverified,23
twitter15,689529955294777344,non-rumor,123
twitter15,407262869152358400,true,7
twitter15,387353560356118528,false,23
twitter15,514429381737852929,false,2
twitter15,521496155310796800,false,40
twitter15,692838349036326912,non-rumor,16
twitter15,491591245152935936,false,24
twitter15,693873151659249669,non-rumor,64
twitter15,724603564946010112,unverified,15
twitter15,688520025754304512,non-rumor,126
twitter15,407176873605865472,true,5
twitter15,693533469922693120,non-rumor,24
twitter15,691327238353129472,non-rumor,16
twitter15,553474188259102720,unverified,20
twitter15,521835345059389440,false,9
twitter15,693600369281253376,non-rumor,30
twitter15,689236842454106113,non-rumor,83
twitter15,524927281048080385,unverified,17
twitter15,553501357156876290,unverified,50
twitter15,766299560415223808,non-rumor,102
twitter15,524958992330522624,true,12
twitter15,553518472798683136,unverified,31
twitter15,538408710084001793,true,28
twitter15,693140568143220736,non-rumor,7
twitter15,767710245779103744,non-rumor,70
twitter15,500363740311982081,unverified,10
twitter15,692134022839955456,non-rumor,20
twitter15,688281442162352128,non-rumor,107
twitter15,693662456393134080,non-rumor,39
twitter15,692747901815119872,non-rumor,32
twitter15,780436430732525569,unverified,14
twitter15,524976526891417600,true,46
twitter15,535252460148113409,false,7
twitter15,499679379820412928,true,100
twitter15,693408117225299968,non-rumor,40
twitter15,387281927427727360,false,29
twitter15,500278045597368320,unverified,12
twitter15,544287209730236416,unverified,10
twitter15,554343513887105024,false,26
twitter15,766316494695305218,non-rumor,53
twitter15,560187970389819392,false,82
twitter15,693484841011060737,non-rumor,25
twitter15,715515982584881152,unverified,23
twitter15,740791134146965504,unverified,11
twitter15,515918632178577408,false,59
twitter15,690680310061756416,non-rumor,96
twitter15,689798164287741953,non-rumor,131
twitter15,693198912660885505,non-rumor,19
twitter15,688752484966363136,non-rumor,78
twitter15,693795905049329664,non-rumor,27
twitter15,693087256727388161,non-rumor,60
twitter15,514072132301910016,false,7
twitter15,692031224227958789,non-rumor,105
twitter15,537976883150077952,unverified,19
twitter15,514100169307348992,true,22
twitter15,553575232867672064,unverified,32
twitter15,693123067204243456,non-rumor,52
twitter15,521533372280369152,false,3
twitter15,519131101798100992,true,5
twitter15,516804849619705859,false,19
twitter15,764449685897568256,non-rumor,6
twitter15,501827465032237056,true,48
twitter15,767715489485205505,non-rumor,23
twitter15,692440373449396224,non-rumor,41
twitter15,524965786059026432,true,11
twitter15,532276693931945984,true,5
twitter15,524967711492014080,true,16
twitter15,528976109518721024,false,40
twitter15,691564354567798784,non-rumor,128
twitter15,544328894812549121,unverified,33
twitter15,701514249269542912,unverified,22
twitter15,524941041301225472,true,27
twitter15,687734662249246724,non-rumor,8
twitter15,524979548195024898,true,13
twitter15,690296550803636224,non-rumor,116
twitter15,514308277803294721,unverified,1
twitter15,544510450101415936,unverified,22
twitter15,689555819059351552,non-rumor,112
twitter15,693822949456007169,non-rumor,20
twitter15,693824042164436992,non-rumor,11
twitter15,503610065769598976,unverified,12
twitter15,663744139666804736,unverified,42
twitter15,554688527435563008,false,6
twitter15,693866093123915776,non-rumor,65
twitter15,533734824905670656,unverified,11
twitter15,692510002586714113,non-rumor,66
twitter15,490141776984825856,false,14
twitter15,524976963862429697,true,48
twitter15,693107789007339521,non-rumor,95
twitter15,524961721744900097,true,52
twitter15,407211258304552960,true,3
twitter15,692004901455556608,non-rumor,90
twitter15,538412662858588160,false,16
twitter15,692746621218656258,non-rumor,30
twitter15,500347114975944705,unverified,14
twitter15,692376812022792196,non-rumor,9
twitter15,767330549262278658,non-rumor,27
twitter15,527138218505175040,true,2
twitter15,571052823665704960,false,16
twitter15,692391757775028228,non-rumor,10
twitter15,504387128013246465,true,44
twitter15,525024066152169473,true,20
twitter15,693785810311778304,non-rumor,9
twitter15,690522824797196288,non-rumor,80
twitter15,778681502825451520,unverified,9
twitter15,693102420688121856,non-rumor,112
twitter15,693501482721681408,non-rumor,32
twitter15,689103487880310785,non-rumor,107
twitter15,767355933919997952,non-rumor,70
twitter15,767482587879051265,non-rumor,40
twitter15,531498841158082562,unverified,40
twitter15,500363126294863876,unverified,31
twitter15,692742353736568833,non-rumor,133
twitter15,693344498953383936,non-rumor,70
twitter15,507918114567499776,true,23
twitter15,407163869673443328,true,3
twitter15,553505242554175489,unverified,15
twitter15,692800345274241025,non-rumor,25
twitter15,727179214546456577,unverified,21
twitter15,690954487322796032,non-rumor,97
twitter15,386998038004113409,false,18
twitter15,504131654810877952,true,38
twitter15,765887221736046592,unverified,15
twitter15,692727606718824448,non-rumor,23
twitter15,689208632148365314,non-rumor,133
twitter15,692451275930234880,non-rumor,70
twitter15,692566765822435328,non-rumor,31
twitter15,693629063932596224,non-rumor,14
twitter15,755523157700648960,unverified,8
twitter15,521789009576476673,false,13
twitter15,674713782778654721,non-rumor,14
twitter15,693853982293254144,non-rumor,41
twitter15,765863022506151937,non-rumor,85
twitter15,554597409351671808,false,6
twitter15,688147918113538049,non-rumor,99
twitter15,524935769614331904,true,18
twitter15,490080544949276672,false,23
twitter15,521821037726797824,false,15
twitter15,524924619812511746,unverified,19
twitter15,765141361033109504,non-rumor,89
twitter15,726190016435728385,unverified,20
twitter15,762775964224847872,non-rumor,69
twitter15,767355611277168642,non-rumor,24
twitter15,764158239089029120,non-rumor,68
twitter15,527286846347567104,true,50
twitter15,519921456730607616,false,6
twitter15,688096910217879554,non-rumor,81
twitter15,528312406498635777,true,31
twitter15,688502260779843587,non-rumor,99
twitter15,693925198630821889,non-rumor,36
twitter15,766299795833102336,non-rumor,44
twitter15,544523550519218176,unverified,14
twitter15,755548076438196225,unverified,19
twitter15,689722724470620161,non-rumor,77
twitter15,427652211414274048,true,7
twitter15,757748522481491968,unverified,21
twitter15,524948703850029056,true,14
twitter15,693711272014155776,non-rumor,16
twitter15,652349108653551616,unverified,10
twitter15,525039784503541760,true,36
twitter15,521769631519092736,unverified,26
twitter15,531085761521528834,true,9
twitter15,407248574099894272,true,8
twitter15,561280944045576192,false,23
twitter15,693670046497935361,non-rumor,27
twitter15,491200302365040640,false,10
twitter15,757450526153900032,unverified,7
twitter15,723477822950395904,unverified,8
twitter15,531833153145823233,true,9
twitter15,500413818368184321,unverified,19
twitter15,764573523713011713,non-rumor,64
twitter15,692099058811453440,non-rumor,77
twitter15,514106273852174337,true,56
twitter15,528341588867416064,false,28
twitter15,693234925252775936,non-rumor,29
twitter15,692267960686284800,non-rumor,95
twitter15,510916464631889920,true,27
twitter15,692881863644282880,non-rumor,32
twitter15,692528931459694592,non-rumor,49
twitter15,521788572933062657,unverified,19
twitter15,692707593991643136,non-rumor,24
twitter15,716451800581279744,unverified,59
twitter15,715255507506892800,false,10
twitter15,532275347413544961,true,14
twitter15,560873850846846978,false,25
twitter15,504131150429061121,true,25
twitter15,500279160795721728,unverified,37
twitter15,774833492865593344,unverified,15
twitter15,470025166760980483,false,11
twitter15,692405195796529152,non-rumor,69
twitter15,553549686129561600,unverified,17
twitter15,516423807394131968,unverified,17
twitter15,690985215691354112,non-rumor,10
twitter15,693236688538243074,non-rumor,36
twitter15,529747368087126019,true,8
twitter15,687945926774800385,non-rumor,108
twitter15,691986377584549888,non-rumor,33
twitter15,688437279405305856,non-rumor,25
twitter15,387236601450864641,false,17
twitter15,521444489697583104,unverified,16
twitter15,524991240270807042,true,12
twitter15,690676539323740161,non-rumor,95
twitter15,489854703321509888,false,15
twitter15,693136527816331264,non-rumor,21
twitter15,677950378785271808,non-rumor,6
twitter15,516377014790782977,unverified,57
twitter15,693921710383337472,non-rumor,5
twitter15,536738726693847041,true,3
twitter15,524923341359300608,true,17
twitter15,688441130271289350,non-rumor,8
twitter15,693443289370882049,non-rumor,100
twitter15,693673606279229440,non-rumor,29
twitter15,692082337333534720,non-rumor,85
twitter15,692892472729415680,non-rumor,18
twitter15,376874273601630208,false,3
twitter15,693481256735150082,non-rumor,57
twitter15,543436472842334209,unverified,57
twitter15,326137285450018817,false,1
twitter15,509031495101874176,false,7
twitter15,725983128444129280,unverified,30
twitter15,427762638274437120,true,9
twitter15,683158807959089152,non-rumor,19
twitter15,553136604882014208,false,7
twitter15,693722259740069889,non-rumor,8
twitter15,742012307694223361,unverified,7
twitter15,693492349142433792,non-rumor,31
twitter15,524970851675176960,unverified,10
twitter15,524928878075457536,true,16
twitter15,532928419051622400,unverified,52
twitter15,778530869208190976,unverified,13
twitter15,693459931022913536,non-rumor,9
twitter15,693091255685787648,non-rumor,28
twitter15,690431187916099584,non-rumor,121
twitter15,650975967146602496,unverified,3
twitter15,688932211714818048,non-rumor,8
twitter15,528240834660298753,false,29
twitter15,692927739066740741,non-rumor,11
twitter15,767218194385866752,non-rumor,27
twitter15,692842124841123842,non-rumor,8
twitter15,407184707118309376,true,5
twitter15,714998347111669760,unverified,64
twitter15,550095745161134080,unverified,3
twitter15,693490132440129536,non-rumor,18
twitter15,489874311143260160,false,9
twitter15,523820806917603328,true,10
twitter15,733242244522725376,unverified,19
twitter15,524950339074523137,true,29
twitter15,520265722967375872,unverified,23
twitter15,501881262240694272,true,46
twitter15,552661209204260864,true,14
twitter15,528562608463704064,true,41
twitter15,500278294055768064,true,7
twitter15,693456340790804480,non-rumor,34
twitter15,489833932813516800,false,55
twitter15,544333764814323713,unverified,10
twitter15,538129041539092480,false,22
twitter15,500377145349521411,unverified,4
twitter15,553579224402235393,unverified,4
twitter15,767463109778894848,non-rumor,38
twitter15,407191144880439298,true,1
twitter15,767462297270968321,non-rumor,39
twitter15,707405809181917184,unverified,9
twitter15,716424773216022530,unverified,18
twitter15,689833530197671936,non-rumor,8
twitter15,517003426832453633,true,39
twitter15,543443188934250496,false,16
twitter15,490136764619948032,false,13
twitter15,692063305297453060,non-rumor,18
twitter15,730939370765754368,unverified,15
twitter15,707412869860696064,unverified,10
twitter15,489841070818488320,false,10
twitter15,691410231549530112,non-rumor,68
twitter15,538760398003253248,false,14
twitter15,692105324111761408,non-rumor,55
twitter15,513922322915282945,false,19
twitter15,514478918636535808,true,9
twitter15,525291306000846848,true,3
twitter15,766808183696351233,unverified,15
twitter15,574062768896212992,true,14
twitter15,727588444000526336,unverified,26
twitter15,504244627680272384,true,37
twitter15,767360696761905153,non-rumor,9
twitter15,500281094239817728,unverified,7
twitter15,407213772328022016,true,2
twitter15,741995157969592321,unverified,27
twitter15,531206167302012929,true,3
twitter15,514142113601437696,true,21
twitter15,693595814401327104,non-rumor,18
twitter15,692581635594694658,non-rumor,32
twitter15,693830499047989248,non-rumor,22
twitter15,539254751343681536,false,9
twitter15,516861311725342722,unverified,13
twitter15,572002458647412736,false,22
twitter15,706665777332621314,unverified,6
twitter15,387007120689737729,false,14
twitter15,531525016794697729,unverified,24
twitter15,489974591985840128,false,19
twitter15,692217618778972161,non-rumor,71
twitter15,520284654755381249,false,9
twitter15,554886875303780352,false,16
twitter15,542320823915536384,false,17
twitter15,693549273468764160,non-rumor,32
twitter15,692735354240114688,non-rumor,8
twitter15,766358933296517121,non-rumor,52
twitter15,527131140721623040,unverified,49
twitter15,692745208421679104,non-rumor,20
twitter15,510921017972514817,true,34
twitter15,691600834707247104,non-rumor,7
twitter15,518866406512025602,true,39
twitter15,764620072228970496,non-rumor,22
twitter15,763404633217835009,non-rumor,6
twitter15,701975210044497921,unverified,27
twitter15,670380354822348801,non-rumor,18
twitter15,517487705978966016,true,19
twitter15,767737100347191297,non-rumor,17
twitter15,551159366876147714,true,17
twitter15,763896522790440960,unverified,10
twitter15,535148463609356288,unverified,13
twitter15,524941504796962816,true,20
twitter15,538724882461097986,false,64
twitter15,501474962935648256,false,24
twitter15,499530130487017472,unverified,19
twitter15,716092408920936448,unverified,24
twitter15,508002575858561024,true,18
twitter15,524976980799000578,true,13
twitter15,427924694663454720,true,6
twitter15,526459255147491328,false,13
twitter15,517034091028676608,unverified,5
twitter15,728101712762834944,unverified,3
twitter15,523562674487975937,false,58
twitter15,693071700200722433,non-rumor,24
twitter15,531530591427391488,unverified,10
twitter15,691380348379201536,non-rumor,112
twitter15,539658034382123008,false,13
twitter15,524970097711267841,true,14
twitter15,524961908903149568,true,28
twitter15,531833233143783424,false,6
twitter15,576513463738109954,unverified,14
twitter15,525024181218725888,true,22
twitter15,767768054163996672,non-rumor,28
twitter15,518665533089406976,false,15
twitter15,524593547807178753,true,4
twitter15,687632433483759616,non-rumor,73
twitter15,692287441168900097,non-rumor,73
twitter15,525285199530455040,unverified,14
twitter15,766452700049473536,non-rumor,59
twitter15,535579674152148992,true,12
twitter15,522534012544638976,unverified,6
twitter15,551575491430211584,true,25
twitter15,747275598347837440,unverified,19
twitter15,504267796424163328,true,7
twitter15,516371936604352513,unverified,11
twitter15,504109775358287872,true,21
twitter15,715268937873760256,unverified,10
twitter15,529857740059860992,false,10
twitter15,516394449065496577,unverified,7
twitter15,514517470238240768,false,8
twitter15,524949828711620608,true,16
twitter15,766989078294306816,non-rumor,15
twitter15,692736398462300162,non-rumor,27
twitter15,516386101766782976,unverified,13
twitter15,507557659206516736,false,3
twitter15,500279189405433858,unverified,7
twitter15,692031514943582208,non-rumor,100
twitter15,651786568592658433,unverified,9
twitter15,525029684095221760,true,9
twitter15,682629960826224646,non-rumor,14
twitter15,524959836778536961,true,16
twitter15,523545090099523584,unverified,7
twitter15,707305999971921920,unverified,15
twitter15,693214543615561729,non-rumor,26
twitter15,500319675797209088,unverified,11
twitter15,500303431928922113,unverified,4
twitter15,500298752469770240,unverified,30
twitter15,525040836757958657,true,27
twitter15,755475529294352385,unverified,5
twitter15,517712193841037312,unverified,1
twitter15,524987184836005889,true,10
twitter15,693056396250652672,non-rumor,13
twitter15,693618217667928068,non-rumor,15
twitter15,500280422295937024,unverified,7
twitter15,387006700609228801,false,13
twitter15,692453106622275585,non-rumor,15
twitter15,534303066867367937,false,8
twitter15,686421576904916992,non-rumor,9
twitter15,407188779255222273,true,3
twitter15,500295393301647360,unverified,15
twitter15,524958128392376320,true,26
twitter15,514451906211893248,true,15
twitter15,519962130859429888,false,12
twitter15,507257950868885504,true,27
twitter15,499366666300846081,unverified,4
twitter15,514098833253748736,true,12
twitter15,523123023646175233,false,10
twitter15,531287426858487808,unverified,13
twitter15,767528171520524288,non-rumor,12
twitter15,510916725953417218,true,12
twitter15,693643778033344512,non-rumor,15
twitter15,503714147138166784,unverified,7
twitter15,524211911668543488,false,6
twitter15,387220814531395584,false,10
twitter15,507454543169617920,false,16
twitter15,524925124303396864,true,14
twitter15,724320681517670400,unverified,27
twitter15,691299810553384960,non-rumor,89
twitter15,295152287901417472,true,1
twitter15,524991067675189250,true,9
twitter15,665302351742275584,non-rumor,8
twitter15,690926324903317504,non-rumor,80
twitter15,527308173112139776,true,11
twitter15,532203605236154368,true,20
twitter15,691064699853606913,non-rumor,18
twitter15,516313006427602944,unverified,16
twitter15,692336523090509824,non-rumor,39
twitter15,538847758032310272,false,25
twitter15,516705572373397504,unverified,9
twitter15,518981379963777025,false,21
twitter15,535474881090322432,true,16
twitter15,530017051025604609,false,11
twitter15,500378522788315137,unverified,11
twitter15,692764799315398656,non-rumor,49
twitter15,692056985513123840,non-rumor,52
twitter15,524289058290159616,false,9
twitter15,504441156575297536,false,2
twitter15,427689948398231552,true,14
twitter15,692780496590254081,non-rumor,27
twitter15,576829262927413248,unverified,4
twitter15,532208816692416512,false,2
twitter15,525116411887513602,true,20
twitter15,778625026144792577,unverified,12
twitter15,692491478619262976,non-rumor,12
twitter15,546028163134808064,unverified,7
twitter15,519868410599993344,false,3
twitter15,516475930097643520,unverified,3
twitter15,724348906096590849,unverified,21
twitter15,407177474788057088,true,2
twitter15,524685073979678721,true,12
twitter15,693821069879160832,non-rumor,17
twitter15,693492159635443714,non-rumor,15
twitter15,500391222075076610,unverified,7
twitter15,685633217160998912,non-rumor,10
twitter15,692946556396244992,non-rumor,17
twitter15,692382471061663744,non-rumor,35
twitter15,692190570140340229,non-rumor,38
twitter15,489975398151618560,false,14
twitter15,500281131057811456,unverified,4
twitter15,676586804242309121,unverified,12
twitter15,526757033186697216,unverified,26
twitter15,531606992788287489,unverified,26
twitter15,553061846081896449,false,4
twitter15,693802524579618816,non-rumor,31
twitter15,500290456845299714,unverified,23
twitter15,500341884678836224,unverified,15
twitter15,542860306603868160,false,22
twitter15,351767344097398785,false,8
twitter15,560207034545889281,false,3
twitter15,555072815154475008,false,10
twitter15,523939598691741696,true,5
twitter15,689549346875031552,non-rumor,14
twitter15,684488313512800256,non-rumor,19
twitter15,531493734358061056,unverified,14
twitter15,692709993573789701,non-rumor,19
twitter15,692924229017309184,non-rumor,22
twitter15,562256876763901953,true,10
twitter15,365497016098369536,false,1
twitter15,693239731031683072,non-rumor,26
twitter15,693079616072880128,non-rumor,18
twitter15,538137715293061120,unverified,29
twitter15,693217698482933760,non-rumor,29
twitter15,661184793342775296,non-rumor,3
twitter15,693122199536934912,non-rumor,28
twitter15,686493272806576128,non-rumor,15
twitter15,552615631246622721,true,6
twitter15,693068611951300608,non-rumor,19
twitter15,407223928084766721,true,7
twitter15,407192126032986112,true,15
twitter15,529434230938284032,true,16
twitter15,693554344298467328,non-rumor,16
twitter15,568571403756294144,false,3
twitter15,716461257025581056,unverified,23
twitter15,524998384357486592,true,11
twitter15,534543768653807618,false,15
twitter15,714811995573325828,unverified,8
twitter15,553503184174710784,unverified,14
twitter15,499683602452717569,true,28
twitter15,407279190913069056,true,1
twitter15,524925730053181440,unverified,20
twitter15,538010064591028224,unverified,16
twitter15,707321278135463936,unverified,31
twitter15,767668607803359234,non-rumor,14
twitter15,524937542131793920,unverified,8
twitter15,693534177694609409,non-rumor,19
twitter15,531526274003771392,unverified,18
twitter15,504433135036407808,false,10
twitter15,693485676881403905,non-rumor,30
twitter15,689922870689009664,non-rumor,11
twitter15,517850508380618752,true,16
twitter15,518870005677826050,true,16
twitter15,748558349139058688,unverified,17
twitter15,693676692309700609,non-rumor,24
twitter15,691351064868732928,non-rumor,16
twitter15,524929796862918656,true,5
twitter15,693204483501887488,non-rumor,7
twitter15,519704006826807296,false,18
twitter15,682548344690970624,non-rumor,18
twitter15,693803472806760448,non-rumor,18
twitter15,387237225286479872,false,18
twitter15,767520433247809536,non-rumor,30
twitter15,707310135291416576,unverified,6
twitter15,504771233557147648,false,2
twitter15,523123779124600833,false,53
twitter15,495305620342714369,true,9
twitter15,525008463819464704,unverified,7
twitter15,701539698452393986,unverified,19
twitter15,524944881941495809,true,41
twitter15,693487871806689280,non-rumor,22
twitter15,538930446814703616,false,6
twitter15,693792605755285504,non-rumor,13
twitter15,500381163866062848,unverified,12
twitter15,693926742814281729,non-rumor,11
twitter15,515717938025078784,true,12
twitter15,560442390805090307,false,26
twitter15,510906049549705216,true,14
twitter15,489812926828924928,false,32
twitter15,387233034350514176,false,11
twitter15,516411927506206721,unverified,16
twitter15,727834854931435522,unverified,53
twitter15,559863517151784960,false,1
twitter15,566089610485579776,true,19
twitter15,553184482241814530,unverified,7
twitter15,544512910538838016,unverified,16
twitter15,727966590084485120,unverified,3
twitter15,500286058664579072,unverified,23
twitter15,551106923601219585,true,41
twitter15,521790189715615744,false,2
twitter15,524981436252950528,unverified,20
twitter15,640182854928961536,unverified,8
twitter15,766789709045518336,unverified,8
twitter15,552821069036670976,unverified,16
twitter15,692113799546048513,non-rumor,22
twitter15,692765809425408000,non-rumor,8
twitter15,523581212175392768,true,18
twitter15,693523133920342016,non-rumor,40
twitter15,500371149713178625,unverified,30
twitter15,516682897864916992,unverified,1
twitter15,528237933661544448,true,27
twitter15,693573042111270912,non-rumor,19
twitter15,693160939802214400,non-rumor,25
twitter15,387031585834278912,false,10
twitter15,557885928417816576,false,11
twitter15,538851683141304320,false,36
twitter15,519447199164665856,false,17
twitter15,524925600318754816,true,14
twitter15,532255606623989760,false,2
twitter15,504243239084236800,true,14
twitter15,553550301886955520,unverified,22
twitter15,544306719686656000,unverified,21
twitter15,692472216135569409,non-rumor,29
twitter15,691632933170450435,non-rumor,18
twitter15,705092738224525312,unverified,11
twitter15,525041127343550464,true,12
twitter15,693131575261659137,non-rumor,21
twitter15,778572032531427332,unverified,11
twitter15,551942365901250560,false,5
twitter15,534364937939062784,false,5
twitter15,692357775859564544,non-rumor,13
twitter15,693912520923295745,non-rumor,28
twitter15,693185488644149248,non-rumor,25
twitter15,531659884430106624,true,17
twitter15,692792765852286977,non-rumor,20
twitter15,742571519105077248,unverified,10
twitter15,521098692326350848,false,21
twitter15,516727880571572225,unverified,5
twitter15,732971411157880832,unverified,4
twitter15,524932056560963584,unverified,7
twitter15,489968646014246912,false,4
twitter15,532106726539939841,false,3
twitter15,690174644071047168,non-rumor,24
twitter15,524988712367955970,true,26
twitter15,517038566061658114,unverified,4
twitter15,765735409984806912,unverified,10
twitter15,539799806039052288,unverified,17
twitter15,549124560793374720,false,8
twitter15,693272659447119873,non-rumor,30
twitter15,757367391202471937,unverified,7
twitter15,707332312724283392,unverified,9
twitter15,516539137646542848,unverified,3
twitter15,531543620856197121,unverified,28
twitter15,525009850104037376,true,14
twitter15,691206970074738688,non-rumor,10
twitter15,665317131597291520,non-rumor,12
twitter15,489867900296368129,false,18
twitter15,507261372313640961,true,18
twitter15,524930365400821761,true,38
twitter15,495365942726381568,false,4
twitter15,692463948076093440,non-rumor,17
twitter15,554655549896159233,false,5
twitter15,693411834808946688,non-rumor,12
twitter15,780882510645370880,unverified,47
twitter15,644321231618076673,non-rumor,18
twitter15,500308076004929537,unverified,13
twitter15,687786822475366401,non-rumor,12
twitter15,691791477912014850,non-rumor,27
twitter15,532199717594497024,false,3
twitter15,407267881131732992,true,3
twitter15,524294016435634178,true,8
twitter15,697992796565741569,unverified,43
twitter15,491241885399539712,false,3
twitter15,407275991610818560,true,1
twitter15,407206094747209728,true,2
twitter15,515519742355185664,true,17
twitter15,726043971911213057,unverified,7
twitter15,510507736287961088,unverified,14
twitter15,510918747188514816,true,34
twitter15,534445263528947712,false,9
twitter15,553548567420628992,unverified,6
twitter15,524983325275197440,true,22
twitter15,517416417164263424,true,16
twitter15,523888836456108032,true,7
twitter15,514395350615203841,true,8
twitter15,652982112870662144,unverified,7
twitter15,532284428542681088,false,4
twitter15,524972443308683264,unverified,9
twitter15,767845555313774593,non-rumor,23
twitter15,501774251901198336,false,14
twitter15,643807909856415744,non-rumor,2
twitter15,365276206381268995,false,11
twitter15,550003619303788545,unverified,7
twitter15,778299287293816832,unverified,11
twitter15,525005886272843776,true,16
twitter15,693204708933160960,non-rumor,18
twitter15,693082547664883712,non-rumor,19
twitter15,531193369465470976,unverified,24
twitter15,744390771869102080,unverified,26
twitter15,565999191982616577,true,11
twitter15,652300118205427716,unverified,10
twitter15,553228463998783488,unverified,10
twitter15,535257207991205888,unverified,2
twitter15,524993533212897281,unverified,7
twitter15,500294803402137600,unverified,12
twitter15,532231906364911616,true,6
twitter15,507242819623587841,true,13
twitter15,692364468442021889,non-rumor,12
twitter15,514468018970034176,false,5
twitter15,489798219283857408,false,6
twitter15,532276370953752576,true,11
twitter15,524178388282802176,false,3
twitter15,498280126254428160,unverified,23
twitter15,555003887753494528,true,22
twitter15,514062859987595264,false,12
twitter15,489798752438583297,false,3
twitter15,504453071041482753,false,6
twitter15,716439952922312704,unverified,15
twitter15,407197672702214144,true,5
twitter15,692745861978263552,non-rumor,17
twitter15,692925163994796033,non-rumor,6
twitter15,567765185407234049,true,6
twitter15,514495841600811009,false,6
twitter15,728631482722308096,unverified,15
twitter15,689799953330368513,non-rumor,7
twitter15,551106793959862272,true,11
twitter15,693605375803813889,non-rumor,33
twitter15,482880640560271361,false,31
twitter15,501785003144273921,false,20
twitter15,524962676665888769,true,21
twitter15,531634492528939008,true,6
twitter15,522692223952228353,unverified,14
twitter15,407181813174788096,true,4
twitter15,693509689418588160,non-rumor,13
twitter15,500319801344929795,unverified,19
twitter15,318263294098030593,false,2
twitter15,742678930516123650,unverified,23
twitter15,748543642323783681,unverified,35
twitter15,560163341524807680,false,30
twitter15,692506143147606016,non-rumor,8
twitter15,676970570160988160,non-rumor,14
twitter15,387309869080281088,false,6
twitter15,675434959939756032,non-rumor,13
twitter15,516321020815228929,true,24
twitter15,767580827513397252,non-rumor,25
twitter15,522782267215982592,unverified,7
twitter15,752875379765968897,unverified,21
twitter15,520630231531802624,false,4
twitter15,386682163862986752,false,5
twitter15,766638613320859648,non-rumor,55
twitter15,538374385665449985,true,23
twitter15,525024518713397249,true,13
twitter15,531524882325311488,unverified,10
twitter15,651858133304782848,non-rumor,10
twitter15,775672628493357057,unverified,26
twitter15,552706985087361025,true,10
twitter15,552146635707666433,false,4
twitter15,691027026552229888,non-rumor,21
twitter15,562093717201616896,true,3
twitter15,693899062098137088,non-rumor,40
twitter15,506784541696991232,false,13
twitter15,524976106861236226,true,41
twitter15,518924377791164420,true,11
twitter15,727854332188577792,unverified,27
twitter15,692423131726749697,non-rumor,17
twitter15,688763099298529280,non-rumor,11
twitter15,489836441120145408,false,2
twitter15,550131732805328896,unverified,2
twitter15,524946179390701568,true,19
twitter15,692290126282649601,non-rumor,16
twitter15,497073936077959169,false,1
twitter15,514535408126795776,false,3
twitter15,547525843749470208,unverified,7
twitter15,521882110789824512,unverified,22
twitter15,509463916586762241,true,15
twitter15,650952376954650629,unverified,2
twitter15,524934138563133440,true,25
twitter15,747443219487678464,unverified,8
twitter15,499612545909415938,unverified,6
twitter15,742050150307246080,unverified,11
twitter15,366205297557110784,false,7
twitter15,532246457609244672,false,2
twitter15,539052152602107904,false,10
twitter15,553470492565602305,unverified,13
twitter15,538166788484509696,false,20
twitter15,551103664124100608,true,19
twitter15,691656866972209152,non-rumor,14
twitter15,553008832784642048,false,12
twitter15,501781217411215360,false,13
twitter15,524930671220105216,true,14
twitter15,522654603675176960,unverified,4
twitter15,551082055883563008,true,29
twitter15,778689027918618625,unverified,5
twitter15,504450741126582275,false,3
twitter15,524951893467234304,true,5
twitter15,715671763808493569,unverified,2
twitter15,524935246647926784,true,16
twitter15,678733118648524800,non-rumor,9
twitter15,500377906305327104,unverified,3
twitter15,551120768164462592,true,11
twitter15,727187859367546880,unverified,13
twitter15,524977992683237376,true,9
twitter15,574004164570841088,true,13
twitter15,551117430345711616,false,5
twitter15,524206851450486785,false,7
twitter15,693806234026188801,non-rumor,17
twitter15,524176293450223616,false,8
twitter15,692932696645865472,non-rumor,16
twitter15,509464457836511232,true,2
twitter15,525040767317082113,true,25
twitter15,707420972173955072,unverified,7
twitter15,531108688749404160,false,5
twitter15,514150992552931328,false,8
twitter15,387009577763360768,false,19
twitter15,532281981795848192,false,10
twitter15,516978780171436032,true,18
twitter15,691700082601758720,non-rumor,19
twitter15,536558567206420480,true,7
twitter15,489798752358916096,false,2
twitter15,500307001629745152,unverified,19
twitter15,767515401831997440,non-rumor,18
twitter15,538193964479045633,unverified,5
twitter15,716457799392342018,unverified,11
twitter15,692812029611089920,non-rumor,4
twitter15,743058135300988932,unverified,13
twitter15,525077806401994754,true,25
twitter15,489800427152879616,false,15
twitter15,524940659778920448,unverified,9
twitter15,516420964834611201,unverified,8
twitter15,693658242044542976,non-rumor,15
twitter15,761675705956655109,non-rumor,14
twitter15,553538058440941568,unverified,22
twitter15,650710483289419776,unverified,1
twitter15,503609826128044032,unverified,7
twitter15,552677176873455616,false,20
twitter15,553212962044149761,unverified,22
twitter15,693718533239365633,non-rumor,17
twitter15,524950507023245313,true,11
twitter15,524947149134774272,true,9
twitter15,552810448324943872,unverified,12
twitter15,507263441359613953,true,10
twitter15,524928119955013632,true,27
twitter15,523566838958284801,false,6
twitter15,690920430287331328,non-rumor,6
twitter15,691380138710306816,non-rumor,19
twitter15,500394061887709184,unverified,15
twitter15,489796998615547904,false,9
twitter15,510931521306243072,true,28
twitter15,516390549012480001,unverified,10
twitter15,678277910537588737,non-rumor,7
twitter15,531131094276382720,unverified,11
twitter15,407254590363426816,true,7
twitter15,514081464171102208,false,4
twitter15,523026678419714048,true,2
twitter15,693622130735484929,non-rumor,24
twitter15,514512849876836352,false,9
twitter15,562387516964491265,true,4
twitter15,407262953533353984,true,8
twitter15,538133250066366464,unverified,3
twitter15,656361703664451585,unverified,5
twitter15,387010299536355328,false,10
twitter15,745236050407194624,unverified,7
twitter15,692046121250586624,non-rumor,8
twitter15,523535962962280448,false,10
twitter15,336873759271157760,true,51
twitter15,524152657783820288,false,1
twitter15,504419526998360064,false,6
twitter15,701175292937707520,unverified,8
twitter15,724703995147751424,unverified,11
twitter15,525411618231169025,true,11
twitter15,686527768327274497,non-rumor,2
twitter15,538900739880665088,unverified,18
twitter15,532284831783460864,false,10
twitter15,651044059222556674,unverified,3
twitter15,553169307824177152,false,3
twitter15,407182466613792768,true,3
twitter15,714598641827246081,unverified,2
twitter15,764505291853627392,non-rumor,13
twitter15,514106939173634048,true,31
twitter15,519348106836860929,true,7
twitter15,531733274968989696,unverified,9
twitter15,489818014364086273,false,8
twitter15,715254040289021952,unverified,9
twitter15,534278078105944064,false,14
twitter15,489794369487380480,false,9
twitter15,655432919595548672,unverified,1
twitter15,553186555150749696,false,11
twitter15,500327106824245249,unverified,12
twitter15,693629498177253376,non-rumor,25
twitter15,523558773345255424,false,14
twitter15,534678919656775680,false,3
twitter15,687673284436082689,non-rumor,11
twitter15,685473149291479040,non-rumor,7
twitter15,687674548712505346,non-rumor,14
twitter15,514550436377137152,false,7
twitter15,365056836476481537,false,3
twitter15,551099691702956032,true,8
twitter15,532197572698320896,true,6
twitter15,641665203046907904,non-rumor,4
twitter15,707308274270539777,unverified,7
twitter15,489970164469751808,false,1
twitter15,514057033419849728,true,4
twitter15,356407105953071107,false,2
twitter15,516414874348298240,unverified,4
twitter15,536804445678755840,true,6
twitter15,553544252563935234,unverified,12
twitter15,519935535083565056,false,1
twitter15,549920761423863808,unverified,12
twitter15,503498696273965056,unverified,13
twitter15,689853056440221696,non-rumor,16
twitter15,518620083342835712,false,7
twitter15,489836271049928704,false,16
twitter15,568589712644026368,false,8
twitter15,489872500462190593,false,23
twitter15,527272948680622080,true,8
twitter15,500327120770301952,unverified,14
twitter15,489794696013967360,false,2
twitter15,545271117355958272,true,4
twitter15,509466295344304129,true,3
twitter15,519178213441167360,true,4
twitter15,692748204064927745,non-rumor,18
twitter15,500280838710247424,unverified,19
twitter15,525134787778850818,true,11
twitter15,553115236992290816,false,5
twitter15,693560600471863296,non-rumor,21
twitter15,524933380929245184,true,16
twitter15,515538937058971648,true,29
twitter15,778949749156245504,unverified,6
twitter15,527295015643394048,true,6
twitter15,539833716852273152,false,32
twitter15,524950264303075328,true,12
twitter15,760120409429643266,unverified,9
twitter15,528676615207653376,true,8
twitter15,509077805296914432,false,19
twitter15,563123548857053184,false,27
twitter15,273182568298450945,false,3
twitter15,691667941314662400,non-rumor,2
twitter15,509473920060104704,true,1
twitter15,524185876931162112,true,14
twitter15,560133068670140417,false,19
twitter15,693240976970752004,non-rumor,14
twitter15,499368931367608320,unverified,19
twitter15,686422922894815233,non-rumor,3
twitter15,549975297160802304,unverified,4
twitter15,521777301470871553,unverified,6
twitter15,524263570985340928,true,1
twitter15,500332933098385408,unverified,5
twitter15,553467311261503488,unverified,10
twitter15,536871550184869888,true,4
twitter15,553190393370923008,false,4
twitter15,544939287222165506,unverified,9
twitter15,716416753409081344,unverified,9
twitter15,727116900983934976,unverified,16
twitter15,568452856224747520,false,4
twitter15,714531423273746432,unverified,9
twitter15,489820657291911168,false,8
twitter15,524586367456919552,true,2
twitter15,522553662996901888,false,1
twitter15,407184730988097536,true,7
twitter15,407167258452971520,true,3
twitter15,516425769560866817,unverified,12
twitter15,377002232257855488,false,2
twitter15,707300612862566400,unverified,13
twitter15,655812191233417216,unverified,1
twitter15,524227209976745984,false,28
twitter15,764368020391223296,unverified,3
twitter15,544154048950435840,false,6
twitter15,693916809125351425,non-rumor,7
twitter15,427944719612915712,true,9
twitter15,407193347279699968,true,8
twitter15,530943279161155584,true,6
twitter15,692142338890661888,non-rumor,25
twitter15,751856580874960897,unverified,13
twitter15,532275383430041600,true,12
twitter15,534409916560461825,false,10
twitter15,366025766183514112,false,7
twitter15,535484342785830912,unverified,9
twitter15,518827403452637184,true,15
twitter15,756282236375277568,unverified,5
twitter15,511918957255991296,false,18
twitter15,528389559441444864,false,26
twitter15,407170170533064705,true,1
twitter15,531300385248800768,unverified,13
twitter15,742114513726623744,unverified,2
twitter15,726086935903494144,unverified,12
twitter15,521772674155286528,unverified,9
twitter15,91728807081426944,false,3
twitter15,665498651742085124,non-rumor,11
twitter15,528822281972498432,true,1
twitter15,273278761909239808,false,3
twitter15,514546272972574721,false,6
twitter15,692759090469212160,non-rumor,16
twitter15,522443333831262208,unverified,11
twitter15,533767270091087872,unverified,12
twitter15,567596847330373632,true,5
twitter15,536915851233202176,unverified,4
twitter15,514508854990999553,false,6
twitter15,489872119158046720,false,7
twitter15,528495998537334785,true,8
twitter15,509464217549021184,true,2
twitter15,519311120914722816,true,10
twitter15,692840850141753347,non-rumor,5
twitter15,536826622725218304,true,5
twitter15,525300042207612928,true,14
twitter15,387030572779847680,false,4
twitter15,369506008172740608,false,11
twitter15,535507913226190849,false,5
twitter15,723511860516016128,unverified,8
twitter15,705093513076015104,unverified,7
twitter15,692047663211085825,non-rumor,12
twitter15,387021726007042051,false,7
twitter15,525043936331857923,true,6
twitter15,516395112201736192,unverified,9
twitter15,376982539132366848,false,1
twitter15,640118021101604864,unverified,5
twitter15,372901260183494656,false,8
twitter15,436157398269849602,true,4
twitter15,539813330983354368,false,11
twitter15,265953285247209472,false,1
twitter15,348203818741272576,true,4
twitter15,692688891174739968,non-rumor,7
twitter15,560414522758799361,false,2
twitter15,527162170531151872,true,10
twitter15,755447443009916929,unverified,8
twitter15,524312881823637504,true,2
twitter15,519375764165509121,false,6
twitter15,536849906997415936,true,2
twitter15,740748123581087745,unverified,30
twitter15,716448280201269248,unverified,10
twitter15,532297096356167680,true,9
twitter15,540643709465812992,false,7
twitter15,489887806018183168,false,4
twitter15,522815405451407360,unverified,2
twitter15,514148279601606656,true,6
twitter15,504106473467944960,true,19
twitter15,536540403109879809,true,1
twitter15,685232704774787072,non-rumor,5
twitter15,538218607822770176,true,7
twitter15,500389488217309184,unverified,16
twitter15,407179055763836928,true,4
twitter15,711994705333112832,unverified,3
twitter15,558312304753016832,unverified,2
twitter15,514555852351479808,false,3
twitter15,560474897013415936,false,2
twitter15,529088963420909569,false,2
twitter15,535315394127728641,false,4
twitter15,525088864416043008,true,6
twitter15,693125234317086720,non-rumor,21
twitter15,522684367647559681,unverified,9
twitter15,518192429153783808,false,1
twitter15,407169212428206080,true,1
twitter15,528357165677817856,true,7
twitter15,524699123971534848,true,8
twitter15,407212665350942720,true,3
twitter15,407231740764508161,true,1
twitter15,534763214106820608,false,4
twitter15,519530210795216896,true,4
twitter15,387050178932654080,false,5
twitter15,407244865018155008,true,2
twitter15,509152237503778816,false,4
twitter15,436160836524965891,true,6
twitter15,407159686786732032,true,4
twitter15,516545908813475841,unverified,27
twitter15,551128385850601472,true,5
twitter15,551097831851687938,true,4
twitter15,356297080169447425,false,1
twitter15,693452449173086210,non-rumor,14
twitter15,692734579141185536,non-rumor,7
twitter15,514109888138842113,true,2
twitter15,536827853669941248,true,4
twitter15,407198615137181696,true,4
twitter15,621025025806577664,non-rumor,4
twitter15,519275971758026752,true,9
twitter15,537484793882361856,unverified,3
twitter15,552848620375261184,unverified,12
twitter15,553960736964476928,false,10
twitter15,514540926640087040,false,5
twitter15,693032076543655936,non-rumor,25
twitter15,692134721195786240,non-rumor,10
twitter15,407169699559247872,true,5
twitter15,517053056211357696,true,2
twitter15,500354773133299713,unverified,3
twitter15,542600886653292545,false,3
twitter15,407231591191035904,true,2
twitter15,552457656666185728,true,3
twitter15,364589696573124609,false,6
twitter15,348209998565879810,false,5
twitter15,648993731169939456,unverified,2
twitter15,692816955837804544,non-rumor,9
twitter15,568075025418317826,true,11
twitter15,514098803347951616,true,10
twitter15,727623131494387714,unverified,13
twitter15,687956181646753792,non-rumor,5
twitter15,516856061182345216,false,3
twitter15,535474861616148480,true,1
twitter15,500288349924782080,unverified,7
twitter15,763524712853102596,unverified,8
twitter15,377519445578895360,false,1
twitter15,570405783306944514,false,4
twitter15,524168442841010176,false,12
twitter15,336913656921083904,true,6
twitter15,562090534945431552,true,5
twitter15,427690961280696320,true,5
twitter15,723521076446142465,unverified,2
twitter15,536808074431184896,true,3
twitter15,524952094986350592,true,4
twitter15,533811170889568256,unverified,11
twitter15,547670441754914816,unverified,5
twitter15,761027420849745920,non-rumor,3
twitter15,520299904934371328,true,2
twitter15,407162181059612672,true,3
twitter15,525305690257379328,true,3
twitter15,524186749002473472,false,3
twitter15,507354546041925632,false,10
twitter15,553164985460068352,unverified,13
twitter15,544698560655400961,false,11
twitter15,514483762566922240,false,3
twitter15,506118402466152449,false,3
twitter15,689214940679409664,non-rumor,11
twitter15,532602376398462976,true,1
twitter15,550279538278543360,unverified,6
twitter15,532206910796468224,false,2
twitter15,549927969032916993,unverified,1
twitter15,525327108520673281,unverified,8
twitter15,357299879070023680,false,3
twitter15,728038172270198787,unverified,2
twitter15,372489152903643136,false,2
twitter15,516358319317852160,unverified,4
twitter15,513749585391390720,true,5
twitter15,690145844318834689,non-rumor,5
twitter15,407292452060815360,true,3
twitter15,365052155385749505,false,5
twitter15,717081129627553792,unverified,2
twitter15,519867098945044480,false,12
twitter15,520244836084228096,false,9
twitter15,525301290218553344,true,9
twitter15,534461459938304001,false,2
twitter15,687639526282498049,non-rumor,11
twitter15,650254360727973889,unverified,1
twitter15,427780584979836929,true,5
twitter15,693216311502073856,non-rumor,4
twitter15,538256153080127489,true,1
twitter15,537006518118273025,true,5
twitter15,514039286845698048,true,3
twitter15,500270780832174080,unverified,9
twitter15,524926472432410625,unverified,4
twitter15,358591089462099968,false,3
twitter15,544457299667202048,false,4
twitter15,712223438698627073,unverified,4
twitter15,407209892013821952,true,1
twitter15,553461741917863936,unverified,13
twitter15,348204426659508226,true,11
twitter15,427666815842414592,true,6
twitter15,563117355254161408,true,8
twitter15,524191650420367360,false,4
twitter15,519078654635409410,true,9
twitter15,553271856786968576,false,11
twitter15,730516765525082112,unverified,4
twitter15,489816746405007360,false,1
twitter15,580320684305416192,unverified,1
twitter15,445495350171013120,true,1
twitter15,504478567062056962,false,3
twitter15,520132836594970625,false,2
twitter15,531531382611513344,unverified,10
twitter15,542423103834296323,false,5
twitter15,540333359793451008,false,2
twitter15,691616143161819136,non-rumor,2
twitter15,357300409292959744,false,7
twitter15,524757333608394752,true,16
twitter15,684118654418419712,non-rumor,5
twitter15,553040930144792576,false,7
twitter15,505611045897924608,false,2
twitter15,427831952826449920,true,2
twitter15,531129816389779456,true,6
twitter15,576319832800555008,unverified,7
twitter15,531900034863091712,false,1
twitter15,427662266993889280,true,8
twitter15,538975342011363328,false,11
twitter15,550284252672450560,unverified,6
twitter15,763430916236640256,unverified,4
twitter15,693631772639145984,non-rumor,6
twitter15,653432177632387072,unverified,8
twitter15,524925033626738688,true,5
twitter15,653285570383335424,unverified,1
twitter15,760109079133990912,unverified,10
twitter15,380055172896272384,false,1
twitter15,427725166127226881,true,2
twitter15,521727831307722753,false,3
twitter15,531568534066057217,false,1
twitter15,407209222850756608,true,1
twitter15,524291188422356993,true,2
twitter15,436089462326849536,false,2
twitter15,524929106987991040,true,7
twitter15,523943647449198592,true,5
twitter15,706933939953344514,unverified,1
twitter15,728013148788154368,unverified,3
twitter15,553016500492439552,false,6
twitter15,766719302401613825,non-rumor,2
twitter15,522321383716818944,true,8
twitter15,759653274605740032,non-rumor,5
twitter15,504830161993609216,false,1
twitter15,547509900130021377,false,4
twitter15,714560810266132480,unverified,4
twitter15,727982226290442240,unverified,7
twitter15,407269894938718208,true,1
twitter15,489829414704648192,false,1
twitter15,352075672543428608,false,3
twitter15,537913349338435584,true,7
twitter15,537378640653475841,false,2
twitter15,522468118082633729,unverified,4
twitter15,532851585408593920,false,1
twitter15,527947775905103872,true,2
twitter15,531161914689482752,true,2
twitter15,407290084593913856,true,2
twitter15,295944137948151809,false,4
twitter15,556541489388724224,unverified,5
twitter15,531183173443801088,true,4
twitter15,699252269414354944,non-rumor,5
twitter15,407198255793987584,true,1
twitter15,752965545528528898,unverified,4
twitter15,723365789378584578,unverified,3
twitter15,407232661107642368,true,3
twitter15,549599086073368576,false,4
twitter15,569908998717243392,false,1
twitter15,407167928313081856,true,2
twitter15,544567299102244864,false,2
twitter15,407174474207731712,true,1
twitter15,407173794583695360,true,5
twitter15,691976624665919488,non-rumor,4
twitter15,489794593580650497,false,5
twitter15,658755852199927808,unverified,3
twitter15,407217865973329920,true,2
twitter15,536991428694376448,true,1
twitter15,407158558158254081,true,7
twitter15,407187197427593217,true,2
twitter15,559787890402541568,false,3
twitter15,364383457545162754,false,8
twitter15,714755546285477888,unverified,1
twitter15,536504515843727361,true,4
twitter15,547803254516490240,false,5
twitter15,407217471473451008,true,1
twitter15,728207861050970112,unverified,1
twitter15,407253554039386112,true,1
twitter15,372914976102834176,false,5
twitter15,724661834419048448,unverified,1
twitter15,690915657106526208,non-rumor,3
twitter15,547587399728267264,unverified,4
twitter15,534337548680978432,false,2
twitter15,732004388181434368,unverified,1
twitter15,509463933564891137,true,2
twitter15,550038665653542913,false,3
twitter15,651809229842608128,unverified,1
twitter15,532007252677656576,false,2
twitter15,552112474913136641,false,5
twitter15,407164597511393280,true,1
twitter15,722885778448121857,unverified,2
twitter15,80084555733803009,false,2
twitter15,687630364936957952,non-rumor,4
twitter15,407236151167025152,true,1
twitter15,523655026485366784,true,1
twitter15,380140114552188928,false,3
twitter15,504304227246538752,true,2
twitter15,658938136299511808,unverified,3
twitter15,407189015582887936,true,1
twitter15,407253198395555840,true,4
twitter15,531973383198887936,false,2
twitter15,547101266313089024,false,1
twitter15,407170443443859456,true,1
twitter15,514420223873941504,true,6
twitter15,743126914794037248,unverified,1
twitter15,532239131540467712,false,5
twitter15,514067907475959808,false,4
twitter15,450341615979069440,false,3
twitter15,723772395211862016,unverified,2
twitter15,687617323235147776,non-rumor,4
twitter15,557621135320178688,false,2
twitter15,535282587325833216,unverified,7
twitter15,356437941641416705,false,2
twitter15,407290871856369664,true,1
twitter15,528607634099015680,true,2
twitter15,553098571323437056,false,1
twitter15,427846006600777729,true,5
twitter15,549964632883232768,unverified,2
twitter15,521663202183348224,false,2
twitter15,692024256520179712,non-rumor,2
twitter15,548672230134382592,false,1
twitter15,534205316620382208,true,3
twitter15,693686290408181760,non-rumor,3
twitter15,500284699546517505,unverified,4
twitter15,509478961705807872,true,2
twitter15,568905632998412288,false,6
twitter15,531565935128498176,false,3
twitter15,714851393861881857,unverified,4
twitter15,568580363339091968,false,3
twitter15,513015596879867904,false,1
twitter15,495583434954514432,false,4
twitter15,531676808836833280,true,1
twitter15,703234354579898368,unverified,1
twitter15,513779458340569088,true,1
twitter15,568568737621630977,false,3
twitter15,524881688825167872,false,3
twitter15,514517213022543872,false,3
twitter15,707786906189303808,unverified,1
twitter15,407185422523977728,true,1
twitter15,510286132568150016,false,1
twitter15,455525437351800832,false,1
twitter15,407192027714322432,true,1
twitter15,523098334421319680,false,1
twitter15,547807913671405568,false,1
twitter15,693804630615166977,non-rumor,4
twitter15,407264593027670016,true,1
twitter15,519965814175567872,false,3
twitter15,334722003057647616,false,1
twitter15,407205404075376640,true,2
twitter15,760928376668454912,unverified,1
twitter15,436195672677953536,false,1
twitter15,489865454312099840,false,2
twitter15,532559937269166080,false,1
twitter15,537355288295518210,false,2
twitter15,562313802369073153,true,5
twitter15,319166636902998016,false,1
twitter15,724624672604610562,unverified,1
twitter15,407169885345943552,true,1
twitter15,495366618818830336,false,3
twitter15,689650617464311813,non-rumor,3
twitter15,525711899359318016,false,1
twitter15,407209131351629824,true,2
twitter15,524646141938647043,false,1
twitter15,686701278785843200,non-rumor,1
twitter15,407229989902225408,true,1
twitter15,505369323922522113,false,1
twitter15,407205235682050048,true,1
twitter15,521717368264093696,false,2
twitter15,536962520477470720,true,2
twitter15,528242965915779072,true,2
twitter15,616686132387028992,non-rumor,1
twitter15,407192370040803329,true,2
twitter15,524317344730869760,false,1
twitter15,407205009676587009,true,1
twitter15,387041762331471872,false,3
twitter15,504448356584677377,false,2
twitter15,436146437530075136,true,1
twitter15,513437031020916738,false,1
twitter15,763428684850094080,unverified,1
twitter15,633397936563560449,non-rumor,1
twitter15,536835346932441088,true,1
twitter15,407197113286545409,true,1
twitter15,496698590153416704,false,1
twitter15,539115704285270017,false,1
twitter15,536105045545472000,true,2
twitter15,435998882250899456,false,1
twitter15,723644048867774464,unverified,2
twitter15,407234399093022720,true,1
twitter15,505657661120348163,false,1
twitter15,531648145613398016,true,1
twitter15,570341828479725570,false,1
twitter15,407237676350185475,true,1
twitter15,519929168864497664,false,2
twitter15,407218583135997953,true,1
twitter15,507634536176300032,false,1
twitter15,489802446001434625,false,1
twitter15,407213757048160256,true,1
twitter15,532319110458118144,false,1
twitter15,356310469390245888,false,1
twitter15,436157173161144321,false,1
twitter15,407164247768977409,true,1
twitter15,524320261667950592,false,1
twitter15,504652021601800193,false,1
twitter15,356268980211687424,false,1
twitter15,532259028152246272,false,2
twitter15,523126268603031552,true,1
twitter15,407191058108256257,true,1
twitter15,553264892799488000,false,2
twitter15,515598200796090369,true,1
twitter15,80080680482123777,false,1
twitter15,547514662695469057,unverified,1
twitter15,407258075502899200,true,1
twitter15,436074888638763008,false,1
twitter15,553103772852191233,false,1
twitter15,504500863944376321,false,1
twitter15,436215971272212480,false,1
twitter15,407233172380733441,true,1
twitter15,506656271517622272,false,1
twitter15,489796088338341888,false,2
twitter15,407161635439013888,true,1
twitter15,550175324634619904,unverified,2
twitter15,655815788675399680,unverified,1
twitter15,547158281005719552,false,1
twitter15,684878165714563072,non-rumor,1
twitter15,524144369235140608,false,2
twitter15,407182194206322689,true,1
twitter15,728273551883534336,unverified,1
twitter15,538861627018579968,false,1
twitter15,407156621450571777,true,1
twitter16,748543642323783681,unverified,72
twitter16,612646796355960832,false,20
twitter16,755548076438196225,unverified,35
twitter16,726190016435728385,unverified,45
twitter16,544391533240516608,true,6
twitter16,693586539562037248,non-rumor,24
twitter16,643103859729166337,false,67
twitter16,692748411481780224,non-rumor,92
twitter16,692702295281262593,non-rumor,94
twitter16,682895395077373952,non-rumor,1
twitter16,692150118921957376,non-rumor,13
twitter16,668872645589471232,false,63
twitter16,707604196812591104,unverified,10
twitter16,688819658057740290,non-rumor,100
twitter16,544301453717041152,true,25
twitter16,774833492865593344,unverified,32
twitter16,614624331717545984,true,31
twitter16,693827886021767169,non-rumor,52
twitter16,692550140754841603,non-rumor,28
twitter16,693441093048766464,non-rumor,19
twitter16,544511199702822913,true,10
twitter16,614595106906226688,true,37
twitter16,692758050378256388,non-rumor,16
twitter16,525019752507658240,true,36
twitter16,716439952922312704,unverified,48
twitter16,692630756548591616,non-rumor,80
twitter16,689915847939219456,non-rumor,70
twitter16,767814876433571840,non-rumor,84
twitter16,690650123358093312,non-rumor,108
twitter16,767541796410839040,non-rumor,122
twitter16,761573188543229952,non-rumor,91
twitter16,716424773216022530,unverified,41
twitter16,524936872666353664,true,26
twitter16,677099574855639044,false,9
twitter16,690042063958732800,non-rumor,75
twitter16,778299287293816832,unverified,31
twitter16,525049639016615937,true,4
twitter16,657007736467525632,false,58
twitter16,642027433693171712,false,33
twitter16,714555825122107392,unverified,4
twitter16,692758581494599681,non-rumor,33
twitter16,725983128444129280,unverified,55
twitter16,652882609219833856,false,31
twitter16,692083780123783172,non-rumor,16
twitter16,731093044460683264,unverified,16
twitter16,733242244522725376,unverified,33
twitter16,747275598347837440,unverified,38
twitter16,544367462012432384,true,8
twitter16,690376107825192960,non-rumor,97
twitter16,688366079396163584,non-rumor,165
twitter16,544278985249550337,true,8
twitter16,692665281362202624,non-rumor,3
twitter16,553587013409325058,true,73
twitter16,673615400655970304,false,78
twitter16,701975210044497921,unverified,52
twitter16,651959206287908868,false,18
twitter16,544314234541469696,true,11
twitter16,755447443009916929,unverified,12
twitter16,693761289601060864,non-rumor,111
twitter16,692623941131722752,non-rumor,60
twitter16,693059995013742592,non-rumor,53
twitter16,691285663522648065,non-rumor,105
twitter16,661222523275636736,false,16
twitter16,674263945172119552,true,75
twitter16,633961125126668288,false,31
twitter16,692410832307818497,non-rumor,39
twitter16,614054616154550273,false,30
twitter16,672424512516964352,false,40
twitter16,619242759359037440,true,6
twitter16,693555965019492352,non-rumor,102
twitter16,707405809181917184,unverified,13
twitter16,765887221736046592,unverified,24
twitter16,693086478667112448,non-rumor,14
twitter16,663385747177775105,false,26
twitter16,642145732435292160,false,57
twitter16,693906624776245249,non-rumor,66
twitter16,744390771869102080,unverified,44
twitter16,724939017410727938,unverified,42
twitter16,743058135300988932,unverified,33
twitter16,650046859537448960,true,17
twitter16,675005503160901632,false,26
twitter16,767709416879644672,non-rumor,25
twitter16,764906140257837056,non-rumor,52
twitter16,766541461189832704,non-rumor,65
twitter16,767203096472719364,non-rumor,19
twitter16,689938201193115648,non-rumor,91
twitter16,715268937873760256,unverified,13
twitter16,757367391202471937,unverified,7
twitter16,544476808566276097,true,10
twitter16,697992796565741569,unverified,92
twitter16,727834854931435522,unverified,126
twitter16,715256242990505984,unverified,35
twitter16,661251968078221312,false,23
twitter16,688755462783782912,non-rumor,60
twitter16,778530869208190976,unverified,26
twitter16,780882510645370880,unverified,85
twitter16,553160652567498752,true,5
twitter16,688021039322894336,non-rumor,86
twitter16,693203974388895744,non-rumor,23
twitter16,692691444046372865,non-rumor,46
twitter16,724320681517670400,unverified,43
twitter16,693771953648373760,non-rumor,10
twitter16,666051332504207360,false,14
twitter16,628319096606732290,true,19
twitter16,669201837187334144,false,62
twitter16,692753210692476928,non-rumor,59
twitter16,672169954016403456,false,36
twitter16,669259395902152704,false,14
twitter16,742050150307246080,unverified,25
twitter16,676094756758364160,false,59
twitter16,676955015265837056,non-rumor,9
twitter16,688741019979001856,non-rumor,116
twitter16,691632238035886081,non-rumor,73
twitter16,727854332188577792,unverified,62
twitter16,690680149164085248,non-rumor,94
twitter16,693893182338289664,non-rumor,13
twitter16,623533663947517952,true,44
twitter16,725070832494624769,unverified,42
twitter16,775672628493357057,unverified,60
twitter16,642465192408940544,true,58
twitter16,580348081100734464,true,48
twitter16,687643002240679936,non-rumor,69
twitter16,688752927381581824,non-rumor,81
twitter16,692071267189395457,non-rumor,87
twitter16,740748123581087745,unverified,59
twitter16,524952883343925249,true,49
twitter16,732981604826677249,unverified,10
twitter16,766323684076322816,non-rumor,37
twitter16,689641419825242112,non-rumor,71
twitter16,638050997340893184,false,29
twitter16,763964234774347776,non-rumor,12
twitter16,726086935903494144,unverified,21
twitter16,692929779696275456,non-rumor,52
twitter16,544290258951892992,true,13
twitter16,762793077509464064,non-rumor,59
twitter16,655080266784968705,false,18
twitter16,524965775036387329,true,4
twitter16,715515982584881152,unverified,52
twitter16,693456187036037123,non-rumor,21
twitter16,760120409429643266,unverified,22
twitter16,689860942671130624,non-rumor,83
twitter16,692911086920667136,non-rumor,21
twitter16,715264793737879553,unverified,10
twitter16,693651239486263296,non-rumor,71
twitter16,672433211604013057,false,135
twitter16,693141729529184256,non-rumor,60
twitter16,687984820815851521,non-rumor,13
twitter16,724703995147751424,unverified,19
twitter16,693013768738115584,non-rumor,59
twitter16,552805488631758849,true,27
twitter16,705092738224525312,unverified,11
twitter16,544305540286148609,true,12
twitter16,767092161716350980,non-rumor,42
twitter16,767710042816602112,non-rumor,68
twitter16,764931593303646208,unverified,51
twitter16,676586804242309121,unverified,11
twitter16,749039299677417472,unverified,10
twitter16,544512664769396736,true,11
twitter16,647169726158925824,false,32
twitter16,673615263040798726,false,27
twitter16,715253497462145024,unverified,29
twitter16,690106189951139840,non-rumor,120
twitter16,553587672137334785,true,23
twitter16,692752491482615808,non-rumor,30
twitter16,716092408920936448,unverified,51
twitter16,742012307694223361,unverified,28
twitter16,676067381299576832,false,54
twitter16,725174535897620481,unverified,27
twitter16,732971411157880832,unverified,13
twitter16,757748522481491968,unverified,48
twitter16,647169573599449088,false,14
twitter16,715254040289021952,unverified,15
twitter16,524943490887991296,true,9
twitter16,693087220459270144,non-rumor,63
twitter16,665364878287224834,false,44
twitter16,692163879909064704,non-rumor,11
twitter16,615689290706595840,true,21
twitter16,691995324752252930,non-rumor,10
twitter16,692826642583019521,non-rumor,24
twitter16,692540218310803456,non-rumor,39
twitter16,632377165477191680,true,55
twitter16,674014933235859456,false,34
twitter16,641443248909754368,false,12
twitter16,707308274270539777,unverified,14
twitter16,544319274072817664,true,8
twitter16,614614133410033664,true,15
twitter16,742055437932040193,unverified,96
twitter16,693648684857323521,non-rumor,18
twitter16,654371696195993600,false,2
twitter16,693080409282846720,non-rumor,26
twitter16,767459987476054016,non-rumor,36
twitter16,724603564946010112,unverified,30
twitter16,689267711856263168,non-rumor,84
twitter16,553476880339599360,true,12
twitter16,765859710503378944,non-rumor,92
twitter16,701514249269542912,unverified,20
twitter16,524944399890124801,true,23
twitter16,686666933949837312,non-rumor,14
twitter16,727172374999666688,unverified,59
twitter16,727116900983934976,unverified,22
twitter16,640118021101604864,unverified,7
twitter16,764497123530375169,non-rumor,134
twitter16,693939356390653952,non-rumor,29
twitter16,552834961762709505,true,13
twitter16,651786568592658433,unverified,8
twitter16,552791196247269378,true,10
twitter16,676870737932742656,false,17
twitter16,693897857376632832,non-rumor,31
twitter16,693146363685642240,non-rumor,10
twitter16,728207861050970112,unverified,2
twitter16,661120256732041216,false,24
twitter16,693281966846808064,non-rumor,26
twitter16,544399927045283840,true,44
twitter16,613061089518034944,false,4
twitter16,692157602554343424,non-rumor,6
twitter16,641430951403343872,false,2
twitter16,692368829368918017,non-rumor,68
twitter16,765359928361922560,non-rumor,21
twitter16,671181758692507648,false,19
twitter16,759460236042305536,unverified,13
twitter16,741995157969592321,unverified,43
twitter16,693641113693884416,non-rumor,26
twitter16,672632863452299264,false,22
twitter16,655986243042459648,false,57
twitter16,693466724822323200,non-rumor,31
twitter16,652349108653551616,unverified,9
twitter16,767855091109863424,non-rumor,73
twitter16,544518335019229184,true,10
twitter16,716451800581279744,unverified,120
twitter16,766789709045518336,unverified,11
twitter16,604642913188872192,false,7
twitter16,692014905239666688,non-rumor,48
twitter16,663817239896821760,false,13
twitter16,767861179951648768,non-rumor,62
twitter16,766568413418356736,non-rumor,86
twitter16,652783670370115585,false,59
twitter16,693128224960856064,non-rumor,29
twitter16,693858804279201794,non-rumor,33
twitter16,693843042546106369,non-rumor,57
twitter16,661229627734667264,false,42
twitter16,692803280238419971,non-rumor,32
twitter16,716461257025581056,unverified,62
twitter16,647168914955243520,false,28
twitter16,693466451081060353,non-rumor,34
twitter16,628604055644934144,true,7
twitter16,693185853867294721,non-rumor,34
twitter16,689890946683576322,non-rumor,107
twitter16,755439197125767169,unverified,21
twitter16,614609560658161664,true,20
twitter16,751536167183613952,unverified,23
twitter16,682999206290829312,non-rumor,4
twitter16,730939370765754368,unverified,39
twitter16,687409983139495939,non-rumor,37
twitter16,674015148382666752,false,35
twitter16,714998347111669760,unverified,157
twitter16,707420972173955072,unverified,7
twitter16,681199637387149313,non-rumor,29
twitter16,707321278135463936,unverified,28
twitter16,650128194209730561,true,20
twitter16,666497286663503872,false,21
twitter16,742571519105077248,unverified,18
twitter16,614645853291155457,true,6
twitter16,693321561542127616,non-rumor,39
twitter16,765779159176077312,non-rumor,83
twitter16,673686233936072704,false,35
twitter16,755523157700648960,unverified,17
twitter16,692393375891361794,non-rumor,61
twitter16,763430916236640256,unverified,13
twitter16,742678930516123650,unverified,37
twitter16,693573781730783232,non-rumor,20
twitter16,690969315470868480,non-rumor,32
twitter16,674364257799004160,false,22
twitter16,614599815280857088,true,12
twitter16,613194145423826944,false,20
twitter16,637873886072320001,false,17
twitter16,614593386188828672,true,22
twitter16,763520953619918848,unverified,21
twitter16,524926235030589440,true,14
twitter16,692516224245235712,non-rumor,72
twitter16,692082592380751874,non-rumor,15
twitter16,544350712365207552,true,9
twitter16,726442550266044416,unverified,18
twitter16,693196937172951040,non-rumor,22
twitter16,544358533819420672,true,13
twitter16,701872343736520704,unverified,99
twitter16,525023025792835585,true,9
twitter16,701175292937707520,unverified,13
twitter16,614610920782888960,true,76
twitter16,614594195479752704,true,18
twitter16,553587303172833280,true,47
twitter16,686657138270277634,non-rumor,12
twitter16,544282005941530624,true,8
twitter16,747443219487678464,unverified,18
twitter16,524966904885428226,true,10
twitter16,614620298877513729,true,14
twitter16,728631482722308096,unverified,29
twitter16,660466342038867969,false,16
twitter16,656662726014599168,false,12
twitter16,650037735579910145,true,24
twitter16,648310692794109952,false,58
twitter16,767807335691653120,non-rumor,38
twitter16,707305999971921920,unverified,33
twitter16,765739657908850688,unverified,11
twitter16,544352727971954690,true,28
twitter16,622891631293935616,false,48
twitter16,692735698349199360,non-rumor,98
twitter16,767698691205410816,non-rumor,83
twitter16,651486105628463105,unverified,3
twitter16,692023855926374400,non-rumor,71
twitter16,766752508312166402,non-rumor,59
twitter16,552806757672964097,true,15
twitter16,614638036593299456,true,12
twitter16,693818562981421056,non-rumor,16
twitter16,714577521992343552,unverified,3
twitter16,553506608203169792,true,46
twitter16,674301413040758785,false,14
twitter16,693826104633737217,non-rumor,13
twitter16,693041285087756288,non-rumor,27
twitter16,692820029159653377,non-rumor,9
twitter16,614790312955904000,true,16
twitter16,743764020679741440,unverified,26
twitter16,613425834301485056,false,8
twitter16,649974380416618496,true,20
twitter16,692845716826300418,non-rumor,64
twitter16,728625967921401856,unverified,7
twitter16,613114185505996802,false,20
twitter16,552793679082311680,true,9
twitter16,760109079133990912,unverified,15
twitter16,649881917534433280,true,21
twitter16,716448280201269248,unverified,18
twitter16,649985459389661184,true,25
twitter16,674244561519161344,false,10
twitter16,676367888543031296,true,14
twitter16,767859423150759936,non-rumor,16
twitter16,692498490249891842,non-rumor,54
twitter16,616311563071434753,true,4
twitter16,544491151118860289,true,9
twitter16,672906198434209792,false,16
twitter16,763428684850094080,unverified,7
twitter16,524959809402331137,true,18
twitter16,553590459688570880,true,88
twitter16,656361703664451585,unverified,4
twitter16,692106491365605376,non-rumor,41
twitter16,729647367457230850,unverified,7
twitter16,643225207705075716,false,53
twitter16,524935485370929152,true,6
twitter16,663744139666804736,unverified,49
twitter16,674229534888185856,false,9
twitter16,613023744454475776,false,40
twitter16,651402689352351744,false,30
twitter16,656818921979310081,false,2
twitter16,723198441690636288,non-rumor,15
twitter16,712223438698627073,unverified,4
twitter16,727588444000526336,unverified,43
twitter16,553543369604210689,true,8
twitter16,645356735545364480,false,1
twitter16,758825535480864769,unverified,13
twitter16,615346611955183616,false,13
twitter16,693534670428971008,non-rumor,29
twitter16,553589051044151296,true,6
twitter16,614595181845839873,true,40
twitter16,714503380476026880,unverified,21
twitter16,724348906096590849,unverified,34
twitter16,672488384695279616,false,35
twitter16,636925368927064064,false,5
twitter16,672632899921833984,false,48
twitter16,767754921403899906,non-rumor,46
twitter16,693167683701968896,non-rumor,61
twitter16,755475529294352385,unverified,20
twitter16,727187859367546880,unverified,29
twitter16,553544694765215745,true,15
twitter16,711994705333112832,unverified,2
twitter16,693119705469587456,non-rumor,22
twitter16,658462819667615744,false,6
twitter16,524922729485848576,true,6
twitter16,748640007934590976,unverified,19
twitter16,673696115305406466,false,3
twitter16,751856580874960897,unverified,22
twitter16,656047932093763584,false,34
twitter16,675490515748425728,true,4
twitter16,777710439870455808,unverified,6
twitter16,552783667052167168,true,10
twitter16,641972184412327937,true,43
twitter16,552792802309181440,true,7
twitter16,661102820976930816,false,21
twitter16,675065047710892033,false,2
twitter16,692838430783332357,non-rumor,19
twitter16,692833140428017664,non-rumor,28
twitter16,662151653462790144,false,13
twitter16,553558982476828674,true,8
twitter16,693546915892428800,non-rumor,15
twitter16,666190716448587776,false,29
twitter16,553566026030272512,true,10
twitter16,612841482823729152,false,25
twitter16,674358835675549696,true,15
twitter16,524980744658382848,true,9
twitter16,749286768554438658,unverified,23
twitter16,666335363099660288,non-rumor,15
twitter16,727179214546456577,unverified,44
twitter16,693171092555431936,non-rumor,33
twitter16,644229386149888001,false,5
twitter16,615592870540488704,true,7
twitter16,637868242560638980,false,18
twitter16,672927317191229440,false,25
twitter16,672219174463275008,false,16
twitter16,553221600955621376,true,10
twitter16,672539897899577344,false,11
twitter16,524923462398513152,true,5
twitter16,615840865815298048,true,34
twitter16,544269749405097984,true,15
twitter16,693840291992838147,non-rumor,53
twitter16,756690088533393409,unverified,7
twitter16,648894687542034432,false,1
twitter16,654343805081157633,false,19
twitter16,525060425184858112,true,24
twitter16,692925396292091905,non-rumor,14
twitter16,658065957823324160,false,7
twitter16,748558349139058688,unverified,36
twitter16,666810213274689537,false,14
twitter16,664000310856310784,false,3
twitter16,692743102432346113,non-rumor,35
twitter16,667465205258051584,false,26
twitter16,691678576018657281,non-rumor,5
twitter16,723504069814444033,unverified,4
twitter16,767803368081358848,non-rumor,23
twitter16,544274934835707905,true,36
twitter16,731166399389962242,unverified,22
twitter16,723521076446142465,unverified,2
twitter16,665379967757324288,false,21
twitter16,651044059222556674,unverified,2
twitter16,525056576038518785,true,51
twitter16,553531413459660800,true,15
twitter16,693857080193761285,non-rumor,24
twitter16,614594259900080128,true,14
twitter16,616421546702336000,true,7
twitter16,716416753409081344,unverified,19
twitter16,715671763808493569,unverified,12
twitter16,693135382309896192,non-rumor,30
twitter16,626642648179159040,false,6
twitter16,688446106943008768,non-rumor,10
twitter16,544515538383564801,true,7
twitter16,691608761128067072,non-rumor,5
twitter16,544319832486064128,true,20
twitter16,763896522790440960,unverified,13
twitter16,524923676484177920,true,6
twitter16,688751061503442944,non-rumor,63
twitter16,661870323034431489,false,7
twitter16,552832817089236992,true,8
twitter16,693061713042771968,non-rumor,31
twitter16,544271362022338560,true,8
twitter16,663515735231062016,false,34
twitter16,723511860516016128,unverified,9
twitter16,676718762830221312,false,2
twitter16,693691456222052352,non-rumor,12
twitter16,645711628046995462,false,7
twitter16,616481759329427456,true,16
twitter16,641082932740947972,true,24
twitter16,553534838880608256,true,21
twitter16,778681502825451520,unverified,10
twitter16,544283772569788416,true,10
twitter16,667487418388488192,true,13
twitter16,693181857261719553,non-rumor,28
twitter16,673664899571060736,false,18
twitter16,618804516578680832,false,15
twitter16,665361505303584774,false,13
twitter16,612438528803213312,false,33
twitter16,659428447459110912,false,9
twitter16,682996350909157376,non-rumor,18
twitter16,716457799392342018,unverified,24
twitter16,614599619310407680,true,18
twitter16,544271284796784640,true,13
twitter16,723025600810766336,non-rumor,15
twitter16,649889459836710912,true,21
twitter16,654351281260113920,false,8
twitter16,692797856386777089,non-rumor,24
twitter16,675193315306905600,false,8
twitter16,544374511194632192,true,12
twitter16,672180526946656256,false,21
twitter16,544278335455776769,true,19
twitter16,764368020391223296,unverified,14
twitter16,544517264054423552,true,9
twitter16,544289311504355328,true,5
twitter16,701539698452393986,unverified,17
twitter16,692874200927698945,non-rumor,29
twitter16,644329878876237824,non-rumor,17
twitter16,675043569367982081,false,14
twitter16,580324027715063808,true,1
twitter16,498430783699554305,true,20
twitter16,767561970182598657,non-rumor,27
twitter16,620971220301787136,false,3
twitter16,691789524498845699,non-rumor,27
twitter16,553586897168392192,true,25
twitter16,692078399012130816,non-rumor,17
twitter16,752875379765968897,unverified,17
twitter16,693086218276474880,non-rumor,14
twitter16,553588178687655936,true,10
twitter16,723477822950395904,unverified,7
twitter16,675064077367005184,false,7
twitter16,673611867181473792,false,18
twitter16,620916279608651776,false,3
twitter16,647464349611589632,false,22
twitter16,693140340367187969,non-rumor,20
twitter16,649903655160815616,true,26
twitter16,766715993385267201,non-rumor,14
twitter16,778949749156245504,unverified,9
twitter16,705093513076015104,unverified,11
twitter16,707310135291416576,unverified,9
twitter16,659462980476637184,false,9
twitter16,614605997953404929,true,16
twitter16,673581371458199552,false,16
twitter16,687748306571804672,non-rumor,12
twitter16,763738618573623297,unverified,20
twitter16,693853310479155200,non-rumor,12
twitter16,544512108885725184,true,14
twitter16,693935557009801218,non-rumor,21
twitter16,553508098825261056,true,17
twitter16,665358434351509504,false,20
twitter16,653432177632387072,unverified,8
twitter16,767129248045948929,non-rumor,13
twitter16,611039775856812032,false,9
twitter16,614650850393391104,true,3
twitter16,693265096278163456,non-rumor,11
twitter16,614615157730357248,true,6
twitter16,662430295254175744,false,20
twitter16,652300118205427716,unverified,11
twitter16,726043971911213057,unverified,17
twitter16,626898253900943360,false,1
twitter16,544268732046913536,true,4
twitter16,553107921081749504,true,8
twitter16,693060960001597440,non-rumor,24
twitter16,524962142563610625,true,5
twitter16,614608936491188225,true,9
twitter16,681767380305985536,false,8
twitter16,673872171341447169,false,12
twitter16,544358564484378624,true,7
twitter16,693502060545703937,non-rumor,46
twitter16,693869818366287872,non-rumor,11
twitter16,693804277031157761,non-rumor,36
twitter16,614617234942656512,true,24
twitter16,780436430732525569,unverified,21
twitter16,626901072209121282,false,1
twitter16,640967537178472448,true,13
twitter16,661299012386095105,false,13
twitter16,757190314880884736,unverified,10
twitter16,544282227035869184,true,10
twitter16,714531423273746432,unverified,11
twitter16,653250169752977408,false,19
twitter16,544391176137089024,true,15
twitter16,614604580601597953,true,9
twitter16,544380742076088320,true,13
twitter16,544350567183556608,true,10
twitter16,626739062792032256,false,5
twitter16,706933939953344514,unverified,2
twitter16,682916727282270208,non-rumor,7
twitter16,656811196218286080,false,6
twitter16,693076140278153217,non-rumor,19
twitter16,714811995573325828,unverified,11
twitter16,778625026144792577,unverified,6
twitter16,707332312724283392,unverified,20
twitter16,524925050739490816,true,10
twitter16,544289409294553088,true,6
twitter16,620835698514464768,false,1
twitter16,634404792241143809,false,20
twitter16,692701223326056449,non-rumor,18
twitter16,612741808125120513,false,12
twitter16,693129259334909952,non-rumor,20
twitter16,763524712853102596,unverified,18
twitter16,544329935943237632,true,15
twitter16,761999790892806144,non-rumor,55
twitter16,544324444773433348,true,12
twitter16,627828211003469825,false,4
twitter16,693476774462820352,non-rumor,36
twitter16,524931324763992064,true,5
twitter16,633949800761700352,false,19
twitter16,544513524438155264,true,7
twitter16,614648099542204416,true,9
twitter16,614604054552018944,true,18
twitter16,663722803489808384,false,8
twitter16,614594667225571328,true,13
twitter16,672432930426372096,false,28
twitter16,688004802245214208,non-rumor,12
twitter16,666633171325353989,false,26
twitter16,656202544331517952,false,6
twitter16,666640008149925893,false,6
twitter16,706665777332621314,unverified,10
twitter16,778572032531427332,unverified,8
twitter16,655812191233417216,unverified,1
twitter16,714567472712589312,unverified,25
twitter16,552802654641225728,true,3
twitter16,692884886374318081,non-rumor,22
twitter16,656825206045020160,false,7
twitter16,552984502063337472,true,15
twitter16,693857551620968448,non-rumor,19
twitter16,693471161313816576,non-rumor,16
twitter16,662381914842603520,false,17
twitter16,614610364702044164,true,10
twitter16,656870311057575936,false,8
twitter16,658755852199927808,unverified,3
twitter16,613016993692798977,false,8
twitter16,640182854928961536,unverified,6
twitter16,692890520960397312,non-rumor,28
twitter16,628681462976528384,true,7
twitter16,544514564407427072,true,10
twitter16,658786161733734400,false,2
twitter16,552811386259386370,true,15
twitter16,650975967146602496,unverified,2
twitter16,665309822208729088,non-rumor,11
twitter16,715255507506892800,unverified,14
twitter16,740791134146965504,unverified,25
twitter16,666070802924617728,false,46
twitter16,544277117039837184,true,15
twitter16,614601139422633984,true,8
twitter16,552792544132997121,true,9
twitter16,728013148788154368,unverified,1
twitter16,693200309955469312,non-rumor,8
twitter16,645362146415525888,false,14
twitter16,544512676643500033,true,3
twitter16,692940257134653441,non-rumor,20
twitter16,714851393861881857,unverified,2
twitter16,652992524504600576,false,2
twitter16,650710483289419776,unverified,1
twitter16,693528374996652032,non-rumor,16
twitter16,756282236375277568,unverified,6
twitter16,525025463648137216,true,4
twitter16,524942470472548352,true,2
twitter16,727623131494387714,unverified,17
twitter16,714598641827246081,unverified,3
twitter16,500378223977721856,true,5
twitter16,647193820812177408,false,4
twitter16,524969201102901248,true,5
twitter16,653432261203750912,unverified,5
twitter16,707412869860696064,unverified,12
twitter16,525058976376193024,true,1
twitter16,688428083540553728,non-rumor,4
twitter16,672513234419638273,false,8
twitter16,693844030589902848,non-rumor,10
twitter16,544382892378714113,true,5
twitter16,553586860334010368,true,8
twitter16,614467824313106432,true,8
twitter16,681824512120324096,non-rumor,15
twitter16,614628865353351168,true,10
twitter16,693571567377342466,non-rumor,16
twitter16,553535829017370625,true,14
twitter16,553590835850514433,true,9
twitter16,687274510643511296,non-rumor,10
twitter16,779633844680962048,unverified,2
twitter16,652000523525091328,unverified,3
twitter16,553476490315431937,true,12
twitter16,524932935137628160,true,2
twitter16,757450526153900032,unverified,8
twitter16,616765822095261700,true,8
twitter16,673984270902427650,false,3
twitter16,640107106943766528,false,14
twitter16,732004388181434368,unverified,1
twitter16,745236050407194624,unverified,11
twitter16,615494435074363392,true,2
twitter16,765735409984806912,unverified,7
twitter16,651321040119963648,false,5
twitter16,524947674164760577,true,3
twitter16,668144671772778497,false,5
twitter16,656834590779289600,false,3
twitter16,614702244001382400,true,10
twitter16,766808183696351233,unverified,17
twitter16,614628136634949632,true,2
twitter16,693648675772436480,non-rumor,12
twitter16,730516765525082112,unverified,4
twitter16,628336948810268673,true,3
twitter16,525028734991343617,true,3
twitter16,752965545528528898,unverified,5
twitter16,641050980985999360,false,7
twitter16,672102358516670465,non-rumor,7
twitter16,637382230394822656,false,14
twitter16,676120162018451456,false,6
twitter16,656830586577883136,false,12
twitter16,766822417712963584,non-rumor,7
twitter16,728627623488786433,unverified,1
twitter16,693606934050684928,non-rumor,9
twitter16,693315824132685824,non-rumor,4
twitter16,553512735192141826,true,11
twitter16,672553813249826816,non-rumor,2
twitter16,714598318333042688,unverified,6
twitter16,692796451987034113,non-rumor,7
twitter16,618449248179191808,false,3
twitter16,600451916414484480,false,1
twitter16,724624672604610562,unverified,1
twitter16,693811101146963968,non-rumor,10
twitter16,544291965513134080,true,8
twitter16,728101712762834944,unverified,3
twitter16,623599854661541888,true,9
twitter16,689867195657101312,non-rumor,4
twitter16,650254360727973889,unverified,2
twitter16,693071538896162816,non-rumor,11
twitter16,651018580989972480,true,2
twitter16,618805892222468096,false,5
twitter16,691719802499432448,non-rumor,3
twitter16,552785375161499649,true,5
twitter16,552791578893619200,true,3
twitter16,714560810266132480,unverified,8
twitter16,613404935003217920,false,4
twitter16,689661418484994049,non-rumor,2
twitter16,656595123590012928,false,3
twitter16,674301960787505153,false,1
twitter16,723915846985342976,unverified,3
twitter16,524925215235911680,true,18
twitter16,641088973717110784,false,2
twitter16,648993731169939456,unverified,2
twitter16,723365789378584578,unverified,3
twitter16,544289941996326912,true,4
twitter16,668849913678209024,true,5
twitter16,727982226290442240,unverified,9
twitter16,656629493377990656,false,1
twitter16,672902686380003328,false,1
twitter16,544520273718812672,true,1
twitter16,613362193787129860,false,1
twitter16,674314254732931072,false,6
twitter16,544381485591982083,true,6
twitter16,614618682543616000,true,4
twitter16,524975705206304769,true,8
twitter16,614891047886434304,true,5
twitter16,722885778448121857,unverified,4
twitter16,676491949524713473,non-rumor,2
twitter16,614626710248534016,true,12
twitter16,626546123713474560,false,4
twitter16,724044187113512960,unverified,2
twitter16,692082861525078017,non-rumor,3
twitter16,723772395211862016,unverified,3
twitter16,613393657161510913,false,3
twitter16,618192748735299584,false,2
twitter16,693402634011701248,non-rumor,3
twitter16,614610102927147008,true,4
twitter16,623818627054206977,false,3
twitter16,728038172270198787,unverified,1
twitter16,674187250792558592,false,2
twitter16,723644048867774464,unverified,2
twitter16,743126914794037248,unverified,2
twitter16,641191076716417025,false,4
twitter16,614671961801785344,true,8
twitter16,544291804057960448,true,3
twitter16,651825062174195712,false,4
twitter16,614599587362414592,true,4
twitter16,656848877463560192,non-rumor,1
twitter16,626770498328895488,false,2
twitter16,687537772970684417,non-rumor,2
twitter16,667073349974102017,true,11
twitter16,672828403016429568,false,4
twitter16,649584608560832513,unverified,1
twitter16,524941132237910016,true,1
twitter16,663904307113275392,false,7
twitter16,658938136299511808,unverified,4
twitter16,594687353937100801,false,1
twitter16,707300612862566400,unverified,14
twitter16,652982112870662144,unverified,5
twitter16,622858454949040128,false,1
twitter16,633823543541768192,false,3
twitter16,656880145769197568,false,2
twitter16,638047610973089793,false,1
twitter16,604625816992002049,false,2
twitter16,552792913910833152,true,5
twitter16,665575674485211136,false,12
twitter16,614494170590367744,true,4
twitter16,742114513726623744,unverified,4
twitter16,620367840902782976,false,2
twitter16,760928376668454912,unverified,3
twitter16,703234354579898368,unverified,2
twitter16,656523458139045889,unverified,4
twitter16,673346166822694914,false,2
twitter16,614494460747997184,true,1
twitter16,613294443878305796,false,5
twitter16,650952376954650629,unverified,3
twitter16,614607711368519680,true,3
twitter16,669613420665159680,false,3
twitter16,524995771587108864,true,1
twitter16,628045645010608128,false,1
twitter16,653285570383335424,unverified,1
twitter16,631388553801564160,false,2
twitter16,640644123339431936,false,2
twitter16,658259426172891136,false,3
twitter16,663925546812837888,false,4
twitter16,666107476526432256,false,1
twitter16,674080899055546368,false,2
twitter16,626516248206135296,false,3
twitter16,778689027918618625,unverified,4
twitter16,642432477185867776,false,2
twitter16,656955120626880512,false,2
twitter16,681147789653356544,true,3
twitter16,727966590084485120,unverified,4
twitter16,525025279803424768,true,1
twitter16,659439879701602304,false,4
twitter16,634665777400950784,false,1
twitter16,604354747357859842,false,1
twitter16,524925987239120897,true,2
twitter16,690580180805509121,non-rumor,2
twitter16,614593989203886080,true,1
twitter16,717081129627553792,unverified,2
twitter16,643139873264812032,false,1
twitter16,765612862681255936,non-rumor,2
twitter16,641666167992647681,non-rumor,4
twitter16,626897206717624320,false,1
twitter16,629503919098429440,false,1
twitter16,667534186450825216,false,1
twitter16,673079581520318464,false,2
twitter16,635632641635667968,false,2
twitter16,629209452793626624,false,1
twitter16,655815788675399680,unverified,1
twitter16,614616994499788800,true,1
twitter16,544520042810200064,true,1
twitter16,634943791934406657,false,1
twitter16,651809229842608128,unverified,1
twitter16,654336219447472128,unverified,1
twitter16,655432919595548672,unverified,1
twitter16,728273551883534336,unverified,1
twitter16,714755546285477888,unverified,1
twitter16,525068915068923904,true,1
twitter16,544504183341064192,true,2
twitter16,707786906189303808,unverified,1
twitter16,724661834419048448,unverified,1
twitter16,667379734343471104,false,1
weibo,12124710868,false,4
weibo,3482294985747785,false,321
weibo,3541619364356112,false,191
weibo,3908462377925392,non-rumor,80
weibo,3570627077989345,false,442
weibo,3907953515992610,non-rumor,319
weibo,6143639461,false,23
weibo,3512001798299989,false,129
weibo,3911541390377243,non-rumor,59
weibo,3504387072468871,false,33
weibo,3911298078971633,non-rumor,212
weibo,3551137359312575,false,68
weibo,3577877700108915,false,305
weibo,3910921006618067,non-rumor,57
weibo,3637228884723056,false,151
weibo,3911258988203932,non-rumor,618
weibo,3515863422717161,false,718
weibo,3582621122374067,false,193
weibo,3573816145869148,false,38
weibo,3569663604882970,false,135
weibo,3628739004989294,non-rumor,329
weibo,3590501757933430,false,2396
weibo,3918890846916635,non-rumor,183
weibo,3918872128346481,non-rumor,29
weibo,3519366098842462,false,43
weibo,3605790654561737,false,397
weibo,3471820328261648,non-rumor,1086
weibo,3570358533599799,false,174
weibo,3592306826992142,false,132
weibo,3919271970863949,non-rumor,32
weibo,3583323417004681,false,56
weibo,3910421008046187,non-rumor,238
weibo,3908280281818604,non-rumor,3
weibo,3563806485447283,false,30
weibo,3536160468654893,false,9
weibo,3912099086033758,non-rumor,24
weibo,3919158834602739,non-rumor,171
weibo,3476433059938818,false,23
weibo,3516263789690380,false,177
weibo,3908371759361770,non-rumor,159
weibo,3452422104224738,false,16
weibo,3481406094996295,false,73
weibo,3501712684038955,false,1785
weibo,3918176078877080,non-rumor,61
weibo,3480707001144602,false,456
weibo,3918142529008993,non-rumor,547
weibo,3921704642569096,non-rumor,33
weibo,3914529463288580,non-rumor,136
weibo,3514388935498432,false,3
weibo,3594659617599403,false,139
weibo,3908084814413047,non-rumor,146
weibo,3918203467887255,non-rumor,934
weibo,3911523774404065,non-rumor,269
weibo,3914940244830101,non-rumor,173
weibo,3911911441540679,non-rumor,40
weibo,3593033951571746,false,18
weibo,3833718605506366,non-rumor,21
weibo,3600314818916458,false,241
weibo,3918819774726094,non-rumor,108
weibo,3914349909255190,non-rumor,147
weibo,3604484397691438,false,24
weibo,3915231023390175,non-rumor,288
weibo,3918530334142833,non-rumor,110
weibo,3922114622540868,non-rumor,119
weibo,3911180818758348,non-rumor,685
weibo,3476496058745719,false,39
weibo,3921788146818914,non-rumor,192
weibo,3571402777000146,false,556
weibo,3455048119687645,false,349
weibo,3484415605205182,false,290
weibo,3911228390544803,non-rumor,111
weibo,3919167558238186,non-rumor,139
weibo,3538021837991992,false,943
weibo,3485882990955466,false,1561
weibo,3921747809897227,non-rumor,84
weibo,3918802737465343,non-rumor,10
weibo,3909744546303932,non-rumor,751
weibo,3572031158867068,false,12
weibo,3649947590743150,non-rumor,40
weibo,3584002755460929,false,486
weibo,3577524678014770,false,174
weibo,3542122865066218,non-rumor,59
weibo,3911720814465794,non-rumor,4237
weibo,3911998083370823,non-rumor,43
weibo,3921731464641001,non-rumor,209
weibo,3477832837695365,false,48
weibo,3833735008649797,non-rumor,62
weibo,3535630157535811,false,142
weibo,3834055235632755,non-rumor,131
weibo,3922130129173564,non-rumor,74
weibo,3918884023662848,non-rumor,118
weibo,3907688511372828,non-rumor,2
weibo,3510821218727992,false,74
weibo,3539934641848892,false,102
weibo,3914952974626979,non-rumor,253
weibo,3688448223402590,false,480
weibo,3918798316397729,non-rumor,1052
weibo,3565633213647450,false,136
weibo,3595241757879060,false,135
weibo,3630502047476920,false,19
weibo,3912100827019931,non-rumor,136
weibo,3834065847644586,non-rumor,100
weibo,3604321059416823,false,115
weibo,3914535301678350,non-rumor,114
weibo,3910486430690039,non-rumor,29
weibo,3912254044853349,non-rumor,800
weibo,3919179369410295,non-rumor,565
weibo,3525766500915496,false,768
weibo,3583224862958430,false,124
weibo,3589896742294688,false,510
weibo,3911559107359353,non-rumor,219
weibo,3907589261614171,non-rumor,245
weibo,3476847167991333,false,2383
weibo,3911964176194578,non-rumor,51
weibo,3914439272978863,non-rumor,462
weibo,3911523397204866,non-rumor,187
weibo,3912067624581868,non-rumor,138
weibo,3919179549635791,non-rumor,36
weibo,3603163854589304,false,448
weibo,3911570138487704,non-rumor,115
weibo,3834076005681910,non-rumor,99
weibo,3908021320925937,non-rumor,290
weibo,3911192051281402,non-rumor,191
weibo,3521045488918643,false,102
weibo,3485466512596739,false,68
weibo,3915205639472276,non-rumor,19
weibo,3585254046272685,false,97
weibo,3919221362480458,non-rumor,40
weibo,3570738839294188,false,275
weibo,3921838587166257,non-rumor,52
weibo,3499161628022251,false,81
weibo,3907728609619928,non-rumor,57
weibo,3475189017268462,false,222
weibo,3919209488319682,non-rumor,142
weibo,3834424556706239,non-rumor,31
weibo,3498869415811827,false,84
weibo,3518511814617272,false,34
weibo,3911904814567164,non-rumor,19
weibo,3686593447136245,false,199
weibo,3491728411990928,false,388
weibo,3489907987681057,false,399
weibo,3549661786706779,false,667
weibo,3909142437372013,non-rumor,118
weibo,3914514074078597,non-rumor,79
weibo,3918168663413423,non-rumor,100
weibo,3617117661843783,non-rumor,78
weibo,3460049077161136,false,5
weibo,3908024614201752,non-rumor,262
weibo,3690343021183952,false,110
weibo,3918542666168297,non-rumor,141
weibo,3521597266900397,false,55
weibo,3567642331335165,false,98
weibo,3834099464456175,non-rumor,63
weibo,3919227050195585,non-rumor,25
weibo,3917810986061517,non-rumor,80
weibo,3914551038680788,non-rumor,75
weibo,3521098215849074,false,205
weibo,3579405898625506,false,443
weibo,3452418795146337,false,261
weibo,3917822868990915,non-rumor,32
weibo,3604721673812861,false,107
weibo,3507985437364629,false,46
weibo,3478206348931968,false,274
weibo,3918819338375882,non-rumor,47
weibo,3570726042795883,false,23
weibo,3914508747613081,non-rumor,61
weibo,3602611439603519,false,99
weibo,3921804659281131,non-rumor,136
weibo,3914417844348877,non-rumor,274
weibo,3909155720971721,non-rumor,199
weibo,3911602531352538,non-rumor,67
weibo,3921692378236947,non-rumor,12
weibo,3574311804066048,false,483
weibo,3834422882749708,non-rumor,366
weibo,3914319697753765,non-rumor,13
weibo,3922030506431735,non-rumor,346
weibo,3921709515963724,non-rumor,24
weibo,3567801539097700,false,490
weibo,3914513407381334,non-rumor,239
weibo,3918154671193480,non-rumor,400
weibo,3534827825299244,false,705
weibo,3922082322616473,non-rumor,30
weibo,3542852530926264,false,67
weibo,3915204855319938,non-rumor,135
weibo,3908412343490462,non-rumor,202
weibo,3918777592586345,non-rumor,341
weibo,3918200125216965,non-rumor,173
weibo,3919167948040240,non-rumor,65
weibo,3632667465734419,false,596
weibo,3834046154874571,non-rumor,128
weibo,3908136500585186,non-rumor,79
weibo,3604388440196743,false,688
weibo,3516692619120294,false,35
weibo,3911943272323228,non-rumor,637
weibo,3602801513263583,false,803
weibo,3909735742448643,non-rumor,213
weibo,3918785876329489,non-rumor,340
weibo,3598669410020689,false,138
weibo,3915248098208260,non-rumor,114
weibo,3482085341954841,false,61
weibo,3911557521818345,non-rumor,132
weibo,3911357004950742,non-rumor,18
weibo,3532735908351193,false,1
weibo,3498283227865304,non-rumor,18
weibo,3649197423473131,false,32
weibo,3564131828986167,false,220
weibo,3919244880206050,non-rumor,436
weibo,3484401692017275,false,52
weibo,3563508274970669,false,12
weibo,3575777784314618,false,4
weibo,3921724300837536,non-rumor,98
weibo,3650847176832024,non-rumor,26
weibo,3911526290906659,non-rumor,482
weibo,3907774066711408,non-rumor,6
weibo,3908056192462419,non-rumor,287
weibo,3918870706295904,non-rumor,109
weibo,3912009479601800,non-rumor,7
weibo,3502823666515332,false,158
weibo,3911598336670443,non-rumor,85
weibo,3911194089597191,non-rumor,20
weibo,3639260386712925,false,34
weibo,3535499165497571,false,14
weibo,3618851030147111,false,12
weibo,3571462713599109,false,48
weibo,3918845498239554,non-rumor,134
weibo,3911303305096585,non-rumor,158
weibo,3510816303317584,false,18
weibo,3911722584676126,non-rumor,35
weibo,3908408509502105,non-rumor,58
weibo,3911573896476995,non-rumor,39
weibo,3922076102833613,non-rumor,382
weibo,3475816099213996,false,440
weibo,3508583058869083,false,122
weibo,3543012318106246,false,65
weibo,3911937768923407,non-rumor,151
weibo,3529639043274611,false,76
weibo,3919135370909285,non-rumor,173
weibo,3512026494175760,false,39
weibo,3596697974510104,false,75
weibo,3911510931328670,non-rumor,123
weibo,3909844941390089,non-rumor,198
weibo,3915286690577759,non-rumor,84
weibo,3907628142779391,non-rumor,114
weibo,3556564113772491,false,5
weibo,3617335363866285,non-rumor,550
weibo,3515296763540738,false,239
weibo,3476559849884422,false,7
weibo,3911592481567862,non-rumor,9
weibo,3611983083797092,false,30
weibo,3531589097045397,false,28
weibo,3914908238190725,non-rumor,54
weibo,3611180100371563,false,336
weibo,3909216492756133,non-rumor,276
weibo,3612066177297887,false,29
weibo,3499972223441383,false,23
weibo,3921658051743942,non-rumor,236
weibo,3586592441055611,false,94
weibo,3500986368623203,false,21
weibo,3558758409836592,false,109
weibo,3911289300367214,non-rumor,439
weibo,3911210644650787,non-rumor,165
weibo,3918196068854430,non-rumor,11
weibo,3521754763285985,false,6
weibo,3910927772435331,non-rumor,108
weibo,3650981189390338,false,24
weibo,3914141004083236,non-rumor,95
weibo,3909801790228896,non-rumor,135
weibo,3574405285896261,false,56
weibo,3914455580173299,non-rumor,11
weibo,3464893543788087,false,14
weibo,3498478561361651,false,196
weibo,3478461773912071,false,54
weibo,3908356529489031,non-rumor,24
weibo,3918775696618496,non-rumor,71
weibo,3563658858369004,false,37
weibo,3918873953253015,non-rumor,82
weibo,3563716224122682,false,130
weibo,3570716009678220,false,958
weibo,3912272294507972,non-rumor,29
weibo,3510783452940844,false,230
weibo,3918178033592023,non-rumor,22
weibo,3544807488491673,false,87
weibo,3921668118521758,non-rumor,142
weibo,3914551793619336,non-rumor,57
weibo,3918898111537107,non-rumor,661
weibo,3919252538593663,non-rumor,34
weibo,3921701530180189,non-rumor,77
weibo,3918547342280633,non-rumor,214
weibo,3912003082833585,non-rumor,24
weibo,3914437787926896,non-rumor,138
weibo,3912078199095160,non-rumor,5
weibo,3909216068642643,non-rumor,29
weibo,3834059031105369,non-rumor,354
weibo,3631073731086816,false,831
weibo,3910908742787831,non-rumor,91
weibo,3646313046790451,false,263
weibo,3833726066924539,non-rumor,184
weibo,3567418918236069,false,18
weibo,3530028832389621,false,295
weibo,3563694547998711,false,202
weibo,3909006936760923,non-rumor,177
weibo,3531536294993622,false,230
weibo,3545679399574108,false,35
weibo,3909017346796390,non-rumor,9
weibo,3922137142166302,non-rumor,51
weibo,3569584340277932,false,13
weibo,3915247716508107,non-rumor,54
weibo,3521049788336599,false,12
weibo,3909015547649307,non-rumor,188
weibo,3921716000330801,non-rumor,52
weibo,3694189822345373,false,8
weibo,3567827204097241,false,310
weibo,3922044196181662,non-rumor,171
weibo,3914893478373510,non-rumor,116
weibo,3921780739598684,non-rumor,246
weibo,3694168142597384,false,6
weibo,3575967576288863,false,76
weibo,3911241896088688,non-rumor,123
weibo,3540450231607216,false,8
weibo,3529768664816061,false,224
weibo,3919247623089469,non-rumor,88
weibo,3608356143065421,false,830
weibo,3834067029700331,non-rumor,63
weibo,3543183801695829,false,222
weibo,3551735039680493,false,27
weibo,3914544650639918,non-rumor,187
weibo,3563852438880027,false,31
weibo,3483061063076840,false,6
weibo,3486673457841762,false,399
weibo,3918855807822739,non-rumor,150
weibo,3431580661805230,non-rumor,2
weibo,3516222802868097,false,25
weibo,3911273060231055,non-rumor,240
weibo,3912024620676243,non-rumor,340
weibo,3536326634764845,false,32
weibo,3481128558350104,false,228
weibo,3907608131558678,non-rumor,43
weibo,3613266053872677,false,106
weibo,3453529848897130,false,2
weibo,3481472155823132,false,3
weibo,3604623678104048,false,154
weibo,3567632537926235,false,72
weibo,3536936402626899,false,9
weibo,3600427322813770,false,79
weibo,3917796804822591,non-rumor,24
weibo,3606625849443761,false,37
weibo,3914979276803914,non-rumor,147
weibo,3484429588852111,false,16
weibo,3558335318239831,false,82
weibo,3536835835733445,false,15
weibo,3918622903056631,non-rumor,128
weibo,3908366038306976,non-rumor,149
weibo,3918539968593167,non-rumor,39
weibo,3908395616354231,non-rumor,43
weibo,3907547033891682,non-rumor,37
weibo,3921793259190854,non-rumor,88
weibo,3618768330739184,false,62
weibo,3564414521502106,false,8
weibo,3529687797669912,false,13
weibo,3918191925364701,non-rumor,58
weibo,3921588556494013,non-rumor,144
weibo,3602859067013597,false,19
weibo,3569285207117705,false,77
weibo,3609643358404403,false,239
weibo,3914139254219399,non-rumor,14
weibo,3921748636205407,non-rumor,26
weibo,3643599608167216,non-rumor,1
weibo,3478614278383900,false,274
weibo,3911733062474272,non-rumor,2
weibo,3911224292698235,non-rumor,19
weibo,3491643027771174,false,59
weibo,3689078133277653,false,7
weibo,3560859768815251,false,19
weibo,3496244897298218,false,42
weibo,3914974282233951,non-rumor,309
weibo,3834071610053302,non-rumor,58
weibo,3551685860964318,false,843
weibo,3918912376612615,non-rumor,109
weibo,3918897285462753,non-rumor,120
weibo,3650475917913991,false,159
weibo,3915271443869478,non-rumor,26
weibo,3911181422582506,non-rumor,47
weibo,3914934326947009,non-rumor,99
weibo,3914490997280330,non-rumor,86
weibo,3910518026381248,non-rumor,117
weibo,3597674685634950,false,32
weibo,3914502757713218,non-rumor,141
weibo,3915226032152363,non-rumor,149
weibo,3498960855601223,false,100
weibo,3489762868350456,non-rumor,43
weibo,3912130270960109,non-rumor,3
weibo,3918150204550001,non-rumor,91
weibo,3914920116213248,non-rumor,168
weibo,3476694629370866,false,20
weibo,3907570299130663,non-rumor,42
weibo,3512683259172657,false,51
weibo,3911762514019647,non-rumor,85
weibo,3921706395172912,non-rumor,360
weibo,3918893036837996,non-rumor,301
weibo,3911249391378305,non-rumor,221
weibo,3907671725842510,non-rumor,86
weibo,3912104429621268,non-rumor,89
weibo,3574708723337563,false,177
weibo,3911235844008750,non-rumor,100
weibo,3921759314846119,non-rumor,65
weibo,3910552482961981,non-rumor,109
weibo,3911231838565594,non-rumor,19
weibo,3914543543100202,non-rumor,234
weibo,3563729331117724,false,411
weibo,3663876879430376,false,52
weibo,3907902466794715,non-rumor,24
weibo,3612002058747899,false,18
weibo,3911293176451011,non-rumor,66
weibo,3604656955559943,false,86
weibo,3912262051432829,non-rumor,35
weibo,3922081903073984,non-rumor,112
weibo,3911548143248058,non-rumor,166
weibo,3919268246204450,non-rumor,138
weibo,3567771868689748,false,62
weibo,3526434251143049,false,24
weibo,3453724347000346,false,44
weibo,3912009505024759,non-rumor,49
weibo,3541243373890933,false,19
weibo,3911595459895392,non-rumor,137
weibo,3921776075444162,non-rumor,58
weibo,12726186186,non-rumor,32
weibo,3911360435486623,non-rumor,43
weibo,3918181993064875,non-rumor,174
weibo,3911616783348076,non-rumor,101
weibo,3500050099603934,false,4
weibo,3579612434924511,false,22
weibo,3915308290658253,non-rumor,10
weibo,3556876651915970,false,5
weibo,3918185914461107,non-rumor,25
weibo,3907934935034825,non-rumor,24
weibo,3567091888659283,false,148
weibo,3686551860653652,false,118
weibo,3476055656644087,false,127
weibo,3907595448135521,non-rumor,40
weibo,3604785288686291,false,145
weibo,3430345267632918,non-rumor,35
weibo,3568065779906912,false,550
weibo,3484520085121839,false,125
weibo,3918631031270564,non-rumor,91
weibo,3910931047995213,non-rumor,107
weibo,3911582465320677,non-rumor,480
weibo,3911268211538236,non-rumor,14
weibo,3558592202743585,false,7
weibo,3915277613846278,non-rumor,28
weibo,3918167333931255,non-rumor,53
weibo,3560449918047267,false,54
weibo,3909764687413239,non-rumor,5
weibo,3535471197714337,false,235
weibo,3687752183502808,non-rumor,98
weibo,3918877563642955,non-rumor,62
weibo,3685971771544423,non-rumor,41
weibo,3569865371580982,false,77
weibo,3501329089852051,false,33
weibo,3625597228248709,false,175
weibo,3918781141200175,non-rumor,63
weibo,3531259877515654,non-rumor,18
weibo,3911251576728998,non-rumor,46
weibo,3911989498088531,non-rumor,103
weibo,3918786463631892,non-rumor,63
weibo,3489099614454084,false,73
weibo,3910484425779514,non-rumor,25
weibo,3608316766543224,false,30
weibo,3909900579076995,non-rumor,204
weibo,3910562717034747,non-rumor,4
weibo,3594925134540355,false,103
weibo,3922115532720857,non-rumor,187
weibo,3911202792746534,non-rumor,332
weibo,3918872446554169,non-rumor,14
weibo,3453646882841201,false,160
weibo,3671001906510580,false,80
weibo,3918558499050967,non-rumor,55
weibo,3921703337645264,non-rumor,16
weibo,3914946657959150,non-rumor,50
weibo,3907896619883075,non-rumor,82
weibo,3918217653199558,non-rumor,134
weibo,3516393737842829,false,22
weibo,3516051495056011,false,72
weibo,3918220333187042,non-rumor,41
weibo,3911529256621654,non-rumor,58
weibo,3553924831040775,false,14
weibo,3570525035415200,false,17
weibo,3915236274647941,non-rumor,125
weibo,3695953506645173,false,60
weibo,3912100872859047,non-rumor,24
weibo,3918558108590463,non-rumor,46
weibo,3538032865068550,non-rumor,6
weibo,3555282297142050,false,50
weibo,3833734438530704,non-rumor,12
weibo,3569826331310012,false,12
weibo,3919241465684531,non-rumor,130
weibo,3918615591615469,non-rumor,83
weibo,3485437719294972,false,19
weibo,3909081075061253,non-rumor,90
weibo,3911607534953750,non-rumor,26
weibo,3833738909944113,non-rumor,78
weibo,3558607675129825,false,393
weibo,3918869875782195,non-rumor,221
weibo,3539558178455634,false,17
weibo,3907785916325731,non-rumor,52
weibo,3918850238145856,non-rumor,110
weibo,3517105192015834,false,17
weibo,3915292625272558,non-rumor,220
weibo,3475997196621695,false,98
weibo,3539127276222253,false,73
weibo,3917778349794684,non-rumor,56
weibo,3476001294281594,false,133
weibo,3912375394190067,non-rumor,17
weibo,3918161772381338,non-rumor,172
weibo,3556530529722533,false,379
weibo,3915340738683819,non-rumor,35
weibo,3909774842571403,non-rumor,361
weibo,3536539063803461,false,14
weibo,3587429853952237,non-rumor,11
weibo,3489225288276286,false,42
weibo,3919256049159866,non-rumor,23
weibo,3834050785768372,non-rumor,19
weibo,3918152922072311,non-rumor,101
weibo,3559315678191265,false,158
weibo,3536928793715312,false,140
weibo,3557600983051473,false,23
weibo,3567830068390832,false,51
weibo,3833700305084666,non-rumor,21
weibo,3553516544823295,false,164
weibo,3486530447983364,false,50
weibo,3523913675764517,false,160
weibo,3600453134518069,false,7
weibo,3531957679551385,false,43
weibo,3602244861774232,false,71
weibo,3521404332482919,false,18
weibo,3471463854399715,non-rumor,26
weibo,3908018447999195,non-rumor,41
weibo,3910576290087842,non-rumor,48
weibo,3907961225101568,non-rumor,337
weibo,3523166905046601,false,71
weibo,3492710012471539,false,125
weibo,3911577159561058,non-rumor,67
weibo,3911589268754896,non-rumor,146
weibo,3921367009018844,non-rumor,116
weibo,3487961456321584,false,176
weibo,3911617840302319,non-rumor,18
weibo,3653342704448753,false,17
weibo,3607152562636381,false,17
weibo,3628529369513105,false,61
weibo,3921534080538509,non-rumor,81
weibo,3911186908956664,non-rumor,147
weibo,3908280030209700,non-rumor,24
weibo,3909792726326139,non-rumor,10
weibo,3537392063163490,false,126
weibo,12630150453,false,2
weibo,3911244761235927,non-rumor,68
weibo,3507555013581758,false,31
weibo,3602443977640496,false,218
weibo,3921769402187236,non-rumor,129
weibo,3908340474478952,non-rumor,47
weibo,3484377063826489,false,37
weibo,3556253500078671,false,228
weibo,3911247550387245,non-rumor,126
weibo,3538425326108148,false,320
weibo,3538305792221794,false,61
weibo,3600567161203191,false,88
weibo,3907953041855871,non-rumor,66
weibo,3918187604984663,non-rumor,74
weibo,3677506940559135,false,91
weibo,3912145639393798,non-rumor,67
weibo,3535580233029694,false,140
weibo,3520926761349760,false,45
weibo,3908050399835604,non-rumor,29
weibo,3910587413670521,non-rumor,34
weibo,3512941028164269,false,167
weibo,3912449033613747,non-rumor,87
weibo,3561685333657854,false,38
weibo,3918816947905455,non-rumor,60
weibo,3911645510023024,non-rumor,31
weibo,3492098550161083,false,104
weibo,3918605340888401,non-rumor,31
weibo,3515977071270467,false,91
weibo,3684095995971132,false,124
weibo,3907582311708949,non-rumor,153
weibo,3918215366848522,non-rumor,52
weibo,3834091336208353,non-rumor,44
weibo,3539241373690189,false,124
weibo,3489090936868577,false,6
weibo,3490292449965980,false,49
weibo,3921718445552958,non-rumor,20
weibo,3917848134960585,non-rumor,83
weibo,3914511633066985,non-rumor,60
weibo,3585917044371291,false,28
weibo,3538444489794715,false,31
weibo,3907691015522504,non-rumor,58
weibo,3911557513423193,non-rumor,58
weibo,3914523113524502,non-rumor,33
weibo,3456842262740516,non-rumor,45
weibo,3694179416541403,false,16
weibo,3921686610700353,non-rumor,345
weibo,3489937448229372,false,156
weibo,3912486703386370,non-rumor,105
weibo,3918806747231403,non-rumor,4
weibo,3919000532509034,non-rumor,32
weibo,3603860545131642,false,105
weibo,3574881989641089,false,100
weibo,3487700189668878,false,143
weibo,3910494551004498,non-rumor,56
weibo,3600371492116232,false,66
weibo,3911664086988614,non-rumor,186
weibo,3539142166112871,false,2
weibo,3910672729175567,non-rumor,201
weibo,3911582914896347,non-rumor,20
weibo,3513822251523529,false,56
weibo,3532243463220085,false,5
weibo,3574613797373183,false,532
weibo,3921733536877106,non-rumor,25
weibo,3476751323900108,false,2
weibo,3908454429656628,non-rumor,256
weibo,3909868647669482,non-rumor,72
weibo,3515909513698334,false,6
weibo,3910896751213030,non-rumor,102
weibo,3908263542406744,non-rumor,157
weibo,3914942375560013,non-rumor,103
weibo,3918863588192280,non-rumor,77
weibo,3500355843268563,false,11
weibo,3567853409845430,false,122
weibo,3918215723807767,non-rumor,322
weibo,3911215199678163,non-rumor,126
weibo,3564000099270887,false,30
weibo,3921735289885398,non-rumor,47
weibo,3918828729687107,non-rumor,138
weibo,3911542460109677,non-rumor,307
weibo,3595286251032243,false,188
weibo,3914083692692107,non-rumor,79
weibo,3911225610296519,non-rumor,79
weibo,3914524874611564,non-rumor,87
weibo,3451804916598743,false,36
weibo,3574633620443779,false,82
weibo,3833726146088194,non-rumor,24
weibo,3833723981700860,non-rumor,67
weibo,3910659328491792,non-rumor,16
weibo,3507569304244685,false,37
weibo,3555357253212303,false,16
weibo,3918239341584361,non-rumor,190
weibo,3566414310741544,false,25
weibo,3919146859872195,non-rumor,166
weibo,3908497902721124,non-rumor,365
weibo,3918149604432694,non-rumor,21
weibo,3601383015816200,false,213
weibo,3909095637417645,non-rumor,37
weibo,3919110880797389,non-rumor,123
weibo,3911216752024215,non-rumor,11
weibo,3914150419810983,non-rumor,98
weibo,3531534726167643,false,66
weibo,3917837951500107,non-rumor,5
weibo,3914424035038005,non-rumor,88
weibo,3531067597928787,false,168
weibo,3513770552486982,false,137
weibo,3507874476782735,false,128
weibo,3912439810947397,non-rumor,13
weibo,3505305100637083,false,7
weibo,3921723889865905,non-rumor,43
weibo,3493352454615919,false,88
weibo,3549913478403360,false,61
weibo,3470312370783354,false,15
weibo,3914500329195428,non-rumor,124
weibo,3911604347157429,non-rumor,132
weibo,3834422380166544,non-rumor,80
weibo,3921803003520486,non-rumor,28
weibo,3616553960362276,false,39
weibo,6786321767,non-rumor,28
weibo,3575760281300835,false,45
weibo,3921535498271281,non-rumor,134
weibo,3618902963871537,false,161
weibo,3911581677264642,non-rumor,99
weibo,3487160143823574,false,53
weibo,3918908056772361,non-rumor,14
weibo,3570233467478195,false,15
weibo,3556418781490303,false,40
weibo,3911571606510099,non-rumor,74
weibo,3499630773739007,false,165
weibo,3907751341977221,non-rumor,22
weibo,3921829661820166,non-rumor,98
weibo,3477395653052393,false,86
weibo,3918246388165024,non-rumor,116
weibo,3531147474865146,false,6
weibo,3515549755997342,false,18
weibo,3547977337564354,false,31
weibo,3911283063700609,non-rumor,158
weibo,3918240377832625,non-rumor,31
weibo,3911222460228348,non-rumor,164
weibo,3921549256229480,non-rumor,74
weibo,3614971407561380,non-rumor,109
weibo,3478872286876878,false,12
weibo,3510980376448123,false,121
weibo,3918527414848182,non-rumor,33
weibo,3598980971795843,false,47
weibo,3912064840239520,non-rumor,31
weibo,3911582482110662,non-rumor,56
weibo,3918629244332476,non-rumor,84
weibo,3601471004353060,false,453
weibo,3911357235559177,non-rumor,79
weibo,3535832780539292,false,48
weibo,3834082573712969,non-rumor,56
weibo,3914519346165156,non-rumor,75
weibo,3541995274804532,false,32
weibo,3694179979148280,false,7
weibo,3912426724197437,non-rumor,2
weibo,3910914879311368,non-rumor,22
weibo,3918815031209330,non-rumor,174
weibo,3908298040255808,non-rumor,18
weibo,3911266751954837,non-rumor,84
weibo,3515996041699323,false,276
weibo,3603595070896498,false,33
weibo,3521135469424684,false,54
weibo,3641063451862718,non-rumor,106
weibo,3500632478948697,false,23
weibo,3501533528558289,false,102
weibo,3569125831757180,false,2
weibo,3918805653020146,non-rumor,192
weibo,3911651184667527,non-rumor,94
weibo,3529447015597687,false,167
weibo,3560851975885975,false,6
weibo,3556608481082010,false,224
weibo,3907224793814170,non-rumor,71
weibo,3912026696948012,non-rumor,115
weibo,3485432052860221,false,81
weibo,3908281934744285,non-rumor,36
weibo,3549870176387013,false,132
weibo,3911754842793966,non-rumor,68
weibo,3914454540048890,non-rumor,342
weibo,3912481208164441,non-rumor,121
weibo,3644211922184962,false,117
weibo,3503647151075575,false,84
weibo,3523142439447223,false,112
weibo,3515599471078260,false,37
weibo,3553916760910325,false,24
weibo,3909888327752252,non-rumor,57
weibo,3911917397374121,non-rumor,147
weibo,3504353644270244,false,12
weibo,3914952496287765,non-rumor,22
weibo,3921423456225617,non-rumor,73
weibo,3603166249390886,false,159
weibo,3914480125459044,non-rumor,161
weibo,3474641237023164,false,49
weibo,3921790012802898,non-rumor,200
weibo,3475831861399909,false,8
weibo,3909799743414773,non-rumor,86
weibo,3463033320068479,false,28
weibo,3911977514044357,non-rumor,28
weibo,3684526800267299,false,108
weibo,3909204530102875,non-rumor,78
weibo,3510520051025731,false,107
weibo,3921665589097144,non-rumor,19
weibo,3486263653132914,false,48
weibo,3549938912618523,false,5
weibo,3604711900927683,false,109
weibo,3520162789675046,false,6
weibo,3478820784587744,false,5
weibo,3581157687687108,false,148
weibo,3670603720065006,false,238
weibo,3833683293048565,non-rumor,94
weibo,3618044108249494,non-rumor,73
weibo,3915318252190396,non-rumor,113
weibo,3912057407443040,non-rumor,18
weibo,3489157286822636,false,29
weibo,3567827585828006,false,3
weibo,3907921651761528,non-rumor,20
weibo,3921537243299500,non-rumor,31
weibo,3518396224240158,false,186
weibo,3516926778845338,false,125
weibo,3625818762514205,false,75
weibo,3921743363844268,non-rumor,100
weibo,3563796012530136,false,5
weibo,3919242119905103,non-rumor,21
weibo,3549654979963656,false,377
weibo,3918834509133461,non-rumor,52
weibo,3911591722641251,non-rumor,41
weibo,3911756194168013,non-rumor,20
weibo,3599714400236828,false,40
weibo,3918984984266225,non-rumor,83
weibo,3489096049680543,false,40
weibo,3921730692815175,non-rumor,87
weibo,3914470327497052,non-rumor,143
weibo,3556564541154976,false,50
weibo,3569617324300317,false,154
weibo,3919161858289277,non-rumor,18
weibo,3922065738374452,non-rumor,25
weibo,3909205159800467,non-rumor,83
weibo,3476564970344448,false,68
weibo,3556597777008259,false,16
weibo,3921762012613194,non-rumor,94
weibo,3572934931027576,non-rumor,5
weibo,3570675341704457,false,32
weibo,3921809042333182,non-rumor,22
weibo,3523879978614833,false,10
weibo,3914479978870372,non-rumor,98
weibo,3915206381782933,non-rumor,105
weibo,3689037455673671,false,6
weibo,3919212206140075,non-rumor,202
weibo,3910937398317542,non-rumor,37
weibo,3530075636834956,false,95
weibo,3609762572853631,false,87
weibo,3563115163421244,false,38
weibo,3922129097279460,non-rumor,54
weibo,3910534615480494,non-rumor,13
weibo,3578943737262269,false,56
weibo,3909971102129220,non-rumor,9
weibo,3921421924832227,non-rumor,15
weibo,3489105411393740,false,243
weibo,3910659785476680,non-rumor,20
weibo,3628378094021716,non-rumor,4
weibo,3543898510979634,false,111
weibo,3464942885303239,false,176
weibo,14572844402,false,22
weibo,3910920906150243,non-rumor,84
weibo,3922141864740661,non-rumor,62
weibo,3550827044540327,non-rumor,31
weibo,3834413370567929,non-rumor,47
weibo,3917802756621282,non-rumor,127
weibo,3560607397333073,false,45
weibo,3554114233283397,false,136
weibo,3595005073056858,false,15
weibo,3914432130023000,non-rumor,34
weibo,3452516866452873,false,11
weibo,3498871676730328,false,78
weibo,3688818420807547,false,25
weibo,3918906911542354,non-rumor,66
weibo,3918798664937103,non-rumor,60
weibo,3907961606476629,non-rumor,11
weibo,3915259615971029,non-rumor,78
weibo,3514227895561500,non-rumor,2
weibo,3483288419645192,false,30
weibo,3506229823256156,false,17
weibo,3563489068585280,false,146
weibo,3912421200574630,non-rumor,19
weibo,3535871284056847,false,43
weibo,3911939585056391,non-rumor,26
weibo,3479427033665976,false,275
weibo,3655373212692622,false,73
weibo,3488998049645638,false,80
weibo,3911536584120389,non-rumor,125
weibo,3909932531359596,non-rumor,3
weibo,3521711376511875,false,7
weibo,3918781727953305,non-rumor,22
weibo,3912010481570268,non-rumor,11
weibo,3596852550784401,non-rumor,37
weibo,3911246166755503,non-rumor,136
weibo,3482227805732735,false,30
weibo,3488823655078819,false,171
weibo,3545568494205770,false,241
weibo,3515232913489130,false,55
weibo,3911601784234729,non-rumor,23
weibo,3520966661376162,false,66
weibo,3475730685784894,false,70
weibo,3688986222427270,false,82
weibo,3908118805284794,non-rumor,16
weibo,3908495138656162,non-rumor,43
weibo,3908494564297118,non-rumor,13
weibo,3596262509338646,false,22
weibo,3537684699850722,false,17
weibo,3918903896401919,non-rumor,19
weibo,3641425834902853,non-rumor,6
weibo,3918597732347375,non-rumor,91
weibo,3569178974225506,false,62
weibo,3555278890580714,false,562
weibo,3494171795104491,false,18
weibo,3580371633209083,false,166
weibo,3488491822842461,non-rumor,12
weibo,3918841983406813,non-rumor,17
weibo,3918790632442753,non-rumor,76
weibo,3914961044323177,non-rumor,45
weibo,3519532482021237,false,33
weibo,3914312353407934,non-rumor,104
weibo,3914986075901138,non-rumor,60
weibo,3597022806854746,false,120
weibo,3532262362179252,false,15
weibo,3911263078313366,non-rumor,25
weibo,3914440489196848,non-rumor,9
weibo,3489202996195214,false,21
weibo,3908128908796858,non-rumor,1
weibo,3907902412202207,non-rumor,16
weibo,3488001407700350,false,104
weibo,3912402603271607,non-rumor,127
weibo,3833701487961738,non-rumor,87
weibo,3911981435989031,non-rumor,108
weibo,3910511579851244,non-rumor,76
weibo,3911643370674822,non-rumor,113
weibo,3918536084298388,non-rumor,106
weibo,3910939105128505,non-rumor,58
weibo,3587286128562289,false,73
weibo,3556551304180279,false,14
weibo,3911608512142528,non-rumor,10
weibo,3482093444843170,false,171
weibo,3522816362039773,false,67
weibo,3914465986409627,non-rumor,84
weibo,3443562526241064,non-rumor,1
weibo,3919257219616259,non-rumor,23
weibo,3574639831837648,false,47
weibo,3909170078496180,non-rumor,110
weibo,3569270367557889,false,27
weibo,3915215600926430,non-rumor,9
weibo,3918832751786376,non-rumor,33
weibo,3485718775574527,false,43
weibo,3529837316276459,false,42
weibo,3911892692991357,non-rumor,84
weibo,3631215511239428,false,4
weibo,3568004744840996,false,11
weibo,3624895717758116,false,50
weibo,3921542276460163,non-rumor,32
weibo,3549688521027374,false,118
weibo,3553863896009411,false,12
weibo,3520696271010663,false,26
weibo,3912072502656876,non-rumor,85
weibo,3909148883989173,non-rumor,4
weibo,3914433073708742,non-rumor,266
weibo,3921754160868447,non-rumor,99
weibo,3479646236584041,false,3
weibo,3907946113284024,non-rumor,71
weibo,3549665267788019,false,184
weibo,3489108179116905,false,17
weibo,3625421893586936,non-rumor,202
weibo,3472189711824480,false,118
weibo,3568100933050229,false,30
weibo,8980305559,false,8
weibo,3489082904953389,false,23
weibo,3561836555194358,false,125
weibo,3580088047950909,false,45
weibo,3475985904876788,false,316
weibo,3909026427376418,non-rumor,68
weibo,3907897852964990,non-rumor,270
weibo,3914913804529569,non-rumor,182
weibo,3915253928682086,non-rumor,14
weibo,3606421822581559,false,100
weibo,3911568771228740,non-rumor,29
weibo,3649036508290053,non-rumor,24
weibo,3529127883262194,false,43
weibo,3911303674830013,non-rumor,31
weibo,3560049802592181,false,222
weibo,3500420544653787,false,6
weibo,3510861841251632,false,81
weibo,3911554048838228,non-rumor,80
weibo,3918227526567556,non-rumor,226
weibo,3914960717300942,non-rumor,21
weibo,3911616875258376,non-rumor,24
weibo,3914451004393667,non-rumor,60
weibo,3911986934901343,non-rumor,20
weibo,3908060999159074,non-rumor,28
weibo,3911926432602330,non-rumor,6
weibo,3912113363525954,non-rumor,28
weibo,3527867209657926,false,37
weibo,3573604354359575,false,42
weibo,3917769927606741,non-rumor,33
weibo,3833709675105254,non-rumor,61
weibo,3485521986263315,false,119
weibo,3431231695494904,false,12
weibo,3483327027791525,non-rumor,5
weibo,3918213337126172,non-rumor,14
weibo,3662745800617966,false,63
weibo,9656869647,non-rumor,1
weibo,3552968810662725,false,43
weibo,3918170064187905,non-rumor,10
weibo,3909915736821805,non-rumor,29
weibo,3612775555079225,non-rumor,39
weibo,3833706248557710,non-rumor,120
weibo,3567082208112662,false,13
weibo,3911176159172486,non-rumor,60
weibo,3914084145179010,non-rumor,38
weibo,3556779830962594,false,19
weibo,3691788764481838,false,176
weibo,3574506318549853,false,59
weibo,3921760166165016,non-rumor,41
weibo,3909883932049297,non-rumor,152
weibo,3475731117821179,false,179
weibo,3907540024809662,non-rumor,6
weibo,3911737683786524,non-rumor,41
weibo,3560401838890785,false,13
weibo,3519882198619469,false,53
weibo,3911587671285975,non-rumor,82
weibo,3911204638223309,non-rumor,399
weibo,3604678954639668,false,83
weibo,3596676713278888,false,51
weibo,3922027976699825,non-rumor,47
weibo,3911385152602752,non-rumor,51
weibo,3921688251455682,non-rumor,21
weibo,3544835879726634,false,1
weibo,3912253696822072,non-rumor,34
weibo,3914985996128124,non-rumor,74
weibo,3697068939625998,false,59
weibo,3918571266288118,non-rumor,75
weibo,3528526713937206,false,4
weibo,3477544462167812,false,50
weibo,3919011315996195,non-rumor,208
weibo,3908404592205388,non-rumor,39
weibo,3911221994204571,non-rumor,10
weibo,3589746401954402,false,151
weibo,3908039129894971,non-rumor,85
weibo,3912465618135666,non-rumor,7
weibo,3921544645988401,non-rumor,79
weibo,3517985131691650,false,156
weibo,3485745111589213,false,59
weibo,3911185944153542,non-rumor,50
weibo,3601549630396186,false,84
weibo,3911989530880437,non-rumor,101
weibo,3918879736666153,non-rumor,5
weibo,3909189568629793,non-rumor,32
weibo,3911967951031384,non-rumor,23
weibo,3918595647661796,non-rumor,304
weibo,3556607201658627,false,8
weibo,3921774171230088,non-rumor,72
weibo,3618957280025178,non-rumor,22
weibo,3534295853120535,false,28
weibo,3474196170493301,false,82
weibo,3503895353461882,false,37
weibo,3911192512703574,non-rumor,53
weibo,3687631823436169,false,132
weibo,3553941734583436,false,53
weibo,3921837287107743,non-rumor,90
weibo,3907580407356244,non-rumor,25
weibo,3921729027899223,non-rumor,83
weibo,3918579685022531,non-rumor,12
weibo,3551768643908520,false,13
weibo,3915280910504734,non-rumor,76
weibo,3909734010979287,non-rumor,45
weibo,3915323390847850,non-rumor,96
weibo,3914550585665361,non-rumor,28
weibo,3506133253657691,false,37
weibo,3921552355237378,non-rumor,18
weibo,3585019140349233,false,68
weibo,3911199529709919,non-rumor,16
weibo,3528263013563152,false,64
weibo,3493708597108003,false,17
weibo,3915337021732988,non-rumor,25
weibo,3907531728466948,non-rumor,190
weibo,3915287721831527,non-rumor,10
weibo,3910897619553807,non-rumor,184
weibo,3549364918002421,non-rumor,99
weibo,3570726277704368,false,11
weibo,3549659249230256,false,41
weibo,3921718789797345,non-rumor,90
weibo,3921702368808348,non-rumor,59
weibo,3911539150864866,non-rumor,79
weibo,3907679006774167,non-rumor,134
weibo,3918598457882662,non-rumor,93
weibo,3604402235240065,false,42
weibo,3911549112347207,non-rumor,69
weibo,3555213250149371,false,24
weibo,3694548225762219,false,96
weibo,3452584473649318,false,12
weibo,3569320678891861,false,30
weibo,3911623884202532,non-rumor,42
weibo,3914946699761129,non-rumor,7
weibo,3910453556023050,non-rumor,190
weibo,3914539139542866,non-rumor,89
weibo,3514013067313963,false,24
weibo,3911197684025876,non-rumor,176
weibo,3573576990940167,false,191
weibo,3914972935203142,non-rumor,16
weibo,3914198566167066,non-rumor,86
weibo,3911888930595914,non-rumor,21
weibo,3908254805435516,non-rumor,79
weibo,3570140195444112,false,8
weibo,3619914335835505,false,23
weibo,3918829413104471,non-rumor,30
weibo,3914518574653150,non-rumor,23
weibo,3908480404125295,non-rumor,53
weibo,3569827366704717,false,27
weibo,3604338167925692,false,61
weibo,3912285293001799,non-rumor,62
weibo,3912446635278998,non-rumor,74
weibo,3918174581687437,non-rumor,204
weibo,3911564257715143,non-rumor,41
weibo,3833743888332341,non-rumor,80
weibo,3571174027764153,false,19
weibo,3918822014820299,non-rumor,20
weibo,3921672174515260,non-rumor,61
weibo,3608706866371751,false,132
weibo,3458052369594626,false,36
weibo,3833679601951025,non-rumor,60
weibo,3675071002028008,non-rumor,16
weibo,3915259393782169,non-rumor,40
weibo,3564424549857223,false,29
weibo,3573789310793803,false,116
weibo,3919203024793240,non-rumor,148
weibo,3911654749855887,non-rumor,27
weibo,3911266172846281,non-rumor,113
weibo,3517844278615947,false,75
weibo,3910908289598900,non-rumor,13
weibo,3461318323189724,non-rumor,68
weibo,3667476892498671,non-rumor,28
weibo,3501746318309268,false,22
weibo,3493004046488512,false,161
weibo,3660584488289199,false,88
weibo,3921684148852246,non-rumor,175
weibo,3608759563872878,false,33
weibo,3558061107430414,false,106
weibo,3914448043441416,non-rumor,32
weibo,3914224361233319,non-rumor,14
weibo,3914546189954126,non-rumor,11
weibo,3834086718022328,non-rumor,27
weibo,3672017288936066,false,170
weibo,3834098755523520,non-rumor,66
weibo,3915338913769113,non-rumor,20
weibo,3560485317820031,false,56
weibo,3611963021774660,false,72
weibo,3578188443230446,false,47
weibo,3909782308648998,non-rumor,1
weibo,3909895532902978,non-rumor,14
weibo,3834076463493168,non-rumor,6
weibo,3493200461638007,false,41
weibo,3911539469801102,non-rumor,227
weibo,3914408365363135,non-rumor,213
weibo,3556582753345046,false,43
weibo,3921376773297108,non-rumor,41
weibo,3908436934363177,non-rumor,21
weibo,3510876583502945,false,130
weibo,3922141743754003,non-rumor,141
weibo,3537595357702442,false,46
weibo,3511915269299485,false,4
weibo,3921675986412093,non-rumor,106
weibo,3559310590487460,false,64
weibo,3918534852027592,non-rumor,84
weibo,3600440409433496,false,120
weibo,3911255582312023,non-rumor,76
weibo,3563705654088598,false,15
weibo,3921775362117941,non-rumor,47
weibo,3911953741019971,non-rumor,16
weibo,3922067819256827,non-rumor,63
weibo,3833744697575395,non-rumor,18
weibo,3911201718984723,non-rumor,140
weibo,3833688397516282,non-rumor,8
weibo,3919196062505633,non-rumor,7
weibo,3909714402712833,non-rumor,130
weibo,3542645769057965,false,21
weibo,3590847268112772,non-rumor,4
weibo,3557662195382754,false,47
weibo,3493401536294919,false,22
weibo,3921794509376266,non-rumor,30
weibo,3918204403174869,non-rumor,17
weibo,3687377647760855,false,9
weibo,3918615017308728,non-rumor,11
weibo,3921755867134530,non-rumor,104
weibo,3907623197639623,non-rumor,41
weibo,3513862995205247,non-rumor,3
weibo,3650760975508494,false,62
weibo,3909217351920720,non-rumor,17
weibo,3551719625241920,false,21
weibo,3495222657050518,false,30
weibo,3569831858758056,false,2
weibo,3907582026137993,non-rumor,17
weibo,3910621848394596,non-rumor,106
weibo,3488860622959802,false,41
weibo,3633369105834794,false,64
weibo,3908141160849288,non-rumor,33
weibo,3619966076683384,false,85
weibo,3502884354347322,false,24
weibo,3679006043852862,false,123
weibo,3908994668059980,non-rumor,39
weibo,3911968056683495,non-rumor,113
weibo,3914461464851920,non-rumor,289
weibo,3457148816430806,false,7
weibo,3918524902375111,non-rumor,29
weibo,3912114240983438,non-rumor,4
weibo,3586132413779178,false,7
weibo,3833693023516585,non-rumor,94
weibo,3914493430096782,non-rumor,14
weibo,3908132142596491,non-rumor,14
weibo,3911654733447091,non-rumor,32
weibo,3656546879440065,false,37
weibo,3911635536556073,non-rumor,72
weibo,3557586148357412,false,36
weibo,3921663085062002,non-rumor,159
weibo,3907737496925917,non-rumor,69
weibo,3517450127341666,false,179
weibo,3918157686922528,non-rumor,8
weibo,3912290350928853,non-rumor,113
weibo,3909148138203601,non-rumor,3
weibo,3579453295197111,false,53
weibo,3498569279311346,false,67
weibo,3514155220697946,false,40
weibo,3911202604254542,non-rumor,30
weibo,3592256290717677,false,6
weibo,3574920346733209,false,55
weibo,3914505219750495,non-rumor,34
weibo,3910559923510229,non-rumor,8
weibo,3918900183736199,non-rumor,90
weibo,3912055024999422,non-rumor,8
weibo,3664886960066812,false,28
weibo,3908101344007422,non-rumor,44
weibo,3910891097441449,non-rumor,59
weibo,3456581075487348,false,23
weibo,3915206985705643,non-rumor,54
weibo,3909862830882566,non-rumor,2
weibo,3918602819862858,non-rumor,72
weibo,3922095933079467,non-rumor,15
weibo,3536219285590704,false,16
weibo,3522046464288549,false,1
weibo,3911724279135860,non-rumor,14
weibo,3518899230287127,false,31
weibo,3682680904569511,false,59
weibo,3909854295239241,non-rumor,183
weibo,3521705047522736,false,21
weibo,3908106251433279,non-rumor,13
weibo,3569862804630554,false,2
weibo,3921793934460581,non-rumor,25
weibo,3834058335221932,non-rumor,14
weibo,3549305279364765,false,4
weibo,3486585045774431,false,50
weibo,3519533341933969,false,95
weibo,3912444956956650,non-rumor,39
weibo,3914892056276478,non-rumor,16
weibo,3556525094196431,false,23
weibo,3572782132372776,false,12
weibo,3475375470567128,false,20
weibo,3539491606180752,false,66
weibo,3908434413720365,non-rumor,9
weibo,3588332417956987,false,16
weibo,3911708072142750,non-rumor,153
weibo,3914946322230066,non-rumor,24
weibo,3910608413988520,non-rumor,32
weibo,3922055365754541,non-rumor,128
weibo,3909790905979609,non-rumor,25
weibo,3921689995888731,non-rumor,104
weibo,3911714011210796,non-rumor,160
weibo,3833706152082417,non-rumor,64
weibo,3912278644353383,non-rumor,103
weibo,3910884549723440,non-rumor,51
weibo,3512376240679226,false,65
weibo,3918793191277239,non-rumor,109
weibo,3570201666822861,false,136
weibo,3912027158629413,non-rumor,19
weibo,3694175721545664,false,35
weibo,3533931498870950,false,14
weibo,3918534851213968,non-rumor,23
weibo,3911254588255498,non-rumor,50
weibo,3552907573807786,false,110
weibo,3474726662318343,non-rumor,6
weibo,3908292604312971,non-rumor,16
weibo,3922064974887558,non-rumor,147
weibo,3559063650247117,false,186
weibo,3558688687772518,false,26
weibo,3501895438136859,false,90
weibo,3569983516395286,false,10
weibo,3625703373470078,false,63
weibo,3474237413378556,false,227
weibo,3462537242957043,false,13
weibo,3909717648307271,non-rumor,58
weibo,3467620471081810,non-rumor,8
weibo,3911969280851366,non-rumor,68
weibo,3918881385602765,non-rumor,44
weibo,3558431304631440,false,22
weibo,3918776330149229,non-rumor,70
weibo,3558245521689164,false,113
weibo,3911244266162965,non-rumor,35
weibo,3514228076081484,non-rumor,2
weibo,3596644085750641,false,36
weibo,3918129602050278,non-rumor,10
weibo,12603156956,non-rumor,6
weibo,3492658964036815,false,14
weibo,3521774652437255,false,71
weibo,3911312172020466,non-rumor,38
weibo,3912053221355983,non-rumor,51
weibo,3652617806566752,false,2
weibo,3914082308444251,non-rumor,16
weibo,3912303113679263,non-rumor,9
weibo,3917807927996109,non-rumor,9
weibo,3574671301513431,false,66
weibo,3477110834353749,false,126
weibo,3602527801217022,false,28
weibo,3581467504131480,false,19
weibo,3684925415194613,false,222
weibo,3460068303693358,false,1
weibo,3914186130002384,non-rumor,69
weibo,3914967453289371,non-rumor,169
weibo,3911534465563415,non-rumor,43
weibo,3918908475725393,non-rumor,53
weibo,3515957161081635,false,6
weibo,3911526282514315,non-rumor,44
weibo,3918590338131993,non-rumor,21
weibo,3914447313184247,non-rumor,80
weibo,3692716216864631,false,20
weibo,3477943483403687,false,6
weibo,3531125748419928,false,2
weibo,3615500158396130,false,46
weibo,3918617244241350,non-rumor,23
weibo,3539421439631615,false,7
weibo,3560965905636500,false,71
weibo,3563749674113920,false,105
weibo,3556546719667108,false,67
weibo,3633091145024434,non-rumor,549
weibo,3493888415670451,false,127
weibo,3907728789405790,non-rumor,66
weibo,3475292175812467,false,130
weibo,3645317846806100,non-rumor,25
weibo,3914197718744878,non-rumor,86
weibo,3579991172564425,false,96
weibo,3908139420025021,non-rumor,107
weibo,3921819793063628,non-rumor,84
weibo,3598698775031631,false,29
weibo,3489016391886223,false,33
weibo,3508957236737566,false,35
weibo,3541432742624818,false,20
weibo,3668092918118802,false,46
weibo,3477623935884031,non-rumor,23
weibo,3917813678399074,non-rumor,136
weibo,3560240555106062,false,4
weibo,3495318807631968,false,139
weibo,3521889047287796,false,139
weibo,3603883043316157,false,21
weibo,3572170187642250,false,22
weibo,3911556486635901,non-rumor,59
weibo,3914497280008916,non-rumor,172
weibo,3907917306939821,non-rumor,110
weibo,3834420723071545,non-rumor,24
weibo,3911946795619982,non-rumor,1
weibo,3909189702979876,non-rumor,17
weibo,3909928370107111,non-rumor,20
weibo,3907791355391603,non-rumor,118
weibo,3597513560755213,false,15
weibo,3496809274098555,false,13
weibo,3918887344957709,non-rumor,22
weibo,3921834212523022,non-rumor,28
weibo,3522812779768092,false,12
weibo,3910537794642077,non-rumor,3
weibo,3549696536243258,false,5
weibo,3497007362625593,false,74
weibo,3908029043232414,non-rumor,189
weibo,3834084155062567,non-rumor,41
weibo,3563756657070799,false,62
weibo,3498552099553675,false,53
weibo,3911776216949952,non-rumor,90
weibo,3673279208789543,false,54
weibo,3908299185804500,non-rumor,83
weibo,3523113511584631,false,56
weibo,3911635452615127,non-rumor,2
weibo,3543137035145163,false,21
weibo,3604242079885609,false,24
weibo,3489942821335796,false,127
weibo,3914522915771439,non-rumor,99
weibo,3918147100700581,non-rumor,24
weibo,3918182701706701,non-rumor,85
weibo,3510807269083133,false,201
weibo,3914452334540597,non-rumor,37
weibo,3909942236762798,non-rumor,32
weibo,3910904557063718,non-rumor,2
weibo,3915324619363386,non-rumor,55
weibo,3548451688069313,false,10
weibo,3919213464587919,non-rumor,50
weibo,3688523406217197,false,156
weibo,3476379494883694,false,46
weibo,3525657218767582,false,25
weibo,3600079791789491,false,7
weibo,3436221394759868,non-rumor,12
weibo,3555342988059973,false,3
weibo,3911725210354394,non-rumor,13
weibo,3914122997197872,non-rumor,4
weibo,3454298556129386,false,9
weibo,3631473602937496,false,26
weibo,3833703710659368,non-rumor,17
weibo,3576548869204313,false,16
weibo,3907971660357128,non-rumor,9
weibo,3501902090262385,non-rumor,5
weibo,3833719666576579,non-rumor,15
weibo,3477636225244970,false,41
weibo,3912425311280108,non-rumor,70
weibo,3519592385660612,false,27
weibo,3475822150928775,false,19
weibo,3918835142446706,non-rumor,24
weibo,3616570095758987,false,36
weibo,3485902771037131,false,9
weibo,3683750435840938,false,4
weibo,3484401952642594,false,8
weibo,3599309817909301,false,32
weibo,3914934708539689,non-rumor,21
weibo,3602859314533134,false,87
weibo,3918839567737228,non-rumor,97
weibo,3520224013515980,false,10
weibo,3558335577759135,false,24
weibo,3912342033185867,non-rumor,128
weibo,3907194892717485,non-rumor,25
weibo,3526019803754303,false,24
weibo,3538765136241493,false,3
weibo,3911941145413779,non-rumor,38
weibo,3508455602110740,false,31
weibo,3486274633376676,non-rumor,70
weibo,3571724349958150,false,55
weibo,3834099108439951,non-rumor,32
weibo,3648179172349025,false,41
weibo,3915272525999534,non-rumor,25
weibo,3918874262788949,non-rumor,120
weibo,3569204098154618,false,26
weibo,3567239007652877,false,29
weibo,3482530500417871,false,16
weibo,3671427251474095,false,33
weibo,3536937614625154,false,3
weibo,3601507255205777,false,45
weibo,3501483205495370,false,35
weibo,3552798710677166,false,8
weibo,3914454024312458,non-rumor,110
weibo,9673602170,non-rumor,2
weibo,3918886191275429,non-rumor,20
weibo,3911955481382540,non-rumor,82
weibo,3577515161784386,false,91
weibo,3918999479742907,non-rumor,137
weibo,3503918791049877,false,23
weibo,3463847677679141,false,15
weibo,3575054094359778,false,22
weibo,3571652732297803,false,78
weibo,3434607531680999,false,14
weibo,3521638299530621,false,10
weibo,3513350363696034,false,42
weibo,3504412003450064,false,15
weibo,3911881124988764,non-rumor,30
weibo,3908048626638735,non-rumor,3
weibo,3909111819467267,non-rumor,19
weibo,3490880437044775,false,10
weibo,3561912925400260,false,5
weibo,3531561934436883,false,46
weibo,3921673138540639,non-rumor,24
weibo,3476720315058074,false,9
weibo,3587374044930539,false,14
weibo,3914529849151567,non-rumor,163
weibo,3489064139503488,false,3
weibo,3489035374832682,false,32
weibo,3533976356926086,false,28
weibo,3569863450289404,false,24
weibo,3833713668823918,non-rumor,86
weibo,3495220068943200,false,4
weibo,3597082663756628,false,22
weibo,3833707313554886,non-rumor,27
weibo,3912483868232736,non-rumor,52
weibo,3912057776532736,non-rumor,8
weibo,3491368825851241,false,6
weibo,3601722780057799,false,60
weibo,3610511268352922,false,28
weibo,3530423067768377,false,19
weibo,3912392910409146,non-rumor,11
weibo,3604430232223096,false,39
weibo,3676885747718910,false,17
weibo,3556259086805180,false,68
weibo,3908001280656335,non-rumor,29
weibo,3921356049557769,non-rumor,36
weibo,3918598059677449,non-rumor,17
weibo,3601672934664369,false,60
weibo,3907653488846171,non-rumor,81
weibo,3914426157431816,non-rumor,158
weibo,3912455807809732,non-rumor,12
weibo,3457180764465171,false,32
weibo,3687731072791527,false,46
weibo,3505814034098655,false,32
weibo,3521404504466636,false,18
weibo,3919251238676880,non-rumor,46
weibo,3521784332486916,false,7
weibo,3918152607922613,non-rumor,63
weibo,3912318955561694,non-rumor,85
weibo,3915323801132688,non-rumor,13
weibo,3915253467483694,non-rumor,129
weibo,3558797106575895,non-rumor,5
weibo,3911177321266241,non-rumor,251
weibo,3911920891552859,non-rumor,17
weibo,3909218585679775,non-rumor,12
weibo,3605544222572136,non-rumor,2
weibo,3456869509414752,false,12
weibo,3535493976947445,false,29
weibo,3562610706774275,false,34
weibo,3552907615754341,false,69
weibo,3912386962372289,non-rumor,27
weibo,3656772843668120,false,276
weibo,3465261540071546,false,23
weibo,3911549158168040,non-rumor,9
weibo,3547370744190399,false,152
weibo,3914417831761228,non-rumor,49
weibo,3549679364631318,false,57
weibo,3573094298344573,false,7
weibo,3911935990587118,non-rumor,9
weibo,3911534092349696,non-rumor,16
weibo,3907623063528022,non-rumor,9
weibo,3914487339729332,non-rumor,18
weibo,3522547913686194,false,57
weibo,3922071698521789,non-rumor,16
weibo,3909055560618535,non-rumor,15
weibo,3586264382744085,false,59
weibo,3908099766874643,non-rumor,1
weibo,3475973863764537,false,11
weibo,3483033246135049,non-rumor,24
weibo,3910524796327109,non-rumor,12
weibo,3601510937962192,false,82
weibo,3543515281557515,false,33
weibo,3535515783433535,false,101
weibo,3833710589673848,non-rumor,52
weibo,3557986733704409,false,5
weibo,3922141223187839,non-rumor,14
weibo,3919231177222509,non-rumor,123
weibo,3833738763031692,non-rumor,20
weibo,3488989674101466,false,14
weibo,8732913535,non-rumor,4
weibo,3602643123681995,false,65
weibo,3911694902222695,non-rumor,13
weibo,3569207289146686,false,91
weibo,3908300086737753,non-rumor,36
weibo,3557611934671068,false,55
weibo,3909140814460162,non-rumor,2
weibo,3552807199963698,false,1
weibo,3475996311495215,false,7
weibo,3586683368862254,false,18
weibo,3921807033706522,non-rumor,141
weibo,3918796504841684,non-rumor,28
weibo,3580773837524516,false,153
weibo,3833733520356639,non-rumor,11
weibo,3510914869800796,false,8
weibo,3551855717966611,false,13
weibo,3918836330101651,non-rumor,19
weibo,3527517275120435,false,14
weibo,3691572665166706,false,15
weibo,3579045256408614,false,41
weibo,3909732299301362,non-rumor,11
weibo,3485366437050016,false,13
weibo,3488826536577004,false,14
weibo,3488980601462787,false,8
weibo,3833679488694180,non-rumor,11
weibo,8839253726,false,5
weibo,3535616832540893,false,7
weibo,3914132464064609,non-rumor,9
weibo,3919181776733679,non-rumor,54
weibo,8514365559,false,9
weibo,3918570276680911,non-rumor,41
weibo,3915305652811595,non-rumor,9
weibo,3911396515226493,non-rumor,106
weibo,3914475574645209,non-rumor,133
weibo,3921778907151869,non-rumor,17
weibo,3567821579988573,false,2
weibo,3501893492379472,false,23
weibo,3600106408354965,false,15
weibo,3501337847084221,false,1
weibo,3912472597492430,non-rumor,30
weibo,3911209289717027,non-rumor,15
weibo,3911262553317443,non-rumor,23
weibo,3529673642807596,false,13
weibo,3918801982651313,non-rumor,35
weibo,3533232005844611,false,10
weibo,3475302015075964,false,4
weibo,3529185320305155,false,11
weibo,3610760707921870,false,19
weibo,3918564522131883,non-rumor,16
weibo,3915220210279868,non-rumor,75
weibo,3908486418851447,non-rumor,50
weibo,3475659776765538,false,43
weibo,3912373130099919,non-rumor,63
weibo,3484429249048172,false,7
weibo,3438850393633316,false,84
weibo,3521726534882819,false,4
weibo,3908094138150738,non-rumor,265
weibo,3907746807932370,non-rumor,33
weibo,3697924699779931,false,31
weibo,3611512154926879,false,104
weibo,3833692307301730,non-rumor,78
weibo,3514003047802364,false,24
weibo,3603614419737740,false,18
weibo,3484651085456735,false,51
weibo,3918607941495396,non-rumor,26
weibo,3908113054414712,non-rumor,42
weibo,3911997005259230,non-rumor,25
weibo,3538389174946832,false,29
weibo,3627260260747489,false,12
weibo,3567705989056922,false,13
weibo,3908269347083750,non-rumor,44
weibo,3511911129487048,false,56
weibo,3579213045176240,false,21
weibo,3602818340098734,false,32
weibo,3541944652894180,false,6
weibo,3644236978724465,false,64
weibo,3599257195888679,non-rumor,31
weibo,3476847243082976,false,5
weibo,3477075472427998,false,3
weibo,3918207809009136,non-rumor,16
weibo,3912102655626792,non-rumor,34
weibo,3909202160562495,non-rumor,50
weibo,3533779232441857,false,8
weibo,3909874218191778,non-rumor,162
weibo,3697943938568537,false,16
weibo,3452453997419541,false,56
weibo,3483961038872775,false,30
weibo,3918777823411524,non-rumor,38
weibo,3477387511088019,false,45
weibo,3909197194085603,non-rumor,13
weibo,3612307185629216,false,4
weibo,3553871978592378,false,2
weibo,3571837559080589,non-rumor,9
weibo,3567988890252640,false,37
weibo,3911960057540897,non-rumor,37
weibo,3568049938078131,false,6
weibo,3914965955700101,non-rumor,18
weibo,3694162631037474,false,33
weibo,3686328803349758,false,8
weibo,3910506248756545,non-rumor,32
weibo,3914958381116664,non-rumor,88
weibo,3554450658560202,non-rumor,45
weibo,3613843534108659,false,16
weibo,3503183173448234,false,31
weibo,3539702516376403,false,55
weibo,3908979572657970,non-rumor,29
weibo,3509007626879908,false,78
weibo,3907755192555153,non-rumor,21
weibo,3607317427897617,false,46
weibo,3476742636930340,false,10
weibo,3532346789604306,non-rumor,5
weibo,3908091424669275,non-rumor,34
weibo,3478873583320527,false,6
weibo,3922032192240575,non-rumor,103
weibo,3910905915934383,non-rumor,29
weibo,3491392452054564,non-rumor,14
weibo,3500640565556485,false,14
weibo,3522771311121795,false,35
weibo,3911258862284667,non-rumor,157
weibo,3567794928724226,false,7
weibo,3909943612556989,non-rumor,19
weibo,3570008544264892,false,3
weibo,3564960288706640,false,12
weibo,3563516428542155,false,11
weibo,3909777518218200,non-rumor,11
weibo,3586649520575173,false,8
weibo,3537318084311339,false,18
weibo,3911903778979713,non-rumor,5
weibo,3555380984218760,false,16
weibo,3911390928184491,non-rumor,68
weibo,3908081874081881,non-rumor,1
weibo,3919237594596594,non-rumor,67
weibo,3514062409017683,false,24
weibo,3915330789258849,non-rumor,33
weibo,3917861837816736,non-rumor,119
weibo,3512931536474903,non-rumor,31
weibo,3918564735937692,non-rumor,2
weibo,3911715148001156,non-rumor,22
weibo,3914895118480511,non-rumor,15
weibo,3553277234924864,false,8
weibo,3536960792696376,false,3
weibo,3480497768613174,false,12
weibo,3536935073488722,false,3
weibo,3911916613437351,non-rumor,10
weibo,3520673399481405,false,96
weibo,3626929515089045,false,1
weibo,3484420696534784,false,24
weibo,3480453215994714,false,5
weibo,3476736518116035,false,158
weibo,3919249669642154,non-rumor,16
weibo,3911933969029185,non-rumor,16
weibo,3911875106395549,non-rumor,112
weibo,3914541735649987,non-rumor,16
weibo,3918630594557241,non-rumor,10
weibo,3476003118586439,false,28
weibo,3912432260593489,non-rumor,3
weibo,3479908011902517,false,12
weibo,3573807153480196,false,39
weibo,3552253253794574,false,26
weibo,3552919997329099,false,28
weibo,3909775655939637,non-rumor,3
weibo,3492459734875522,false,7
weibo,3907699228179809,non-rumor,25
weibo,3617138864185835,non-rumor,83
weibo,3600367146791215,false,15
weibo,3570351076301625,false,35
weibo,3907743993461175,non-rumor,12
weibo,3909729199955269,non-rumor,6
weibo,3834419276513058,non-rumor,49
weibo,3476828583155088,false,2
weibo,3911564694351713,non-rumor,64
weibo,3909739769052360,non-rumor,8
weibo,3481849667911377,false,2
weibo,3671462768386073,non-rumor,25
weibo,3911616066160662,non-rumor,43
weibo,3540213088929437,false,18
weibo,3911209545914954,non-rumor,13
weibo,3918790851029005,non-rumor,31
weibo,3613517116461807,non-rumor,4
weibo,3620044515066642,non-rumor,1
weibo,3486980387807610,false,14
weibo,3914908754234194,non-rumor,13
weibo,3914179678893565,non-rumor,55
weibo,3472360072478251,false,13
weibo,3918230453779877,non-rumor,19
weibo,3911603093217846,non-rumor,72
weibo,3435454407726933,false,19
weibo,3907649496593591,non-rumor,22
weibo,3525824579642062,non-rumor,25
weibo,3911917867185294,non-rumor,65
weibo,3491706714410644,false,11
weibo,3476551272666639,false,14
weibo,3550671498093079,false,68
weibo,3911571577123038,non-rumor,19
weibo,3488429172031138,false,3
weibo,3915316499123075,non-rumor,16
weibo,3911616905104264,non-rumor,4
weibo,3921813417216594,non-rumor,108
weibo,3914889489625107,non-rumor,14
weibo,3494885757600474,false,31
weibo,3563322060025796,false,31
weibo,3582359099790087,false,11
weibo,3653016244814594,non-rumor,63
weibo,3914976525782106,non-rumor,20
weibo,3908111599318022,non-rumor,39
weibo,3497940054647275,false,14
weibo,3914201782880304,non-rumor,22
weibo,3604641868852445,false,13
weibo,3489153994433578,false,22
weibo,3467820220106487,non-rumor,27
weibo,3493463742206046,false,65
weibo,3921730751921973,non-rumor,13
weibo,3553893516900664,false,9
weibo,3908461383850166,non-rumor,37
weibo,3909063035561360,non-rumor,62
weibo,3914928731405241,non-rumor,111
weibo,3912388375508398,non-rumor,14
weibo,3562401783685863,false,1
weibo,3918577750960623,non-rumor,32
weibo,3548245383004433,false,5
weibo,3914115023797414,non-rumor,61
weibo,3918882433483371,non-rumor,172
weibo,3483981330353754,false,23
weibo,3915303697787017,non-rumor,110
weibo,3482634359698716,false,9
weibo,3918596750736828,non-rumor,60
weibo,3594987834559891,false,74
weibo,3912110168082672,non-rumor,1
weibo,3908089419470722,non-rumor,20
weibo,3918821184723686,non-rumor,17
weibo,3911619496958388,non-rumor,91
weibo,3603201330395460,false,30
weibo,3568010918476234,false,10
weibo,3556567812992363,false,20
weibo,3560735323590929,false,19
weibo,3915311457659708,non-rumor,18
weibo,3531157301666442,false,9
weibo,13204227708,non-rumor,13
weibo,3461174400099598,false,2
weibo,3476554078362696,false,11
weibo,3918547732080561,non-rumor,53
weibo,3582540281281028,false,11
weibo,3686031016722029,false,23
weibo,3559018553079560,false,9
weibo,3918905611028834,non-rumor,157
weibo,3918811784509115,non-rumor,10
weibo,3911204206708328,non-rumor,40
weibo,3559032574841155,false,48
weibo,3654109360102680,non-rumor,1
weibo,3651015800927256,false,11
weibo,3489009952634298,false,1
weibo,3910900324767378,non-rumor,19
weibo,3694165722285990,false,6
weibo,3911218106034748,non-rumor,23
weibo,3521769287445261,false,13
weibo,3653308625587985,false,5
weibo,3583025365366144,false,9
weibo,3513456064319145,false,33
weibo,3918985437102238,non-rumor,20
weibo,3487373335401384,false,1
weibo,3688526178542564,false,26
weibo,3694262367485307,false,16
weibo,3601551484167477,false,36
weibo,3919151535732127,non-rumor,34
weibo,3910465086571838,non-rumor,37
weibo,3580407414982198,false,11
weibo,3911903778977275,non-rumor,88
weibo,3477940169720424,false,4
weibo,3911950112822479,non-rumor,25
weibo,3524271957181456,false,57
weibo,3530860848054388,false,3
weibo,3570225436369763,false,8
weibo,3911632994058864,non-rumor,14
weibo,3651541921514221,non-rumor,12
weibo,3516022743206833,false,71
weibo,3484403570896812,false,10
weibo,3676825718607271,false,14
weibo,3453656936899673,false,2
weibo,3530858881251151,false,8
weibo,3911297899052680,non-rumor,18
weibo,3504394286475039,false,1
weibo,3487333800556483,false,2
weibo,3569092495493393,false,1
weibo,3918985441737820,non-rumor,16
weibo,3520647763866891,non-rumor,2
weibo,13172370214,non-rumor,4
weibo,3658411864390176,false,19
weibo,3911311555759120,non-rumor,65
weibo,3907952744129933,non-rumor,60
weibo,3911986544430220,non-rumor,1
weibo,3921824133519827,non-rumor,19
weibo,3908457117672776,non-rumor,15
weibo,3907897392438395,non-rumor,3
weibo,3911754705095405,non-rumor,25
weibo,3501369858201171,false,4
weibo,3909933143273116,non-rumor,7
weibo,3571792515595667,false,45
weibo,3537783412546909,non-rumor,10
weibo,3912333111673846,non-rumor,4
weibo,3482129147234171,false,15
weibo,3600441415772315,false,2
weibo,3486168438022990,false,17
weibo,3532583411534171,false,12
weibo,3909844077215671,non-rumor,3
weibo,3579348122148269,false,62
weibo,3914951724449159,non-rumor,22
weibo,3549941865150351,false,18
weibo,3536516107985725,false,17
weibo,3516395172216335,false,2
weibo,3833711134552959,non-rumor,35
weibo,3556134663252800,false,33
weibo,3621856731174222,non-rumor,10
weibo,3911731925788818,non-rumor,11
weibo,3497344144309737,false,34
weibo,3912480189065767,non-rumor,41
weibo,3909085361138804,non-rumor,27
weibo,3524006231630233,false,32
weibo,3626853283278784,false,20
weibo,3912001958793756,non-rumor,5
weibo,3567640481959410,false,4
weibo,3485013402340207,false,5
weibo,3613178040530862,false,63
weibo,3569274222154981,false,1
weibo,3482538712218282,false,12
weibo,3565666886349587,false,10
weibo,3555475565736887,false,74
weibo,3586944980556495,false,13
weibo,3453234448444600,false,5
weibo,3491972712674827,false,16
weibo,3921695095800393,non-rumor,93
weibo,3910576361039608,non-rumor,76
weibo,3912011794114566,non-rumor,16
weibo,12695729092,non-rumor,2
weibo,3569187894906400,false,9
weibo,3911918865361801,non-rumor,16
weibo,3502949257220082,false,52
weibo,3910665619910824,non-rumor,5
weibo,3914440497991600,non-rumor,38
weibo,3475812663319170,non-rumor,8
weibo,3594644627774586,false,22
weibo,3909795637519612,non-rumor,3
weibo,3516292306675519,false,60
weibo,3486986402905181,false,3
weibo,3552769275639752,false,9
weibo,3834056263325522,non-rumor,14
weibo,3907955281585302,non-rumor,42
weibo,3914916115238846,non-rumor,10
weibo,3575088752214705,false,17
weibo,3667475285315591,false,27
weibo,3651454973879505,false,14
weibo,3834088534543712,non-rumor,16
weibo,3915326737558934,non-rumor,16
weibo,3911903778328356,non-rumor,2
weibo,3506162601099827,false,21
weibo,3663371628503052,false,32
weibo,3909084371985775,non-rumor,42
weibo,3918623040792854,non-rumor,27
weibo,3919013111287857,non-rumor,17
weibo,3476375468407135,false,48
weibo,3464725276652656,false,53
weibo,3582318566646534,false,54
weibo,12794183820,false,4
weibo,3518904050006967,false,14
weibo,3910646439375569,non-rumor,65
weibo,3909881847002137,non-rumor,46
weibo,3689099518678473,false,47
weibo,3518451824207957,false,24
weibo,3501812546424620,false,16
weibo,3505168446637010,non-rumor,1
weibo,3488623943077074,false,21
weibo,3911209453157696,non-rumor,28
weibo,3629437310172693,false,18
weibo,3909852746832450,non-rumor,52
weibo,3606478545711757,false,18
weibo,3501007159870395,false,14
weibo,3596457934640043,false,12
weibo,3919189419343044,non-rumor,37
weibo,3912092522320448,non-rumor,45
weibo,3501836730245140,false,17
weibo,3622479249177168,non-rumor,12
weibo,3555835253302607,false,19
weibo,3554949747385522,false,7
weibo,3921571963610116,non-rumor,89
weibo,3484405244976656,false,16
weibo,3908506392906975,non-rumor,4
weibo,3911631992103631,non-rumor,5
weibo,3488643824348820,non-rumor,16
weibo,3688070450630068,false,18
weibo,3523221149736189,false,7
weibo,3908463145139734,non-rumor,11
weibo,3569444959621890,false,18
weibo,3915292902028428,non-rumor,25
weibo,3549688235790247,false,38
weibo,3918230357498665,non-rumor,24
weibo,3525097014637449,non-rumor,5
weibo,3564809884900610,false,15
weibo,3675079412124627,false,7
weibo,3613256306531605,false,49
weibo,3453876256653682,false,27
weibo,3911175248742633,non-rumor,5
weibo,3911745300647318,non-rumor,2
weibo,3912489689265860,non-rumor,37
weibo,3909794949614282,non-rumor,56
weibo,3477649144126147,false,17
weibo,3918852192997759,non-rumor,23
weibo,3689966221862824,non-rumor,9
weibo,3580357981071019,false,11
weibo,3911635343295679,non-rumor,67
weibo,3921825278712911,non-rumor,49
weibo,3569413653686242,false,10
weibo,3567808006623930,false,33
weibo,3457616380880779,false,7
weibo,3532540005039375,false,33
weibo,3571047833710111,false,11
weibo,3915329963001824,non-rumor,6
weibo,3911231863359056,non-rumor,14
weibo,3578576655428879,false,36
weibo,14451934569,false,9
weibo,3478258433847667,false,42
weibo,3834415450552660,non-rumor,16
weibo,3650948683958974,false,25
weibo,3918625976974411,non-rumor,98
weibo,3918869460327314,non-rumor,23
weibo,3480774739092721,false,58
weibo,3921717027823062,non-rumor,41
weibo,11084174628,false,4
weibo,3605007607659996,false,16
weibo,3910886143583496,non-rumor,25
weibo,3498832740966369,false,20
weibo,3570869203192420,false,26
weibo,3513388757542796,false,53
weibo,3683871567040637,false,4
weibo,3492067357689689,false,23
weibo,3515306498371205,false,9
weibo,3569658663845814,false,11
weibo,3915258244913647,non-rumor,11
weibo,3915297645721873,non-rumor,25
weibo,3908355548584903,non-rumor,42
weibo,3576032072029017,false,23
weibo,3577604269092674,false,19
weibo,3918856394958337,non-rumor,35
weibo,3688902252927902,false,20
weibo,3915296781463574,non-rumor,10
weibo,3614253145257564,false,4
weibo,3918167556156250,non-rumor,25
weibo,3918172954046187,non-rumor,13
weibo,3521605651330955,false,12
weibo,3911389037233730,non-rumor,69
weibo,3910636314353753,non-rumor,46
weibo,12988688370,false,12
weibo,3910918125246735,non-rumor,2
weibo,3833707338722319,non-rumor,16
weibo,3911541378235195,non-rumor,17
weibo,3918192709408009,non-rumor,13
weibo,3921763744277336,non-rumor,24
weibo,3910908390482322,non-rumor,46
weibo,3908253203172210,non-rumor,27
weibo,3918238003708351,non-rumor,30
weibo,3833696320258210,non-rumor,25
weibo,3529692969638547,false,3
weibo,3919204577133454,non-rumor,14
weibo,3911723440632213,non-rumor,3
weibo,3458030367024814,false,10
weibo,3582594593483195,false,11
weibo,3911996485455495,non-rumor,48
weibo,3618955484806258,non-rumor,1
weibo,3476724542925166,false,4
weibo,3516538713809703,false,33
weibo,3520706987923093,false,45
weibo,3918809838634046,non-rumor,31
weibo,3911707484939130,non-rumor,15
weibo,3538296473310311,false,47
weibo,3918246073565845,non-rumor,30
weibo,3539723253015954,false,13
weibo,3488834052879768,false,56
weibo,3574684778471907,false,37
weibo,3539333123970420,false,40
weibo,3544531288786944,false,16
weibo,3911552211828143,non-rumor,19
weibo,3533794960801309,non-rumor,63
weibo,3911973298992642,non-rumor,16
weibo,3911737298388307,non-rumor,8
weibo,3492002199258485,false,19
weibo,3915232202168231,non-rumor,16
weibo,3512912876773964,false,14
weibo,12477535006,non-rumor,10
weibo,3580404713457922,false,5
weibo,3520058485711818,false,16
weibo,3911196522092850,non-rumor,20
weibo,3472368082960657,false,14
weibo,3918555680119399,non-rumor,12
weibo,3912019000185737,non-rumor,34
weibo,3921800113017980,non-rumor,57
weibo,3606803176837565,false,99
weibo,3574690985199156,false,12
weibo,3570229739002279,false,29
weibo,3557183867882163,false,8
weibo,3908381703698176,non-rumor,3
weibo,3577793197210161,false,21
weibo,3911345646631001,non-rumor,5
weibo,3490082080383734,false,36
weibo,3833738297352193,non-rumor,11
weibo,3491022178861871,false,34
weibo,3907565466969088,non-rumor,16
weibo,3543210062202365,false,4
weibo,3918150989135941,non-rumor,24
weibo,3914941700199302,non-rumor,21
weibo,3572066672427504,false,9
weibo,3566049809062087,non-rumor,30
weibo,3918235499669365,non-rumor,28
weibo,3501401046586213,false,20
weibo,3909841636780257,non-rumor,6
weibo,3833695947811832,non-rumor,22
weibo,3596623504464228,false,13
weibo,3511607152335110,false,4
weibo,3918243083700110,non-rumor,53
weibo,3512912226090475,non-rumor,3
weibo,3921778848272031,non-rumor,12
weibo,3604681035138411,false,32
weibo,3521973127092246,false,33
weibo,3452222430499616,false,10
weibo,3513776416261903,false,69
weibo,3582116426197411,false,13
weibo,3556413806921545,false,44
weibo,3918200158798922,non-rumor,29
weibo,3535775381245752,false,5
weibo,3909790675356650,non-rumor,43
weibo,3659804528369695,non-rumor,5
weibo,3588320657355198,false,52
weibo,3907742840324598,non-rumor,28
weibo,3644178900277111,false,31
weibo,3524364710316855,false,8
weibo,3909823571287106,non-rumor,11
weibo,3476004406604577,false,16
weibo,3908507147396098,non-rumor,8
weibo,3659540899367035,non-rumor,7
weibo,3918245553445322,non-rumor,51
weibo,3917785023371500,non-rumor,18
weibo,3571256417022093,false,16
weibo,3432988069095587,non-rumor,14
weibo,3911556481868537,non-rumor,8
weibo,3833711524647871,non-rumor,16
weibo,3914938479064324,non-rumor,16
weibo,3907631376867859,non-rumor,3
weibo,3908269586698233,non-rumor,2
weibo,3918615306787217,non-rumor,47
weibo,3578525418093377,false,16
weibo,3549676018005772,false,55
weibo,3520331211578553,false,17
weibo,3488870240452997,false,26
weibo,3697936967527034,false,15
weibo,3541908481526544,false,33
weibo,3513012256273438,false,35
weibo,3557322171267375,false,23
weibo,3598092597450616,false,19
weibo,3918619651879745,non-rumor,21
weibo,3911352080649401,non-rumor,39
weibo,3487579301290745,false,2
weibo,3430383133707152,false,19
weibo,3907722564646739,non-rumor,21
weibo,3914925761838839,non-rumor,21
weibo,3476569358351888,false,12
weibo,3486691253958660,false,20
weibo,8431702113,non-rumor,17
weibo,3643600728587522,non-rumor,1
weibo,3668578479790102,non-rumor,11
weibo,3613146499346398,false,15
weibo,3518713854615344,false,1
weibo,3511788597024497,false,22
weibo,3558621000947794,false,2
weibo,3520721714145551,false,18
weibo,3516215341768548,false,24
weibo,3909910884583369,non-rumor,14
weibo,3909903204419195,non-rumor,26
weibo,3481870262536710,false,4
weibo,3593731594664027,false,10
weibo,3918162506188016,non-rumor,22
weibo,3918547547691464,non-rumor,18
weibo,3578741651466687,false,2
weibo,3570141738261622,false,18
weibo,3660991885453853,non-rumor,1
weibo,3581237278609615,false,49
weibo,3577912558961661,false,19
weibo,3834103717469608,non-rumor,6
weibo,3483063583782112,false,31
weibo,3510778193690234,false,6
weibo,3907766571977196,non-rumor,4
weibo,3909198452157045,non-rumor,2
weibo,3488860002774854,false,9
weibo,3910642970827398,non-rumor,23
weibo,3921772745156169,non-rumor,85
weibo,3552904797309443,false,29
weibo,3546644643403439,false,10
weibo,3910664152360723,non-rumor,1
weibo,3468203235510418,non-rumor,20
weibo,3907671193363035,non-rumor,2
weibo,3694162165182131,false,17
weibo,3478693148247110,false,96
weibo,3596745735216635,false,10
weibo,3833685462184476,non-rumor,5
weibo,3537881727926497,false,1
weibo,3908446347097770,non-rumor,30
weibo,3577886554206198,false,42
weibo,3487036646825707,false,2
weibo,3459378101726338,false,3
weibo,3556029880627359,false,10
weibo,3484080714987190,false,19
weibo,3914456541043605,non-rumor,18
weibo,3912492860048548,non-rumor,10
weibo,3573756108683552,false,22
weibo,3910911435444067,non-rumor,33
weibo,3460774452684348,false,4
weibo,3478297025297295,false,15
weibo,3911536692970789,non-rumor,42
weibo,3921658803339686,non-rumor,11
weibo,3476913014630101,false,10
weibo,3485463900094387,false,18
weibo,3912388824325156,non-rumor,18
weibo,3911946753425198,non-rumor,37
weibo,3834089502857690,non-rumor,9
weibo,5575041885,false,2
weibo,3569804743002704,false,9
weibo,3513290493304816,false,96
weibo,3464774891129946,false,23
weibo,3474212025399603,false,145
weibo,3910570241321854,non-rumor,5
weibo,3918591411794490,non-rumor,108
weibo,3486908975574158,non-rumor,18
weibo,3911226192728751,non-rumor,20
weibo,3908404218902202,non-rumor,5
weibo,3567836464741313,false,32
weibo,3909025584389953,non-rumor,13
weibo,3911931775952184,non-rumor,86
weibo,3604446921356919,false,5
weibo,3489096444185203,false,5
weibo,3833745285107834,non-rumor,12
weibo,3918194252760592,non-rumor,74
weibo,3567649252389431,false,12
weibo,3918600391761292,non-rumor,19
weibo,3558019692393026,false,8
weibo,3918236011287961,non-rumor,50
weibo,3553897220564515,false,13
weibo,3914931995027561,non-rumor,29
weibo,3914969005396919,non-rumor,19
weibo,3911639524874884,non-rumor,14
weibo,12414551220,non-rumor,13
weibo,3833738263366742,non-rumor,14
weibo,3605186507770638,non-rumor,1
weibo,3909038196904952,non-rumor,3
weibo,8807689996,false,6
weibo,3587568375939436,false,1
weibo,3509481592219934,false,14
weibo,3612816923388736,false,11
weibo,3487608887436332,false,48
weibo,3484519405492647,false,5
weibo,3482454025429817,false,2
weibo,3596450753920502,false,33
weibo,3911983054826183,non-rumor,4
weibo,3908061078615042,non-rumor,19
weibo,3498577018422805,false,4
weibo,3912280993286136,non-rumor,11
weibo,3907717284696913,non-rumor,7
weibo,3536176168264005,false,32
weibo,3834103634185364,non-rumor,9
weibo,3508656841096077,false,2
weibo,3912019793610390,non-rumor,35
weibo,3464577842643036,false,35
weibo,3909208548754798,non-rumor,19
weibo,3834430449283990,non-rumor,52
weibo,3620326275349008,false,9
weibo,3921839233086550,non-rumor,37
weibo,3498256908709310,false,3
weibo,3564076116658657,false,3
weibo,3914107511640336,non-rumor,20
weibo,3911191509968031,non-rumor,29
weibo,3454256721550776,non-rumor,32
weibo,3833727228281475,non-rumor,43
weibo,3918814334581505,non-rumor,17
weibo,3511107626565991,false,3
weibo,5812946885,false,2
weibo,5484516113,non-rumor,20
weibo,3485445931062285,false,6
weibo,3908423369932344,non-rumor,3
weibo,3549667960651035,false,8
weibo,3458611764623621,non-rumor,10
weibo,3601912844708626,false,29
weibo,3834103755551953,non-rumor,23
weibo,3909110384444633,non-rumor,6
weibo,3911234250227574,non-rumor,13
weibo,3467477021043106,non-rumor,1
weibo,3910901582853938,non-rumor,45
weibo,3912016127243859,non-rumor,2
weibo,3911594344210302,non-rumor,12
weibo,3834082523738620,non-rumor,62
weibo,3606476838699358,false,25
weibo,3908081119222350,non-rumor,2
weibo,3493217721117209,false,15
weibo,3833690621126676,non-rumor,19
weibo,3580131912103229,false,1
weibo,3910914769984188,non-rumor,20
weibo,3909014431406121,non-rumor,42
weibo,3909937228758083,non-rumor,19
weibo,3480160911370792,non-rumor,2
weibo,3918537661881491,non-rumor,11
weibo,3921831884735304,non-rumor,11
weibo,3907806828899710,non-rumor,2
weibo,3912372870119616,non-rumor,28
weibo,3476573711898284,false,16
weibo,3921383585164810,non-rumor,16
weibo,3921759969148377,non-rumor,20
weibo,3909941095596882,non-rumor,3
weibo,3914535494504721,non-rumor,16
weibo,3479752637974104,false,5
weibo,4655484863,non-rumor,23
weibo,3922050630260258,non-rumor,25
weibo,3651156783630358,false,43
weibo,3443197621791689,non-rumor,126
weibo,3908416143296089,non-rumor,25
weibo,6714838757,false,7
weibo,3600826004453829,non-rumor,6
weibo,3594995661369414,false,17
weibo,3910654777575299,non-rumor,5
weibo,3558634073974282,false,3
weibo,3907592894108335,non-rumor,23
weibo,3552921767567165,false,16
weibo,3567986125844065,false,46
weibo,3908060243821533,non-rumor,13
weibo,3918210543891742,non-rumor,16
weibo,3907577815710666,non-rumor,2
weibo,3569435451125015,false,24
weibo,3918849545788818,non-rumor,12
weibo,3833701374524610,non-rumor,21
weibo,3909820296205302,non-rumor,57
weibo,3644188010671060,false,32
weibo,3914953876260575,non-rumor,23
weibo,3907540024357585,non-rumor,5
weibo,3547335546225411,false,44
weibo,3499245883634226,false,16
weibo,3569228826855915,false,24
weibo,3574604649528092,false,8
weibo,3476556960113464,false,13
weibo,3496628361121803,false,9
weibo,3912024566091491,non-rumor,15
weibo,3921743615425573,non-rumor,13
weibo,3485063653900560,false,56
weibo,3911551134089136,non-rumor,24
weibo,3911542699091489,non-rumor,20
weibo,3516596515554070,false,2
weibo,3575810457423610,false,5
weibo,3515605083029671,false,9
weibo,3908319871550174,non-rumor,19
weibo,3555177703333002,non-rumor,1
weibo,3493875048243620,false,54
weibo,3694473730801764,false,3
weibo,3487165072180570,non-rumor,12
weibo,3633929754208460,non-rumor,13
weibo,3588833264453928,false,10
weibo,3911932350059434,non-rumor,43
weibo,3574981885638200,false,6
weibo,3519139757199506,false,32
weibo,3918898761866343,non-rumor,33
weibo,3564538458613926,false,12
weibo,3907921282408061,non-rumor,21
weibo,3553833936285095,false,13
weibo,3488713802136794,false,36
weibo,3907785111049708,non-rumor,10
weibo,3914129607518432,non-rumor,23
weibo,3914496441301017,non-rumor,9
weibo,3918904935745262,non-rumor,22
weibo,3539493690675192,false,79
weibo,3503976291300771,false,13
weibo,3911201639224592,non-rumor,7
weibo,3911246959025568,non-rumor,13
weibo,3911603999732174,non-rumor,11
weibo,3490113894293453,false,22
weibo,3586294556631993,false,24
weibo,3603135417307950,false,96
weibo,3509835758939998,false,8
weibo,3598678562887616,false,2
weibo,3919030740003418,non-rumor,12
weibo,3552923453557753,false,46
weibo,3497008692459951,false,8
weibo,3909945856987960,non-rumor,24
weibo,3910600440293487,non-rumor,15
weibo,3908353006410192,non-rumor,22
weibo,3495729601661914,false,45
weibo,8535326047,false,12
weibo,3911617135668643,non-rumor,49
weibo,3471807346984830,non-rumor,3
weibo,3453675718928162,false,44
weibo,3573622352294410,false,25
weibo,3529720404912831,false,25
weibo,3918597082126045,non-rumor,34
weibo,3907703723892433,non-rumor,17
weibo,3569589017372004,false,2
weibo,3489438447217862,false,3
weibo,3911903527435208,non-rumor,7
weibo,3489120016355026,false,8
weibo,3539528054332151,false,14
weibo,3488860103182657,false,9
weibo,3922124340863986,non-rumor,117
weibo,3911524122402086,non-rumor,25
weibo,3489101477126498,false,29
weibo,3908499598167408,non-rumor,3
weibo,3908388112599519,non-rumor,1
weibo,3599615632726490,false,1
weibo,3571008193214580,false,18
weibo,3448272473065999,non-rumor,1
weibo,3921796472436099,non-rumor,11
weibo,3911637297378271,non-rumor,37
weibo,3914938772507300,non-rumor,12
weibo,3554982156128981,false,8
weibo,3911910304887826,non-rumor,26
weibo,3522009113562735,false,11
weibo,3908269078419688,non-rumor,6
weibo,3533996732591077,false,16
weibo,3914546181583186,non-rumor,14
weibo,3456068187718256,false,20
weibo,3908372732455478,non-rumor,20
weibo,3567800750204590,false,5
weibo,3914933500531779,non-rumor,22
weibo,3488846258262847,non-rumor,1
weibo,3506789418989200,false,6
weibo,3544994960576079,false,5
weibo,3493209369705753,non-rumor,8
weibo,3914917202027099,non-rumor,83
weibo,3543335924656935,false,8
weibo,3912026449323002,non-rumor,48
weibo,3911662279028400,non-rumor,32
weibo,3516361349003676,false,3
weibo,3907789195892186,non-rumor,1
weibo,3485384707026662,false,6
weibo,3600352316557797,false,6
weibo,3834061853829180,non-rumor,9
weibo,3551892711507951,false,4
weibo,3918215358827905,non-rumor,25
weibo,3914928295293991,non-rumor,29
weibo,3909942052284977,non-rumor,66
weibo,3688060438931282,false,11
weibo,3474993889611780,false,55
weibo,3908462705102897,non-rumor,23
weibo,3556258520922794,false,5
weibo,3572582382671723,false,5
weibo,3915242129839401,non-rumor,13
weibo,3547853882402716,false,5
weibo,3551747966140687,false,7
weibo,3918230466599347,non-rumor,13
weibo,3907796133404325,non-rumor,2
weibo,3532890178917843,false,27
weibo,3914464661355231,non-rumor,35
weibo,3607852234767114,false,7
weibo,3912101469242380,non-rumor,29
weibo,3919195962481821,non-rumor,23
weibo,3914190714411797,non-rumor,31
weibo,3551712554354222,false,13
weibo,3911632331412614,non-rumor,37
weibo,3910304238716058,non-rumor,4
weibo,3598326383453776,false,56
weibo,3522062138528886,false,31
weibo,3911964176542993,non-rumor,20
weibo,3651169753216544,false,11
weibo,3908453552817533,non-rumor,2
weibo,3569306211976297,false,2
weibo,3918555218906759,non-rumor,16
weibo,3509152141445666,non-rumor,4
weibo,3918187756359775,non-rumor,6
weibo,3908144004351463,non-rumor,14
weibo,3502151588614522,false,29
weibo,3914903520061513,non-rumor,10
weibo,3533780360431082,false,10
weibo,3521273369873226,false,3
weibo,3569971856678307,false,5
weibo,3483934161391991,non-rumor,11
weibo,3911627206613718,non-rumor,6
weibo,3515177133623130,false,15
weibo,3910596040708923,non-rumor,19
weibo,3907598031913682,non-rumor,15
weibo,3914938097256261,non-rumor,28
weibo,3594507398848135,false,9
weibo,3558766337240721,false,48
weibo,3484788059533944,false,8
weibo,3481875903914439,false,17
weibo,3914432943834162,non-rumor,37
weibo,3911940449186683,non-rumor,23
weibo,3911647074458524,non-rumor,18
weibo,3460064679567744,false,29
weibo,3912080945752873,non-rumor,12
weibo,3630376125241727,non-rumor,2
weibo,3567754298585813,false,14
weibo,3909918937289364,non-rumor,15
weibo,3499922047806436,false,11
weibo,3911675562364261,non-rumor,9
weibo,3595428680960679,false,36
weibo,3478718410227778,false,27
weibo,3542479737332211,false,4
weibo,3914157789567520,non-rumor,18
weibo,3909879100345568,non-rumor,10
weibo,3512602401672717,false,3
weibo,3483251991815500,non-rumor,2
weibo,3586644991153584,false,13
weibo,3918541402832393,non-rumor,27
weibo,3552931686789741,false,6
weibo,3688516749875051,false,16
weibo,3914976513188430,non-rumor,22
weibo,3531807033128932,false,12
weibo,3569798078203941,false,6
weibo,3911959151738937,non-rumor,7
weibo,3834053406563385,non-rumor,21
weibo,3568099095489860,false,5
weibo,3922066204152621,non-rumor,12
weibo,3492333909830321,false,29
weibo,3531526790267299,false,2
weibo,3565232666163032,false,9
weibo,3909774750044433,non-rumor,1
weibo,3907615777739709,non-rumor,1
weibo,3541210708384352,false,7
weibo,3603146955630933,false,11
weibo,3918568221426659,non-rumor,13
weibo,3911229229476449,non-rumor,11
weibo,3908990088389334,non-rumor,1
weibo,3664010711257804,false,11
weibo,3908421134767409,non-rumor,34
weibo,3464943167241703,false,18
weibo,3694256034122979,non-rumor,19
weibo,3918615525000495,non-rumor,37
weibo,3910552407639880,non-rumor,11
weibo,3670047614500873,non-rumor,1
weibo,3521716896494896,false,14
weibo,3909774569961241,non-rumor,5
weibo,3489110939758010,false,15
weibo,3918139869563837,non-rumor,29
weibo,3500428073857022,false,12
weibo,3520388677944154,non-rumor,1
weibo,3908099200789227,non-rumor,1
weibo,3523238128297682,false,8
weibo,3907594642686473,non-rumor,23
weibo,3912002701587764,non-rumor,3
weibo,3918890968635196,non-rumor,11
weibo,3608232839336801,false,5
weibo,3919166702420371,non-rumor,12
weibo,3558065997906879,false,1
weibo,3558997363714404,false,1
weibo,3907634899514864,non-rumor,6
weibo,3619882367478362,false,15
weibo,3502922216520685,false,28
weibo,3694166888258651,false,3
weibo,7037124023,false,7
weibo,3914515978494941,non-rumor,21
weibo,3911239392456294,non-rumor,10
weibo,3918539993779667,non-rumor,8
weibo,3586604645958819,false,3
weibo,3918537494204070,non-rumor,12
weibo,3494845165558900,false,23
weibo,3488069040840160,false,2
weibo,3911594256309586,non-rumor,6
weibo,3572898226590070,false,7
weibo,3911521266760471,non-rumor,2
weibo,3521769870254421,non-rumor,55
weibo,3603149179270810,false,3
weibo,3556738555126894,false,8
weibo,10031080900,non-rumor,3
weibo,3484432814099833,false,9
weibo,3688099362127971,false,8
weibo,3569828134903216,false,18
weibo,3910600247532549,non-rumor,4
weibo,3912097115663907,non-rumor,17
weibo,3918134266101221,non-rumor,20
weibo,3549790778491622,false,20
weibo,3911649603393054,non-rumor,4
weibo,3609897771990792,non-rumor,1
weibo,3907623575182414,non-rumor,16
weibo,3513865146520654,non-rumor,3
weibo,3693001060527378,false,1
weibo,3588762925641828,false,24
weibo,3911258665269454,non-rumor,13
weibo,3921721553498850,non-rumor,49
weibo,3911607576926672,non-rumor,2
weibo,3914538635795904,non-rumor,11
weibo,3572894955717966,false,3
weibo,3834093604864970,non-rumor,14
weibo,3535063637353866,false,18
weibo,3580430659551248,false,3
weibo,3908481394157050,non-rumor,9
weibo,3612963241924836,false,13
weibo,3833718597102685,non-rumor,16
weibo,3479953821848171,false,7
weibo,3911186875575556,non-rumor,9
weibo,3911273374755409,non-rumor,22
weibo,3549735002472473,false,31
weibo,3560538245904046,false,15
weibo,3534840185838771,false,16
weibo,3918249358259863,non-rumor,22
weibo,3513262479906932,false,3
weibo,3911282467832799,non-rumor,29
weibo,3834052077719635,non-rumor,6
weibo,3907653736421081,non-rumor,25
weibo,3491568721987017,false,5
weibo,3921829611454797,non-rumor,7
weibo,3910588863894459,non-rumor,1
weibo,3907557770495553,non-rumor,17
weibo,3907962810350115,non-rumor,2
weibo,3500997319803592,false,30
weibo,3908432354652649,non-rumor,2
weibo,3555198087457574,false,20
weibo,3910936102182890,non-rumor,15
weibo,3460729330329170,false,7
weibo,3599953362587747,false,5
weibo,3562805615546326,false,1
weibo,3914517857998295,non-rumor,24
weibo,3907943214755343,non-rumor,14
weibo,11151379535,false,5
weibo,3908106260316013,non-rumor,14
weibo,3911993133905088,non-rumor,23
weibo,3604576437825120,false,14
weibo,3569191531214526,false,7
weibo,3492443267520328,false,6
weibo,3915238778711508,non-rumor,22
weibo,3911262041348669,non-rumor,6
weibo,3567827463941151,false,11
weibo,3495585271593099,false,19
weibo,3515910432525662,false,38
weibo,3475779444480201,false,17
weibo,3515420177320341,false,4
weibo,3909799626596749,non-rumor,24
weibo,3921545984113110,non-rumor,13
weibo,3533568158624443,false,5
weibo,3919143985782005,non-rumor,35
weibo,3479755288487484,false,3
weibo,3664618097051795,non-rumor,2
weibo,3531904240271599,false,5
weibo,3907540024356031,non-rumor,13
weibo,3911698677075581,non-rumor,8
weibo,3910884243551725,non-rumor,2
weibo,3908113805172110,non-rumor,15
weibo,3918839479416539,non-rumor,16
weibo,3914986595984748,non-rumor,40
weibo,3607521723473212,false,28
weibo,3679689707007203,false,21
weibo,3576730989915390,false,10
weibo,3487357246294956,false,1
weibo,3578711351932256,false,25
weibo,3503911920559503,false,23
weibo,4264473811,false,13
weibo,3570028836559215,false,20
weibo,3912319559543323,non-rumor,4
weibo,3912312794504188,non-rumor,6
weibo,3515176005258497,false,22
weibo,3909063647815041,non-rumor,26
weibo,3912105105056296,non-rumor,3
weibo,3457250520132238,false,8
weibo,3911586676671004,non-rumor,29
weibo,3909865598489443,non-rumor,8
weibo,3485369632911837,false,12
weibo,3911756390798917,non-rumor,17
weibo,13745664038,false,8
weibo,3463065243217426,non-rumor,19
weibo,3484401055105935,false,2
weibo,3908040946269177,non-rumor,24
weibo,3918170143956018,non-rumor,10
weibo,3689580013940285,non-rumor,8
weibo,3498148767247403,false,12
weibo,3496365798037366,false,3
weibo,3455477713507351,false,3
weibo,3689038592535660,false,7
weibo,3580744364143550,false,4
weibo,3912083210656725,non-rumor,5
weibo,3552389523111081,false,10
weibo,3915311802053536,non-rumor,15
weibo,3918788539523897,non-rumor,12
weibo,3553907546720888,false,9
weibo,3908482870809747,non-rumor,14
weibo,3521811331081311,non-rumor,2
weibo,3500428216243674,false,10
weibo,3918623032394789,non-rumor,19
weibo,3523266330931273,false,6
weibo,3911590640577644,non-rumor,5
weibo,3910910819305524,non-rumor,25
weibo,3833723147246360,non-rumor,10
weibo,3833710266692822,non-rumor,17
weibo,3559738497226707,false,28
weibo,3908483667742847,non-rumor,12
weibo,3534319119064358,false,2
weibo,3914984071211914,non-rumor,16
weibo,3543117036842823,false,3
weibo,3834064639573519,non-rumor,7
weibo,3564411622592850,false,11
weibo,3471349043416177,false,4
weibo,12924953614,false,8
weibo,3606860735139819,false,4
weibo,3560196150182168,false,7
weibo,3676113144205719,non-rumor,16
weibo,3522367311777458,false,45
weibo,3908351832661025,non-rumor,9
weibo,3607706009398967,false,24
weibo,3918576853111312,non-rumor,12
weibo,3563734469087333,false,11
weibo,3663907933793559,false,22
weibo,3548798792341725,false,12
weibo,3676871982475683,false,14
weibo,3834048730168857,non-rumor,61
weibo,3661720016591503,non-rumor,1
weibo,3662387414965319,false,31
weibo,3918827765027560,non-rumor,40
weibo,3536599683987468,false,7
weibo,3606979400420766,false,22
weibo,3503669317756910,false,1
weibo,3501069860404531,false,6
weibo,3492737561395470,false,3
weibo,3918874703221397,non-rumor,8
weibo,3538430842051545,false,5
weibo,3475077888525853,false,5
weibo,3910665619845049,non-rumor,2
weibo,3918554845686865,non-rumor,25
weibo,3834430672453814,non-rumor,8
weibo,3589033244483137,false,4
weibo,3612757158904294,false,11
weibo,3534023421298422,false,7
weibo,3912309061614093,non-rumor,20
weibo,3475956478311632,false,33
weibo,3909080173221721,non-rumor,5
weibo,3576806777422468,false,9
weibo,3474295018100641,non-rumor,1
weibo,11942894685,false,1
weibo,3569647041226131,false,13
weibo,3911697934930630,non-rumor,12
weibo,3594993887077991,false,7
weibo,3488801890821546,false,11
weibo,3495366957480235,non-rumor,18
weibo,3437385528756866,non-rumor,6
weibo,3437038370353137,non-rumor,4
weibo,3908062907536695,non-rumor,10
weibo,3538303036557409,false,5
weibo,3500799898784795,false,4
weibo,3569994707285886,false,28
weibo,3570024213924346,false,18
weibo,3922035535227110,non-rumor,39
weibo,3536959203003654,false,16
weibo,3515526720258027,false,3
weibo,3911697477293768,non-rumor,21
weibo,3512711013395147,false,20
weibo,3911604305867794,non-rumor,3
weibo,3914956996755662,non-rumor,12
weibo,3909857809710194,non-rumor,6
weibo,3570762646922409,false,2
weibo,3907747743450097,non-rumor,9
weibo,3569471903664017,false,12
weibo,3915226925452991,non-rumor,24
weibo,3489472027325168,false,1
weibo,3620770247319228,non-rumor,4
weibo,3510910511006905,false,19
weibo,3909880723688532,non-rumor,4
weibo,3577507121135039,false,3
weibo,3914907416323449,non-rumor,14
weibo,3834096234590079,non-rumor,19
weibo,3919166622603366,non-rumor,18
weibo,3834065885204804,non-rumor,14
weibo,3912038885292638,non-rumor,18
weibo,3569281247606582,false,1
weibo,3484703426810984,false,7
weibo,3569431202958037,false,16
weibo,3914531090940590,non-rumor,13
weibo,3921829087712324,non-rumor,15
weibo,3910938920749462,non-rumor,18
weibo,3634022108721584,false,1
weibo,3908051088071035,non-rumor,8
weibo,3457259298831551,false,2
weibo,3918826883810326,non-rumor,14
weibo,3569846765439099,false,8
weibo,3516642124852390,false,19
weibo,3555301305301144,false,5
weibo,3588397069256424,false,5
weibo,3458052025942521,false,28
weibo,3911526076914513,non-rumor,4
weibo,3908401832539292,non-rumor,9
weibo,3911629462430029,non-rumor,9
weibo,3907764923473435,non-rumor,7
weibo,3911948322532175,non-rumor,7
weibo,3533796081398006,false,4
weibo,3911613616327368,non-rumor,8
weibo,3470014621826783,non-rumor,1
weibo,3908498616125052,non-rumor,1
weibo,3501718618511248,false,10
weibo,3530402973224216,false,1
weibo,3694167773707412,false,3
weibo,3528353220590227,non-rumor,1
weibo,3914528939180058,non-rumor,8
weibo,3489091498346620,false,14
weibo,3532592022444576,non-rumor,6
weibo,3914485783721612,non-rumor,26
weibo,3919242904338369,non-rumor,6
weibo,3907538766250347,non-rumor,2
weibo,3478344538091714,false,5
weibo,3919235312535884,non-rumor,13
weibo,3910531486725508,non-rumor,5
weibo,3492449035178406,false,3
weibo,3557143678916521,non-rumor,3
weibo,3479432260028908,false,25
weibo,3604583995292143,false,19
weibo,3907721218947505,non-rumor,15
weibo,3476366005708918,false,10
weibo,3613487521466515,false,9
weibo,3522200353278168,non-rumor,6
weibo,3500592116827973,false,1
weibo,3834078090368078,non-rumor,11
weibo,10932789204,non-rumor,1
weibo,3569141380330160,false,8
weibo,3511619034372010,false,9
weibo,3624168329816340,false,1
weibo,3549696167557624,false,3
weibo,3553172620433013,false,15
weibo,3909234964507247,non-rumor,2
weibo,3919218464045517,non-rumor,10
weibo,3908305132682766,non-rumor,44
weibo,3910880943042012,non-rumor,30
weibo,3517609569657070,false,23
weibo,3910536557540227,non-rumor,10
weibo,3909940878248378,non-rumor,6
weibo,3553961631599530,false,8
weibo,3609897889183181,non-rumor,1
weibo,3694459651213688,false,1
weibo,3579991210320728,false,24
weibo,3910895841221729,non-rumor,27
weibo,3547930159640406,false,3
weibo,3907774192606614,non-rumor,11
weibo,3554239139423262,false,2
weibo,3491564464892130,false,13
weibo,3911374197339617,non-rumor,9
weibo,3553850860066204,false,5
weibo,3492335394659283,false,4
weibo,3834413324425729,non-rumor,7
weibo,3502560654807856,non-rumor,4
weibo,3517436147959632,false,2
weibo,3513524204261047,false,13
weibo,3469654431140098,non-rumor,3
weibo,3604696122007267,false,11
weibo,3617838936120152,false,29
weibo,3582516126811860,false,4
weibo,3911378500959109,non-rumor,27
weibo,3914475059005569,non-rumor,24
weibo,3914124251501287,non-rumor,12
weibo,3676820240835145,non-rumor,9
weibo,3921687059492227,non-rumor,8
weibo,3473987764367627,non-rumor,19
weibo,3627214547683809,non-rumor,7
weibo,3911360448444981,non-rumor,3
weibo,3551792254052062,false,3
weibo,3486783347798216,false,3
weibo,3488736321072433,false,15
weibo,3914130941495346,non-rumor,18
weibo,3520628361437697,false,27
weibo,3543916475030592,non-rumor,8
weibo,3506150592854791,false,24
weibo,3487191655426766,false,3
weibo,3558777120956241,false,10
weibo,3498165074635652,false,13
weibo,3504442924082177,non-rumor,5
weibo,3488985853178103,false,4
weibo,3586622715271375,false,1
weibo,3552909620538529,false,12
weibo,3911555520967095,non-rumor,19
weibo,3579820426640084,non-rumor,3
weibo,3579440602398214,false,10
weibo,3532899825071070,false,8
weibo,3491543916953598,false,2
weibo,3911647087746267,non-rumor,7
weibo,3492306789391522,false,8
weibo,3694185204785962,false,10
weibo,3911617139865476,non-rumor,1
weibo,3569288578928062,false,6
weibo,3555300805949457,false,2
weibo,3911718809847756,non-rumor,3
weibo,3479678805595388,false,16
weibo,3553647100972891,false,8
weibo,3911526291081357,non-rumor,4
weibo,3918162631861421,non-rumor,13
weibo,3605737424996159,false,12
weibo,3909052490387957,non-rumor,21
weibo,3651557289355820,non-rumor,16
weibo,3570564616762329,false,5
weibo,3912297066216170,non-rumor,3
weibo,3529219726806472,false,4
weibo,3912122721066568,non-rumor,1
weibo,3911554049059079,non-rumor,21
weibo,3918144744169775,non-rumor,27
weibo,3499582631364492,false,21
weibo,3918858068473932,non-rumor,19
weibo,3492120985737840,non-rumor,50
weibo,3688167146464361,false,1
weibo,3492438201386444,false,16
weibo,3654811868025904,non-rumor,34
weibo,3909213552519851,non-rumor,4
weibo,3908027142397376,non-rumor,20
weibo,3909020202624381,non-rumor,5
weibo,3910919157368349,non-rumor,4
weibo,3909190147489524,non-rumor,14
weibo,3912043193071834,non-rumor,1
weibo,3919248684821282,non-rumor,12
weibo,3909877653359066,non-rumor,3
weibo,3522062918819998,false,14
weibo,3501881290297597,false,2
weibo,3908999831051027,non-rumor,13
weibo,3911214507356818,non-rumor,7
weibo,3601556823599188,false,26
weibo,3910451819682868,non-rumor,29
weibo,3481908875335317,false,1
weibo,3569219192669812,false,2
weibo,3484404997459078,false,10
weibo,3687649808276918,false,5
weibo,3914425381554655,non-rumor,49
weibo,3510860377096117,false,19
weibo,3492313617595414,false,3
weibo,3488848166740066,false,28
weibo,3539031692004076,false,14
weibo,3521621492850391,false,27
weibo,3672930778793583,non-rumor,4
weibo,3604598545282849,false,15
weibo,3487894423824142,false,4
weibo,3558681310591060,false,4
weibo,3911625650101854,non-rumor,4
weibo,3578869267070369,false,15
weibo,3532894309655677,false,21
weibo,3580088660229461,false,19
weibo,12654431093,false,2
weibo,3490019467667327,false,9
weibo,3525690437894314,false,7
weibo,3834073434922787,non-rumor,20
weibo,3578285000527482,false,3
weibo,3559025192971820,false,11
weibo,3584147475788190,false,10
weibo,3508416951695244,false,15
weibo,3694168818228069,false,7
weibo,3911949131438164,non-rumor,16
weibo,10898255329,non-rumor,4
weibo,3911888670402348,non-rumor,20
weibo,3517835907208784,false,4
weibo,3477849484677354,false,31
weibo,3918897180569639,non-rumor,25
weibo,3636271064499418,false,17
weibo,3909790662762722,non-rumor,25
weibo,3914923430105319,non-rumor,15
weibo,3909770333691623,non-rumor,2
weibo,3911528824756017,non-rumor,2
weibo,3908113817770050,non-rumor,5
weibo,3546287011912487,false,1
weibo,3914901023683046,non-rumor,15
weibo,3914976596906769,non-rumor,16
weibo,3911033276531097,non-rumor,1
weibo,3591247774522147,false,13
weibo,3914889170533419,non-rumor,14
weibo,3911920471958570,non-rumor,11
weibo,3907952283331336,non-rumor,3
weibo,3660623290187048,non-rumor,1
weibo,3911979271739890,non-rumor,9
weibo,3908268072232551,non-rumor,4
weibo,3499135082795848,false,22
weibo,3914961417767122,non-rumor,22
weibo,3914946708564833,non-rumor,18
weibo,3565323066309899,non-rumor,13
weibo,3531576794677889,false,1
weibo,3506620472685845,non-rumor,3
weibo,3834100806402441,non-rumor,7
weibo,3622725757288236,non-rumor,5
weibo,3557585443383199,false,16
weibo,3488808240636203,false,8
weibo,3577607247445512,false,10
weibo,3532657386723950,false,19
weibo,3488795100412304,non-rumor,18
weibo,3572064554102299,false,5
weibo,3516243602868527,false,14
weibo,3539770724065765,false,6
weibo,3524953842289337,false,2
weibo,3911239283516774,non-rumor,9
weibo,3654241056553871,non-rumor,9
weibo,3908469419209714,non-rumor,23
weibo,3476689298354467,false,9
weibo,3554657370907067,false,3
weibo,3907909890768546,non-rumor,31
weibo,6707065365,false,3
weibo,3522122414861285,false,4
weibo,3471447018505175,non-rumor,3
weibo,3834428281446391,non-rumor,9
weibo,3604683006393355,false,29
weibo,3498498710659473,false,14
weibo,3578563875680633,false,1
weibo,3493189724090283,false,15
weibo,3580340301602868,false,4
weibo,3558727770195109,false,24
weibo,3834075334862639,non-rumor,5
weibo,3457186108155483,false,13
weibo,3909106341762751,non-rumor,1
weibo,3907613760663013,non-rumor,1
weibo,3539582136032517,non-rumor,13
weibo,3606841663165498,false,3
weibo,3912322675976706,non-rumor,11
weibo,3909865346825390,non-rumor,4
weibo,3921818328763025,non-rumor,15
weibo,3499370114821597,non-rumor,5
weibo,3534383233018984,false,13
weibo,3909910896927653,non-rumor,12
weibo,3918816561708438,non-rumor,5
weibo,3563853944567995,false,7
weibo,3918570196626796,non-rumor,14
weibo,3911688812086927,non-rumor,4
weibo,3908355397127364,non-rumor,21
weibo,3578265614473435,false,1
weibo,3547825524904328,false,12
weibo,3499877922886432,false,2
weibo,3585980587979782,non-rumor,10
weibo,3909835198769784,non-rumor,35
weibo,3909713169323084,non-rumor,1
weibo,3911327594559028,non-rumor,16
weibo,3555670261721720,false,3
weibo,3489142434505515,false,3
weibo,3536934448194556,false,11
weibo,3914968975997800,non-rumor,17
weibo,3914490971745534,non-rumor,20
weibo,3911922308909714,non-rumor,16
weibo,3491758837369120,non-rumor,4
weibo,3921748573067295,non-rumor,17
weibo,3912008229848552,non-rumor,1
weibo,8980862201,non-rumor,1
weibo,11964076776,non-rumor,1
weibo,3536502098911595,false,2
weibo,3907641442696810,non-rumor,5
weibo,3907674279984844,non-rumor,3
weibo,3569222418287404,false,6
weibo,3485011523234912,false,5
weibo,3912009218997055,non-rumor,1
weibo,3484706283005758,false,3
weibo,3911995747172194,non-rumor,13
weibo,3911224376663144,non-rumor,20
weibo,3565267227940950,false,18
weibo,3536568360651934,false,14
weibo,3544867177036329,false,14
weibo,3576042239113712,false,7
weibo,3510959064772874,false,28
weibo,3433412746212220,non-rumor,11
weibo,3911700048563578,non-rumor,32
weibo,3565645549053109,false,12
weibo,3553902362331431,false,2
weibo,3454043504573737,false,2
weibo,3911903774301077,non-rumor,23
weibo,3679823413017243,non-rumor,32
weibo,3635767257237167,false,2
weibo,3488808366711890,false,3
weibo,3569089802496496,false,25
weibo,12216647286,non-rumor,9
weibo,13098999976,false,24
weibo,3911903841990976,non-rumor,6
weibo,3569271974566222,false,5
weibo,3457125642347785,false,6
weibo,3909978840125858,non-rumor,13
weibo,3569931909734520,false,8
weibo,3471103924123845,non-rumor,4
weibo,3911798334088688,non-rumor,6
weibo,3910941173183294,non-rumor,20
weibo,3911962918034448,non-rumor,2
weibo,3580294068085232,false,3
weibo,3911712522642187,non-rumor,13
weibo,3455471589732561,false,1
weibo,3911958783167017,non-rumor,9
weibo,3908279900019613,non-rumor,17
weibo,8949574161,non-rumor,4
weibo,3907977909816349,non-rumor,9
weibo,3653561013720346,false,2
weibo,3591226282354290,false,1
weibo,3476014229176895,false,49
weibo,3573296614607302,non-rumor,10
weibo,3911284951466834,non-rumor,7
weibo,3911547674410351,non-rumor,3
weibo,3536930908133683,false,2
weibo,3833699889630785,non-rumor,32
weibo,3921716080081688,non-rumor,23
weibo,3484491677245790,false,10
weibo,3599155752940696,false,14
weibo,3909881029559271,non-rumor,10
weibo,3484391252789011,false,2
weibo,3910922311507143,non-rumor,30
weibo,3912118691032228,non-rumor,1
weibo,3911699684260756,non-rumor,6
weibo,3575785065272785,false,8
weibo,3569265619805107,false,2
weibo,3563847472675997,false,6
weibo,3907537466108880,non-rumor,15
weibo,3921725987022553,non-rumor,25
weibo,3908097447463577,non-rumor,2
weibo,3533618351401336,false,6
weibo,3567840542451486,false,2
weibo,3508040840360783,false,4
weibo,3908317959353938,non-rumor,7
weibo,3515523134837511,false,6
weibo,3517844509331642,false,4
weibo,3478700387008482,false,3
weibo,3476770433092020,false,2
weibo,3520689485118838,non-rumor,6
weibo,3908415799309204,non-rumor,3
weibo,3485365795239563,false,15
weibo,3908491292840863,non-rumor,4
weibo,3514193703878383,false,11
weibo,3907604092296009,non-rumor,16
weibo,3912127565307478,non-rumor,15
weibo,3907553538489864,non-rumor,8
weibo,3569593329031718,false,3
weibo,3666066452659216,non-rumor,1
weibo,3911532137863139,non-rumor,4
weibo,3909729702769305,non-rumor,15
weibo,3550798464082936,false,10
weibo,3514952302549626,non-rumor,6
weibo,3922073275117223,non-rumor,18
weibo,4797774195,non-rumor,5
weibo,3485790535605269,false,13
weibo,3911659771065069,non-rumor,22
weibo,3640534125561830,false,23
weibo,3550768910663166,false,20
weibo,3911682374411023,non-rumor,18
weibo,3580296563943100,false,1
weibo,3590615252498304,false,3
weibo,3439501617989602,non-rumor,3
weibo,3911783233890520,non-rumor,8
weibo,3489147207827234,false,2
weibo,3911966735360284,non-rumor,20
weibo,3475357284342594,false,10
weibo,9743573309,non-rumor,2
weibo,3915269913649305,non-rumor,10
weibo,3918549149923877,non-rumor,18
weibo,3497885721431130,non-rumor,6
weibo,3495965648820880,non-rumor,2
weibo,3910441652665078,non-rumor,2
weibo,3569279633422411,false,5
weibo,3677301704980825,non-rumor,15
weibo,3697946027940242,false,14
weibo,3910424041257196,non-rumor,4
weibo,3521783459977821,false,3
weibo,3555358251621326,false,17
weibo,3574739584933038,false,5
weibo,3531260229612051,non-rumor,21
weibo,3911967699996436,non-rumor,14
weibo,3692884458714770,non-rumor,3
weibo,3489137766221618,false,2
weibo,7704392289,non-rumor,2
weibo,3914908565313617,non-rumor,15
weibo,3909730034100384,non-rumor,23
weibo,3604301987098116,false,2
weibo,3493879288634088,false,9
weibo,3556261566079424,false,5
weibo,3908475694788423,non-rumor,4
weibo,3569363711592162,false,5
weibo,3514207993874298,false,6
weibo,3592866397513102,non-rumor,3
weibo,3909714096640932,non-rumor,5
weibo,3573102354705643,false,25
weibo,3453649164777578,false,5
weibo,3833717329786875,non-rumor,9
weibo,3912130270664370,non-rumor,3
weibo,3911723117351575,non-rumor,1
weibo,3907722464154884,non-rumor,5
weibo,3503200768806063,false,19
weibo,3517026347649064,false,14
weibo,3563719940577536,false,13
weibo,3909868744701447,non-rumor,22
weibo,3482503652382705,false,4
weibo,12507236437,false,1
weibo,3684090567660542,false,6
weibo,3484406834408808,false,13
weibo,3555177980518814,non-rumor,1
weibo,3553966325501855,false,8
weibo,3563761564568343,false,4
weibo,3539552264519431,false,16
weibo,3911693182521474,non-rumor,1
weibo,3439074688233106,false,4
weibo,3907802441146693,non-rumor,9
weibo,3694226967432406,false,4
weibo,3509508498195418,non-rumor,11
weibo,3533257528667942,false,3
weibo,3535733682311516,false,2
weibo,3907672002352486,non-rumor,5
weibo,3562989984482763,false,2
weibo,3833708971216979,non-rumor,3
weibo,3647566757936009,non-rumor,1
weibo,3602631093667066,false,10
weibo,3491555228499082,false,2
weibo,12757294341,non-rumor,2
weibo,3536931868138242,false,1
weibo,3549718543789565,false,13
weibo,3501410584664439,false,15
weibo,3616058735120675,non-rumor,7
weibo,3522065812103874,false,2
weibo,3608024058510644,false,3
weibo,3466544342618479,false,2
weibo,3603362655796653,false,25
weibo,3521401111509221,false,1
weibo,3689424116626444,false,3
weibo,3908325869875159,non-rumor,7
weibo,3908420845008017,non-rumor,1
weibo,3576695027793562,false,4
weibo,3536977289275451,false,2
weibo,3910650566582893,non-rumor,6
weibo,3911606918675206,non-rumor,15
weibo,3648490913471131,non-rumor,18
weibo,3912470059628015,non-rumor,1
weibo,3569094693330405,false,3
weibo,3915301919412701,non-rumor,8
weibo,3917846436132346,non-rumor,4
weibo,3915265685218758,non-rumor,15
weibo,3512941707698187,false,4
weibo,3585948313073053,false,1
weibo,3509294178132362,false,1
weibo,3501181219249446,non-rumor,10
weibo,3909870380587588,non-rumor,7
weibo,3533039621438092,false,6
weibo,3919005561171297,non-rumor,8
weibo,3518033702079394,false,2
weibo,3542393175448897,false,9
weibo,3600092441727665,false,8
weibo,3516394706413105,false,6
weibo,3833738527624445,non-rumor,7
weibo,3834071521967630,non-rumor,13
weibo,3912028354136816,non-rumor,10
weibo,3907765296170120,non-rumor,10
weibo,3557209810116804,false,11
weibo,3556539375796087,false,4
weibo,3494620366946102,false,1
weibo,3592527049606331,false,4
weibo,3915264850500949,non-rumor,9
weibo,3562788012496912,non-rumor,4
weibo,3477785811268462,false,34
weibo,3834076907508891,non-rumor,6
weibo,3910560418271771,non-rumor,1
weibo,3602915262117377,false,7
weibo,3909011709547389,non-rumor,8
weibo,3911529298581977,non-rumor,17
weibo,3833703510236010,non-rumor,8
weibo,3909835047114840,non-rumor,5
weibo,3453675689558352,false,3
weibo,3450436449719481,non-rumor,6
weibo,3486854890044793,false,2
weibo,3516763150499458,non-rumor,8
weibo,3460892992058399,false,1
weibo,3506164542817955,false,6
weibo,3909198050136987,non-rumor,5
weibo,3454620153860425,false,9
weibo,3575217886387632,false,49
weibo,3908338607253611,non-rumor,2
weibo,3536966278412964,false,5
weibo,10313557537,non-rumor,1
weibo,3694204825800094,non-rumor,5
weibo,3911911597011200,non-rumor,18
weibo,3911224553069203,non-rumor,8
weibo,3909736988446238,non-rumor,15
weibo,3511106943375346,false,1
weibo,3476748811452994,false,1
weibo,11438101888,non-rumor,2
weibo,3569884660791223,false,13
weibo,3574381252628542,non-rumor,2
weibo,3918610659289460,non-rumor,22
weibo,3909918744551479,non-rumor,3
weibo,3542723602157480,false,2
weibo,3834047337784417,non-rumor,16
weibo,3488048661079851,false,23
weibo,3539490741912632,false,1
weibo,11250977112,false,7
weibo,3918837466216239,non-rumor,6
weibo,3521768570599275,false,1
weibo,3908040866329285,non-rumor,1
weibo,3491553588609239,false,10
weibo,3453254178451240,false,3
weibo,3655373548121897,non-rumor,1
weibo,3602618083439560,false,7
weibo,3566049632681885,non-rumor,2
weibo,3501169957796744,false,1
weibo,6962039301,false,4
weibo,3912325309974979,non-rumor,2
weibo,3907730051761362,non-rumor,2
weibo,3912432261269986,non-rumor,14
weibo,3491611545989751,false,11
weibo,3907967361121363,non-rumor,16
weibo,3910514876429362,non-rumor,5
weibo,3918222925103833,non-rumor,17
weibo,3912039670038712,non-rumor,2
weibo,12287727103,non-rumor,4
weibo,9625080948,non-rumor,3
weibo,3578528366366709,false,23
weibo,3510802479124842,false,2
weibo,3505676838179912,false,1
weibo,3911739319753151,non-rumor,4
weibo,6633920051,false,4
weibo,3908039566305772,non-rumor,4
weibo,3600344279810683,false,1
weibo,3502815316353206,false,13
weibo,3457667438187103,false,2
weibo,3909848485820325,non-rumor,3
weibo,3921680700925924,non-rumor,27
weibo,3512933638517149,false,10
weibo,3909080579633565,non-rumor,5
weibo,3585025373018409,false,2
weibo,3911610009235293,non-rumor,11
weibo,3911165916902847,non-rumor,7
weibo,3909940843913103,non-rumor,6
weibo,3569481349451329,false,1
weibo,3912243625985938,non-rumor,5
weibo,3561338599266458,non-rumor,2
weibo,13205228574,non-rumor,2
weibo,3505889074147625,non-rumor,10
weibo,3535680787697664,false,2
weibo,3532621143238365,false,5
weibo,3558624364159841,false,3
weibo,3567665295750659,false,13
weibo,3549686092318187,false,11
weibo,3479034115970282,false,1
weibo,3908380814594166,non-rumor,6
weibo,3919000541555565,non-rumor,7
weibo,3636672451260096,false,2
weibo,3909867863291932,non-rumor,2
weibo,3910584586160231,non-rumor,4
weibo,3911767882914875,non-rumor,2
weibo,3498854609883720,false,18
weibo,3912120913162830,non-rumor,2
weibo,3564599817357079,non-rumor,3
weibo,3834082842524860,non-rumor,7
weibo,3488841124105986,false,5
weibo,3834423847817456,non-rumor,8
weibo,3918798811575938,non-rumor,16
weibo,10402071863,non-rumor,1
weibo,3912338589317284,non-rumor,7
weibo,3531579949138011,non-rumor,13
weibo,3513415538078719,non-rumor,5
weibo,4010312877,false,2
weibo,3908134164643998,non-rumor,18
weibo,3532661769045405,false,7
weibo,3914892753289072,non-rumor,6
weibo,3908488222513102,non-rumor,9
weibo,3554974321629857,false,6
weibo,3912274626160433,non-rumor,15
weibo,3522037349608716,false,5
weibo,3545636475076588,false,13
weibo,3911929242181525,non-rumor,12
weibo,3600108606269491,false,1
weibo,3606984689469388,false,4
weibo,3907767775383794,non-rumor,3
weibo,3577958776120227,false,17
weibo,3912019549883936,non-rumor,7
weibo,3685964956754161,false,5
weibo,3569926239000633,false,2
weibo,3652600546783478,non-rumor,3
weibo,3559094051069362,false,9
weibo,3535158512224951,false,26
weibo,3509466467176769,false,1
weibo,3539498019737307,false,4
weibo,3522061769619828,false,7
weibo,3488336150630619,false,6
weibo,3638163824071052,non-rumor,2
weibo,3600000053764287,false,1
weibo,3909842714076823,non-rumor,6
weibo,3646861967361026,non-rumor,4
weibo,3918133821210651,non-rumor,15
weibo,3513470567836847,non-rumor,2
weibo,3486688405703165,non-rumor,16
weibo,3535575317211561,false,14
weibo,3460081889000627,false,5
weibo,3569591768355800,false,3
weibo,3534899925192369,false,5
weibo,3487675674072268,false,5
weibo,3910892125002183,non-rumor,15
weibo,3911633284223848,non-rumor,3
weibo,3481413565663708,false,3
weibo,3491550992977247,false,1
weibo,3911720890071487,non-rumor,3
weibo,3526368157155355,false,4
weibo,3918898157708157,non-rumor,13
weibo,3909916442346539,non-rumor,2
weibo,12441071542,non-rumor,1
weibo,3529202210905711,false,29
weibo,3586847365965288,false,3
weibo,3579260033949191,false,8
weibo,3569260964559469,false,1
weibo,3464863219571406,false,7
weibo,3491544621466572,false,2
weibo,3492491900931319,false,4
weibo,3554837192917154,false,9
weibo,3907656039178064,non-rumor,5
weibo,3500947630475466,false,15
weibo,3500938604210119,false,9
weibo,3912011039190816,non-rumor,27
weibo,3911209454097525,non-rumor,12
weibo,3675081450231320,false,6
weibo,3834059874228416,non-rumor,15
weibo,3911201756908274,non-rumor,5
weibo,3909857327002530,non-rumor,6
weibo,3615667368899920,non-rumor,5
weibo,3912304032640978,non-rumor,10
weibo,3578287747673518,false,1
weibo,3539838806516597,false,11
weibo,3535489464046592,false,3
weibo,3495381470293153,false,1
weibo,3911395463123478,non-rumor,1
weibo,3456246314758621,false,4
weibo,3552654204614789,false,9
weibo,3575967215479242,false,5
weibo,3521978864546641,false,1
weibo,3915282873501943,non-rumor,20
weibo,3911310875862785,non-rumor,1
weibo,3533739923211919,false,6
weibo,3907555955198046,non-rumor,1
weibo,3521475090385824,non-rumor,2
weibo,3551423410769068,false,24
weibo,3907937585762622,non-rumor,6
weibo,3563858042281330,false,5
weibo,3914492762739733,non-rumor,14
weibo,3469903954912172,false,1
weibo,3531095800442217,false,2
weibo,3491582114671030,false,2
weibo,3466532812650608,false,5
weibo,3918152213254937,non-rumor,16
weibo,3579816873537336,non-rumor,6
weibo,3909830366459201,non-rumor,11
weibo,12758184584,non-rumor,2
weibo,3570591862673402,false,2
weibo,3538045670262500,false,9
weibo,3909110371848688,non-rumor,4
weibo,3912492658547302,non-rumor,4
weibo,3536975887764280,false,3
weibo,3562787412287907,non-rumor,8
weibo,3921537255895684,non-rumor,7
weibo,3601548871988403,false,11
weibo,3492449014411924,false,11
weibo,3500763278016493,false,2
weibo,3911650295818152,non-rumor,13
weibo,3911752532497714,non-rumor,4
weibo,3478713406418470,non-rumor,4
weibo,3501106442896957,false,6
weibo,3911902709168817,non-rumor,1
weibo,3539541443339071,false,1
weibo,3647470162446581,false,12
weibo,3507900985440121,false,8
weibo,3833680848014537,non-rumor,11
weibo,3908408593920734,non-rumor,2
weibo,3910903437150670,non-rumor,19
weibo,3911930202309257,non-rumor,2
weibo,3479956317568921,false,4
weibo,3535633572604748,false,5
weibo,3444649723405400,non-rumor,4
weibo,3611341355232142,non-rumor,4
weibo,3559400969012088,false,5
weibo,3539478301577463,false,6
weibo,3559664044268333,false,8
weibo,3918792847535298,non-rumor,20
weibo,3912341710604013,non-rumor,9
weibo,3911388223408879,non-rumor,12
weibo,3688082220443477,false,4
weibo,3911933725993561,non-rumor,10
weibo,3521266449018655,false,6
weibo,3476808219775928,false,2
weibo,3912130354629165,non-rumor,1
weibo,3918809943738630,non-rumor,9
weibo,3912072112569585,non-rumor,5
weibo,3531594978010028,false,5
weibo,3501888588979678,false,9
weibo,3489510606556319,false,2
weibo,3670758427843473,non-rumor,1
weibo,3510961962636034,false,4
weibo,3907706370567637,non-rumor,5
weibo,3541615299321212,false,7
weibo,3502018951541090,false,3
weibo,3918200318313510,non-rumor,18
weibo,3564512882224934,false,2
weibo,3514044067395788,false,34
weibo,4981606729,false,4
weibo,3563202510025232,false,7
weibo,3553937992712129,false,5
weibo,3686350622250825,non-rumor,4
weibo,3570005641422797,false,5
weibo,3492298274631749,false,5
weibo,3908333792469229,non-rumor,11
weibo,3601521595550755,false,6
weibo,3910607822461777,non-rumor,2
weibo,3908278138535984,non-rumor,2
weibo,3476709573976614,false,1
weibo,3911910070304468,non-rumor,2
weibo,3912155558068366,non-rumor,5
weibo,3911348876126048,non-rumor,5
weibo,3912051045156180,non-rumor,6
weibo,3490117287436856,false,2
weibo,3533599414591845,false,2
weibo,3489442075923379,false,3
weibo,3911971726051113,non-rumor,5
weibo,11581092199,non-rumor,1
weibo,7001078201,non-rumor,1
weibo,3556880691584685,false,10
weibo,3602269863635520,false,3
weibo,3908502127326258,non-rumor,2
weibo,3912065942833945,non-rumor,11
weibo,3575405094635369,false,1
weibo,3480446090739784,false,3
weibo,3469652535729793,non-rumor,5
weibo,3908293502463239,non-rumor,7
weibo,3908984555495636,non-rumor,1
weibo,3918225345554362,non-rumor,5
weibo,3911614371583791,non-rumor,2
weibo,3515798561580059,false,9
weibo,3834065889631029,non-rumor,13
weibo,3607133171814941,false,7
weibo,3908469410814100,non-rumor,9
weibo,11837016096,non-rumor,12
weibo,3918586617553346,non-rumor,13
weibo,3504025666480847,false,1
weibo,3463354599350536,false,1
weibo,3608646216770601,false,3
weibo,3918869678318467,non-rumor,27
weibo,3495745049431351,false,1
weibo,3912315797607902,non-rumor,18
weibo,3500083960436926,false,6
weibo,3463366842612838,non-rumor,2
weibo,3909065074011488,non-rumor,2
weibo,3908120331582121,non-rumor,8
weibo,3907762239077870,non-rumor,9
weibo,3576715894477339,false,2
weibo,3536955356580994,false,5
weibo,3522397552936483,false,3
weibo,3912009475403378,non-rumor,1
weibo,3911979275936863,non-rumor,2
weibo,8430939637,false,6
weibo,12790739984,false,3
weibo,8876904039,false,3
weibo,3918600416952183,non-rumor,16
weibo,3908128905267093,non-rumor,3
weibo,3626014721118492,false,3
weibo,3617656609103157,false,5
weibo,3595209751759677,false,1
weibo,3693247878297640,non-rumor,15
weibo,3536217955856683,false,5
weibo,3518796410838100,false,5
weibo,3453709093058161,non-rumor,10
weibo,3911934229372688,non-rumor,4
weibo,3521423597056517,false,2
weibo,3909880446362189,non-rumor,2
weibo,3596127519169064,non-rumor,2
weibo,11182712820,non-rumor,3
weibo,3911188850873165,non-rumor,4
weibo,3515172402306293,false,6
weibo,3912125246624884,non-rumor,2
weibo,3909207164200339,non-rumor,5
weibo,3910580157407626,non-rumor,11
weibo,3597547379608131,non-rumor,3
weibo,3912453596969349,non-rumor,5
weibo,3501429299609842,false,3
weibo,3505753517822653,false,1
weibo,3909948393903231,non-rumor,1
weibo,3561338208758770,non-rumor,7
weibo,3569532876232276,false,1
weibo,3539535067086855,false,7
weibo,3559030854951184,false,11
weibo,3587929294833069,false,2
weibo,3457694545547586,non-rumor,2
weibo,3911564161889662,non-rumor,22
weibo,3451032509723824,non-rumor,2
weibo,3911748254066476,non-rumor,2
weibo,3675076107205545,false,9
weibo,3911950000362330,non-rumor,2
weibo,3914468486353367,non-rumor,19
weibo,3553903511303352,false,6
weibo,3530173875627205,false,6
weibo,3909146518716717,non-rumor,5
weibo,3556748327615046,false,2
weibo,3558790240650787,non-rumor,1
weibo,3579012888801887,false,1
weibo,3515833974728440,false,2
weibo,3689382529269084,false,7
weibo,3908344123488069,non-rumor,2
weibo,3521999906941401,false,6
weibo,3512296465128459,false,5
weibo,3907945848711531,non-rumor,5
weibo,3834429829470373,non-rumor,7
weibo,3613836680911246,false,8
weibo,3449723124357728,non-rumor,2
weibo,3576131040919374,false,2
weibo,3918914029030105,non-rumor,7
weibo,3495745049431350,false,1
weibo,3912349272611471,non-rumor,5
weibo,3911612740123984,non-rumor,10
weibo,3912326569143805,non-rumor,6
weibo,3463394076393322,false,5
weibo,3569550760883033,false,1
weibo,3921744089488701,non-rumor,16
weibo,3580155211542690,false,3
weibo,3907746418087188,non-rumor,1
weibo,3564563184610988,false,2
weibo,3553913142155429,false,8
weibo,3562224737855412,false,3
weibo,3503687710009782,false,12
weibo,3564962301422888,non-rumor,9
weibo,3908456065392538,non-rumor,1
weibo,3909916433367433,non-rumor,4
weibo,3530762815392792,false,4
weibo,3457688354734395,false,10
weibo,3480826623197529,non-rumor,1
weibo,13347733575,false,6
weibo,3531794916008696,false,1
weibo,3908412293266607,non-rumor,1
weibo,3912126106199714,non-rumor,12
weibo,3430152690624619,non-rumor,6
weibo,3911707514334936,non-rumor,2
weibo,3912130770571858,non-rumor,1
weibo,3650847810504828,non-rumor,1
weibo,3911742717105997,non-rumor,3
weibo,3511117647560269,false,4
weibo,3675680594481105,false,6
weibo,3909955944427717,non-rumor,6
weibo,3907742282069764,non-rumor,18
weibo,3912120246769854,non-rumor,1
weibo,3569284976394649,false,2
weibo,3907917482478864,non-rumor,4
weibo,3539500829255294,false,8
weibo,3567477496185720,false,8
weibo,3535417732775353,non-rumor,1
weibo,3515617766503869,false,9
weibo,3914981567819552,non-rumor,11
weibo,3515279999381858,false,3
weibo,11222430092,false,2
weibo,3909204790455169,non-rumor,2
weibo,3535443205803747,non-rumor,1
weibo,3524541773271951,false,2
weibo,3516380156720562,false,3
weibo,3912054773485313,non-rumor,2
weibo,3575278997524651,false,4
weibo,3542785078505880,false,1
weibo,3912470026678546,non-rumor,4
weibo,3586603458858758,false,7
weibo,3907774641622329,non-rumor,3
weibo,9006189127,false,2
weibo,3553951221701502,false,6
weibo,3491717829841601,false,9
weibo,3476452156883386,false,1
weibo,3909717778601599,non-rumor,2
weibo,3908326259590384,non-rumor,3
weibo,3918139945635877,non-rumor,17
weibo,3911934732633276,non-rumor,14
weibo,3907694844559315,non-rumor,6
weibo,3569810916533704,false,3
weibo,3911216777010570,non-rumor,3
weibo,3921817804596092,non-rumor,5
weibo,3434123093914908,non-rumor,3
weibo,3919000540671529,non-rumor,8
weibo,3561586113832448,false,7
weibo,3563617561986680,false,1
weibo,3911224892416515,non-rumor,10
weibo,3569193523468717,false,4
weibo,3603594810790261,false,6
weibo,3580865684424007,false,5
weibo,3911545597411868,non-rumor,2
weibo,3575637757640196,false,5
weibo,3908374321781246,non-rumor,2
weibo,3499181094188702,false,5
weibo,3476761289518680,false,1
weibo,3478863390881124,false,3
weibo,3909107402936056,non-rumor,3
weibo,3909864088209357,non-rumor,1
weibo,3538326063612101,false,2
weibo,3567627990991236,false,5
weibo,3562788121471307,non-rumor,1
weibo,3469650639293155,false,3
weibo,3653015724387919,non-rumor,7
weibo,3570377932253887,false,8
weibo,3586629925308711,false,3
weibo,3569099457693002,false,11
weibo,3910516650852132,non-rumor,1
weibo,3911959143048316,non-rumor,6
weibo,3459357758498843,false,12
weibo,3585561417472269,false,1
weibo,3600109428774504,non-rumor,1
weibo,3524337074071754,false,1
weibo,3476757086903786,false,3
weibo,3907888067892917,non-rumor,7
weibo,3912075698616873,non-rumor,5
weibo,3547468505446787,false,5
weibo,12442329370,non-rumor,3
weibo,3492446053240133,false,1
weibo,3500800086806326,false,7
weibo,3533777328272766,false,9
weibo,3909103313731301,non-rumor,1
weibo,3478907988973801,false,8
weibo,3909812502447585,non-rumor,10
weibo,3910466809821082,non-rumor,2
weibo,3908529045700661,non-rumor,3
weibo,3910910986741156,non-rumor,11
weibo,3477264421699168,non-rumor,2
weibo,3834070179969588,non-rumor,14
weibo,3487581708809960,false,2
weibo,3689501911995200,false,1
weibo,3488800305562925,false,6
weibo,3911624588597252,non-rumor,8
weibo,3512580532102919,non-rumor,4
weibo,3491916861467733,false,4
weibo,3694446074391241,false,4
weibo,3457519378932573,false,3
weibo,3569424609073241,false,4
weibo,3912126810655436,non-rumor,9
weibo,3521052032264897,false,2
weibo,3537427450560806,false,5
weibo,10031994215,non-rumor,2
weibo,3535619814650950,false,7
weibo,3681650875927989,non-rumor,1
weibo,3907774184027853,non-rumor,3
weibo,3564006922834971,false,3
weibo,3907203569826732,non-rumor,2
weibo,3588639966003346,false,1
weibo,3581630880998635,non-rumor,1
weibo,3502570838211299,false,5
weibo,3476011099904602,false,4
weibo,3694197800124348,false,1
weibo,3512642733943490,false,1
weibo,3912312723077595,non-rumor,2
weibo,3635627893359610,non-rumor,7
weibo,3914901938416248,non-rumor,5
weibo,3487564139075943,false,1
weibo,3529973463269899,false,15
weibo,3834068686566621,non-rumor,9
weibo,3484419925117064,false,3
weibo,3909822313010295,non-rumor,1
weibo,3910586360688522,non-rumor,1
weibo,3908449815394494,non-rumor,1
weibo,3907989297245847,non-rumor,3
weibo,3911926671063846,non-rumor,5
weibo,3912116681460638,non-rumor,2
weibo,8733329059,false,1
weibo,3908355397487017,non-rumor,4
weibo,3911926532340747,non-rumor,3
weibo,3470379446370355,non-rumor,1
weibo,3909887987798576,non-rumor,11
weibo,3487641032588572,false,6
weibo,4773139373,false,2
weibo,3918776061740918,non-rumor,1
weibo,3549694913487439,false,6
weibo,3647791215625771,false,4
weibo,3911692888965327,non-rumor,7
weibo,3569092772169356,false,6
weibo,3907721235985362,non-rumor,5
weibo,3688778810495566,false,1
weibo,3571814817013398,false,9
weibo,3912523109318737,non-rumor,5
weibo,3911180017645937,non-rumor,2
weibo,3909224272603584,non-rumor,5
weibo,3530990352007663,false,1
weibo,3591906363734814,false,9
weibo,3538819598740889,false,15
weibo,3587410875051088,false,2
weibo,3476789282686011,false,3
weibo,3911589838942874,non-rumor,14
weibo,3911592477026745,non-rumor,2
weibo,3529446583363723,non-rumor,1
weibo,3911722676802963,non-rumor,4
weibo,3908081341248071,non-rumor,1
weibo,3908334291494175,non-rumor,2
weibo,3519295285474674,non-rumor,1
weibo,3495660563571954,false,4
weibo,3911548663425648,non-rumor,1
weibo,3576395840224763,false,2
weibo,3907760591057806,non-rumor,6
weibo,3478912548201005,false,4
weibo,3907740113876460,non-rumor,2
weibo,3476741144504142,false,6
weibo,6412146003,false,5
weibo,3911225991263829,non-rumor,4
weibo,3911189433765615,non-rumor,12
weibo,3908463610306944,non-rumor,2
weibo,3491014906301836,false,1
weibo,4473713031,false,2
weibo,3510857797616558,false,1
weibo,3531109889902991,false,1
weibo,3475560997435225,false,5
weibo,3457580171289757,false,2
weibo,3906982031327232,non-rumor,2
weibo,3912471200872447,non-rumor,2
weibo,3561176371402127,false,1
weibo,3907932616310839,non-rumor,2
weibo,3530782356144891,non-rumor,1
weibo,3530534610992844,non-rumor,1
weibo,3607165052689827,false,1
weibo,3912115171801095,non-rumor,5
weibo,3912488443950674,non-rumor,1
weibo,12285869290,false,3
weibo,3536932275626915,false,3
weibo,3908337785696015,non-rumor,4
weibo,3908272425828546,non-rumor,2
weibo,3683685465521563,false,7
weibo,3479662610836567,false,2
weibo,3911923512610736,non-rumor,11
weibo,3558817197418963,false,6
weibo,3593732223957950,false,4
weibo,3554968256246645,false,2
weibo,3651935573504942,non-rumor,1
weibo,3911904030111048,non-rumor,2
weibo,8083591237,non-rumor,4
weibo,9123353039,false,6
weibo,3451896830701129,non-rumor,2
weibo,3563996361613481,false,4
weibo,3493025545786832,false,8
weibo,11501258141,non-rumor,3
weibo,3585553637175264,false,1
weibo,3911643618304355,non-rumor,2
weibo,3909026523657111,non-rumor,2
weibo,3912011026938721,non-rumor,2
weibo,3535810479128076,false,11
weibo,3907687245242179,non-rumor,2
weibo,3536853955568605,false,1
weibo,3554453552400460,false,3
weibo,3505168220090831,non-rumor,2
weibo,3912147014307737,non-rumor,2
weibo,3445012077720918,non-rumor,2
weibo,3690347769409020,false,5
weibo,3908378046285512,non-rumor,3
weibo,3625811233733342,false,1
weibo,4568996921,false,2
weibo,3909805230216491,non-rumor,2
weibo,3526791279041276,false,4
weibo,3911752834182756,non-rumor,1
weibo,8435765103,false,1
weibo,3478611753805809,false,1
weibo,3908030758897110,non-rumor,6
weibo,3551837967798237,false,3
weibo,3482573265648766,false,1
weibo,3543325993101342,false,4
weibo,11360556282,false,6
weibo,3559075776717503,false,1
weibo,3484399150588225,false,2
weibo,3514513053468659,non-rumor,2
weibo,3907906255129247,non-rumor,2
weibo,3452380966725128,false,2
weibo,3586161802851398,false,1
weibo,3907769314679625,non-rumor,1
weibo,13064253526,non-rumor,4
weibo,3909223551822426,non-rumor,9
weibo,3833722241337540,non-rumor,9
weibo,3507329591118147,false,8
weibo,3531107364451044,false,6
weibo,3516342533967379,false,1
weibo,3567765702683846,false,1
weibo,3568017994779268,false,3
weibo,3549630589067248,false,1
weibo,3486993755138946,false,7
weibo,3834089641684367,non-rumor,4
weibo,3482907555552365,non-rumor,4
weibo,3601817860469457,false,5
weibo,3908072789110983,non-rumor,3
weibo,3921567454976959,non-rumor,11
weibo,3535439631439061,false,5
weibo,3569223680606835,false,4
weibo,3511114191217907,false,4
weibo,3697941531177495,false,6
weibo,3560839409344455,false,12
weibo,3561129584857414,false,3
weibo,3911842122946442,non-rumor,5
weibo,3479591228668237,false,8
weibo,3587306604295652,false,1
weibo,3480524767435929,non-rumor,3
weibo,3453589098135002,false,2
weibo,3460099291076843,false,2
weibo,3531524093331821,false,4
weibo,3908098957544079,non-rumor,4
weibo,3562951304661788,false,1
weibo,3546270792350128,false,4
weibo,3489097953609637,false,3
weibo,3907913800547803,non-rumor,3
weibo,3642694800544710,false,5
weibo,3484442163066222,false,4
weibo,3918890788416166,non-rumor,7
weibo,4964088237,false,8
weibo,3911801882009382,non-rumor,3
weibo,3533981360632497,false,4
weibo,3912311506761655,non-rumor,10
weibo,3569519433492683,false,5
weibo,3912321703188582,non-rumor,1
weibo,3503676871907725,false,4
weibo,3521314507286931,false,1
weibo,3694171070278864,false,1
weibo,3484401939493750,false,15
weibo,3911896228448019,non-rumor,1
weibo,3536994468466103,false,6
weibo,3510817628717886,false,5
weibo,12666286386,false,2
weibo,3552922828553742,false,2
weibo,3911716956112734,non-rumor,6
weibo,3911724497530251,non-rumor,4
weibo,3558620920552382,false,2
weibo,3453638683142474,false,2
weibo,3498638225486469,false,7
weibo,3911363984553367,non-rumor,3
weibo,3551764454340038,false,3
weibo,3490083770692016,false,2
weibo,3609151533781720,false,1
weibo,3597185771771477,false,3
weibo,3653384785642009,false,1
weibo,3598828055639876,false,1
weibo,3593500484588570,false,5
weibo,3476347987243728,false,3
weibo,3438378559523372,non-rumor,1
weibo,3489892804149018,false,3
weibo,3533234900561204,false,5
weibo,3570244972675763,false,2
weibo,3558722909032368,false,1
weibo,14573415538,false,6
weibo,3908011628604361,non-rumor,1
weibo,3513487764664286,false,4
weibo,3559060366746545,false,1
weibo,3566612324133887,false,8
weibo,3501502087940050,false,1
weibo,9131655687,non-rumor,4
weibo,3489035978933121,false,3
weibo,3912111397202316,non-rumor,1
weibo,3459991333888542,false,1
weibo,3466379833885944,false,2
weibo,3911979275786458,non-rumor,2
weibo,3511492924642282,false,2
weibo,12789225212,non-rumor,1
weibo,3587660373071129,false,3
weibo,3911550844354403,non-rumor,1
weibo,3489163980623509,false,3
weibo,3911873579462837,non-rumor,2
weibo,3578318651907396,false,3
weibo,9336971611,non-rumor,2
weibo,3531110162192187,false,1
weibo,3911745246966630,non-rumor,3
weibo,3476756831300415,false,6
weibo,3445012135801368,non-rumor,1
weibo,3908269858475892,non-rumor,1
weibo,3559632658681336,false,2
weibo,3912236004829011,non-rumor,5
weibo,3556950916318598,false,10
weibo,3584311347250126,non-rumor,3
weibo,3476671204519909,false,1
weibo,3490079798609754,false,1
weibo,3561233753951411,false,13
weibo,3911586433709648,non-rumor,1
weibo,3567644815253057,false,2
weibo,3572048154848486,false,8
weibo,3660535071939322,false,2
weibo,3516345091714694,false,1
weibo,3456465409077567,false,2
weibo,3487316846362296,false,2
weibo,3522057663384354,false,2
weibo,3578242625631799,false,2
weibo,3599887834485486,false,11
weibo,3513445360222163,false,1
weibo,3512383823888408,false,1
weibo,3912414557305085,non-rumor,2
weibo,3567987384249393,false,5
weibo,3569536332453552,false,1
weibo,3909203494678531,non-rumor,1
weibo,3438126712625357,non-rumor,1
weibo,3567813065474996,false,2
weibo,3911949580396959,non-rumor,4
weibo,3507188213489088,false,2
weibo,3514757086467700,false,1
weibo,4899667273,non-rumor,1
weibo,3528985663560555,non-rumor,1
weibo,3911259449951463,non-rumor,4
weibo,3493743171201367,false,5
weibo,3562324654865954,false,1
weibo,3697946598058579,false,3
weibo,3911173408152182,non-rumor,2
weibo,3476903199574746,false,2
weibo,3908511328776502,non-rumor,2
weibo,3911964176727209,non-rumor,4
weibo,3524928957451510,false,4
weibo,3911311454806026,non-rumor,5
weibo,3911561645625975,non-rumor,1
weibo,3908438461787844,non-rumor,1
weibo,3909007201225021,non-rumor,4
weibo,3908339039440845,non-rumor,5
weibo,3917861892130178,non-rumor,3
weibo,3551774499537875,false,4
weibo,3599905131947401,false,1
weibo,3580408832559076,false,4
weibo,3918187899385191,non-rumor,3
weibo,3476754284979460,false,1
weibo,3514180600361613,false,3
weibo,3516598901979378,false,4
weibo,3910886576495534,non-rumor,5
weibo,3908424620376483,non-rumor,2
weibo,3531260389010566,non-rumor,6
weibo,3519294278985282,non-rumor,1
weibo,3510486559337117,false,1
weibo,3561663095784004,false,2
weibo,3908072726140703,non-rumor,1
weibo,3525081986261659,false,2
weibo,3542723967098058,false,3
weibo,3647224606716187,non-rumor,1
weibo,3466755555287130,non-rumor,4
weibo,3539497507926156,false,6
weibo,3688527940153648,false,5
weibo,3468204649472402,non-rumor,1
weibo,3522018328701914,false,3
weibo,3510241607927503,false,1
weibo,3909860565341313,non-rumor,5
weibo,3556873166909356,false,1
weibo,3455119418952354,false,1
weibo,3492701478000644,false,1
weibo,10826063736,non-rumor,3
weibo,3569138116640284,false,5
weibo,3476703361978782,false,1
weibo,3633091350588161,non-rumor,2
weibo,3911274242793202,non-rumor,2
weibo,3908354138950892,non-rumor,1
weibo,3476728628724751,false,2
weibo,3477927952120795,false,4
weibo,3484661135482506,false,4
weibo,3522924717364482,non-rumor,1
weibo,3568023296209499,false,2
weibo,12288387045,non-rumor,1
weibo,7152081523,false,3
weibo,3919173979645297,non-rumor,6
weibo,3539492730542759,false,6
weibo,3909981118438430,non-rumor,1
weibo,3559636357693739,false,3
weibo,3505857700455984,false,3
weibo,3487239915378586,false,1
weibo,3491548534228211,false,2
weibo,3481894371372964,false,1
weibo,3535622159975022,false,1
weibo,3492448519351538,false,11
weibo,3909721603968906,non-rumor,1
weibo,3912120960000007,non-rumor,3
weibo,3576542078570351,false,1
weibo,3665654191190871,non-rumor,1
weibo,3487620577388688,false,2
weibo,3909125484148394,non-rumor,3
weibo,4837795857,non-rumor,1
weibo,3459289069282624,false,2
weibo,3524998339644279,false,5
weibo,3507621707066049,false,1
weibo,3630121455811585,false,4
weibo,3555261954877976,false,3
weibo,3908999684872232,non-rumor,1
weibo,3911684957324606,non-rumor,2
weibo,3911965183638814,non-rumor,4
weibo,3914494595719037,non-rumor,3
weibo,3908042153958170,non-rumor,3
weibo,3909895545494702,non-rumor,3
weibo,8336201314,non-rumor,1
weibo,3465560953888712,false,3
weibo,3510895101576065,false,6
weibo,3908086123292512,non-rumor,3
weibo,3683825689301521,non-rumor,2
weibo,3511134378316968,false,2
weibo,12664068005,false,5
weibo,3689061070031230,false,8
weibo,3907508567659275,non-rumor,2
weibo,3485028749216845,false,2
weibo,12123213706,non-rumor,1
weibo,3908476697237632,non-rumor,1
weibo,3911949076857549,non-rumor,4
weibo,3607150053779665,false,1
weibo,3912368843305708,non-rumor,1
weibo,3909843087976010,non-rumor,6
weibo,3912409712644378,non-rumor,1
weibo,3564471580584081,false,1
weibo,3468095584549479,false,2
weibo,3694176045064502,false,2
weibo,3653014910886649,non-rumor,1
weibo,3477260172103754,false,1
weibo,3482704601082178,false,4
weibo,3476176397792474,non-rumor,4
weibo,3580083706773071,false,1
weibo,3560951041416734,false,2
weibo,3912254711562685,non-rumor,1
weibo,3512051848589820,non-rumor,1
weibo,3616009728134268,false,1
weibo,3516618472368802,false,1
weibo,3907647017012293,non-rumor,1
weibo,3530665750336865,false,2
weibo,3590271042422629,false,5
weibo,3490095649239067,false,3
weibo,3908087397943079,non-rumor,1
weibo,3530838043711256,false,1
weibo,3587690400396038,false,7
weibo,3499193706686298,false,1
weibo,3477989117589821,non-rumor,2
weibo,3522813832871598,false,3
weibo,3481776967900908,false,6
weibo,3910673749019717,non-rumor,2
weibo,3563784566439958,false,2
weibo,3524326160871790,false,1
weibo,3907570026725605,non-rumor,2
weibo,3909726146113427,non-rumor,4
weibo,3556560317589935,false,2
weibo,3909871994572164,non-rumor,2
weibo,3911921138929315,non-rumor,1
weibo,3547708273424153,false,2
weibo,3500988793218007,false,1
weibo,3487706250691298,false,3
weibo,3500799772207648,false,1
weibo,3684128371509575,false,1
weibo,3563528071928373,false,1
weibo,3912030362314631,non-rumor,1
weibo,3580423126961016,false,1
weibo,3679107567552669,non-rumor,1
weibo,3457544725440578,false,3
weibo,7396888555,non-rumor,3
weibo,3912144623968311,non-rumor,2
weibo,3907685604630823,non-rumor,1
weibo,3438126422716322,false,2
weibo,3486845608638980,false,2
weibo,3608017679931214,false,1
weibo,3907768890833467,non-rumor,3
weibo,3908471185956650,non-rumor,1
weibo,3567842563458986,false,3
weibo,3512374956894100,false,1
weibo,3486567127953437,false,2
weibo,3522923463392487,non-rumor,3
weibo,3457653114185006,false,3
weibo,3517126788266160,non-rumor,2
weibo,3689051552962637,false,5
weibo,3530849616119957,false,4
weibo,3532588276615864,false,1
weibo,3578305611262059,false,6
weibo,3626047238603102,non-rumor,6
weibo,3448772157944114,non-rumor,2
weibo,3674403428496252,non-rumor,1
weibo,3552073255524560,false,1
weibo,3600431043127435,false,2
weibo,3909953666619191,non-rumor,2
weibo,3689304725076460,false,1
weibo,3570610216980905,false,1
weibo,3907768819451810,non-rumor,1
weibo,3461662084591146,non-rumor,1
weibo,3909208518687499,non-rumor,3
weibo,3558997711887948,false,1
weibo,3500752607250904,false,1
weibo,3435944865073410,non-rumor,3
weibo,3532600507531863,false,1
weibo,3909952911343880,non-rumor,3
weibo,3689252871531444,false,3
weibo,3459719236794007,false,3
weibo,3493096409268713,false,2
weibo,3476892676051790,false,3
weibo,3580356198047641,false,1
weibo,3567681754496978,false,1
weibo,3458398181964394,non-rumor,3
weibo,3500965435418414,false,1
weibo,3911738946486712,non-rumor,2
weibo,3912457275664648,non-rumor,2
weibo,3477645428071034,false,1
weibo,3476699603835744,false,2
weibo,12993249791,non-rumor,2
weibo,3510890932292530,false,1
weibo,9655586843,non-rumor,5
weibo,3564472088564528,false,1
weibo,3580079256785389,false,2
weibo,3569222304706496,false,2
weibo,3911529810253457,non-rumor,2
weibo,3613075443363848,false,4
weibo,3457489054090868,false,1
weibo,3486843071090659,false,1
weibo,3908387768675683,non-rumor,1
weibo,3908430169017660,non-rumor,1
weibo,12757408265,non-rumor,3
weibo,3687937889799348,false,4
weibo,3596536183304553,false,2
weibo,3496623327531255,false,3
weibo,3911254596699190,non-rumor,2
weibo,3492333762865738,false,4
weibo,3511082494250878,false,6
weibo,3912269563762149,non-rumor,6
weibo,3912054522411129,non-rumor,1
weibo,3569139052091832,false,1
weibo,3566047686974981,non-rumor,1
weibo,3556788869679111,false,2
weibo,3544268264056795,non-rumor,1
weibo,3491594072714093,false,1
weibo,3552513678488927,false,1
weibo,3569088515769132,false,2
weibo,3518055328369428,false,1
weibo,3478749062799473,false,3
weibo,3492483105635164,non-rumor,1
weibo,3664981159304255,non-rumor,1
weibo,3912121593467293,non-rumor,1
weibo,3536550971549456,false,1
weibo,3477074696556911,false,6
weibo,3908476944110054,non-rumor,6
weibo,3549630475812583,false,1
weibo,3491392947295217,non-rumor,1
weibo,3553943076098945,false,5
weibo,3555638921701628,false,2
weibo,3911394192120326,non-rumor,2
weibo,3446822750294525,non-rumor,1
weibo,3911538412778681,non-rumor,2
weibo,3560955138807805,false,2
weibo,3649723783487268,false,1
weibo,3553868174675202,false,2
weibo,3599938061281073,false,1
weibo,3907653018963554,non-rumor,1
weibo,3908997138855945,non-rumor,1
weibo,3909787378912154,non-rumor,4
weibo,3461274552166859,false,1
weibo,3907623319928759,non-rumor,2
weibo,3911330572378970,non-rumor,1
weibo,3911305851069784,non-rumor,1
weibo,3694175394066733,false,1
weibo,3502571694470352,false,1
weibo,3907910016451969,non-rumor,2
weibo,3684126836169884,false,2
weibo,3567656659726951,false,1
weibo,3558192170227570,false,4
weibo,3521102879439862,false,3
weibo,3593779291912843,false,6
weibo,4016873519,false,1
weibo,3651171602494589,false,1
weibo,3911753593236079,non-rumor,1
weibo,3476720403686044,false,1
weibo,3516204348375364,false,1
weibo,3911991649066363,non-rumor,2
weibo,3911913853345505,non-rumor,1
weibo,3491555589673815,false,1
weibo,3570221762017514,false,3
weibo,3909052499516071,non-rumor,1
weibo,3911903778977780,non-rumor,2
weibo,3570583243597176,false,2
weibo,3613009442246735,false,1
weibo,3910578118126522,non-rumor,1
weibo,3500992748769953,false,1
weibo,3911528233784300,non-rumor,1
weibo,3500969977692651,false,2
weibo,3531468229934700,false,1
weibo,3911965434762646,non-rumor,2
weibo,3585925315617773,false,3
weibo,3555189178536102,false,5
weibo,3498870451692065,false,3
weibo,3909797415541555,non-rumor,1
weibo,3475088676818687,false,1
weibo,3909910662251540,non-rumor,1
weibo,3562224750320682,false,1
weibo,3488323454364109,false,1
weibo,3664059214134545,false,2
weibo,3912290195238136,non-rumor,2
weibo,3469223404153052,false,4
weibo,3586281571142628,false,2
weibo,3501313566911009,false,2
weibo,3694540843901479,false,2
weibo,3585553678828854,false,1
weibo,3523451346020299,false,1
weibo,3911931461191972,non-rumor,1
weibo,3907699051890985,non-rumor,2
weibo,3567770283321379,false,1
weibo,3575472573558362,false,2
weibo,3569204952917178,false,3
weibo,3578265069806860,false,1
weibo,3651110990091157,false,2
weibo,10276391917,non-rumor,2
weibo,3912364582109071,non-rumor,2
weibo,3576530703431516,false,2
weibo,3467116651017002,non-rumor,2
weibo,3350040253028385,false,3
weibo,3518353152942302,false,2
weibo,3572119843566098,false,2
weibo,3492839960872769,false,2
weibo,3919182560764692,non-rumor,3
weibo,3912259221015700,non-rumor,2
weibo,4655559643,non-rumor,1
weibo,3476566317719846,false,2
weibo,3911644570266337,non-rumor,2
weibo,3534320087633406,false,1
weibo,3911609343229243,non-rumor,1
weibo,5448676913,non-rumor,3
weibo,3580415065838814,false,3
weibo,3556866124835333,false,3
weibo,3532346885827123,non-rumor,1
weibo,3522018735330496,false,1
weibo,7689288299,false,7
weibo,3909780026055836,non-rumor,1
weibo,3569096282914761,false,1
weibo,3502046475014301,false,3
weibo,3491546567738403,false,3
weibo,3520984722058542,false,1
weibo,3479604658932357,non-rumor,9
weibo,3536862985241757,false,6
weibo,3569481810465816,false,2
weibo,3907688532097743,non-rumor,3
weibo,12378821174,non-rumor,3
weibo,3569921633733163,false,7
weibo,3908428386946194,non-rumor,1
weibo,3586875165869540,false,2
weibo,3909750615577169,non-rumor,2
weibo,9833726676,non-rumor,1
weibo,3627243777601596,non-rumor,3
weibo,3600098464737330,false,1
weibo,3911933977732918,non-rumor,2
weibo,3491552036431207,false,1
weibo,3564477058839350,false,1
weibo,3543185106296917,false,3
weibo,3569274846788204,false,3
weibo,3586314010384018,false,3
weibo,3518093202527963,non-rumor,2
weibo,3910687359344004,non-rumor,1
weibo,3598051547031992,false,6
weibo,3907713673703434,non-rumor,1
weibo,3694168352742087,false,2
weibo,3908317988191874,non-rumor,1
weibo,3911241917296960,non-rumor,2
weibo,3910529871425709,non-rumor,3
weibo,3551034007727627,false,2
weibo,3580106896840401,false,1
weibo,3909913170060367,non-rumor,1
weibo,3912098189003145,non-rumor,1
weibo,3909924491238471,non-rumor,1
weibo,3582474623796402,false,1
weibo,3591779159185268,non-rumor,1
weibo,3911544410570412,non-rumor,1
weibo,3918561292411278,non-rumor,5
weibo,3601885418142650,false,3
weibo,3911703761085087,non-rumor,3
weibo,3492337940615684,false,3
weibo,3910926790787908,non-rumor,2
weibo,3620043864481254,non-rumor,2
weibo,3912145433225970,non-rumor,3
weibo,3567719330485736,false,1
weibo,3460008874729757,false,2
weibo,12288519240,non-rumor,5
weibo,3910680157865795,non-rumor,2
weibo,3909208624093761,non-rumor,1
weibo,7577781753,non-rumor,1
weibo,3570255152793754,false,1
weibo,3912334118731486,non-rumor,1
weibo,3908347894189257,non-rumor,5
weibo,3570390821048068,non-rumor,2
weibo,3563050151616103,false,1
weibo,3585255220926518,non-rumor,6
weibo,3908478911875695,non-rumor,2
weibo,3908310350540776,non-rumor,5
weibo,3694525488386512,false,1
weibo,3494274467714165,non-rumor,2
weibo,3522088142548790,false,1
weibo,3666780188565758,non-rumor,2
weibo,3599222416711344,false,1
weibo,3907550132596436,non-rumor,3
weibo,3909922477270860,non-rumor,1
weibo,3918159562031571,non-rumor,2
weibo,3553863182928051,false,4
weibo,3515314811949585,non-rumor,1
weibo,3911972984460866,non-rumor,4
weibo,3907611499577582,non-rumor,1
weibo,3908322366997363,non-rumor,1
weibo,3554993065464473,false,2
weibo,3569658722461280,false,2
weibo,3476463481768425,false,2
weibo,12853256975,false,5
weibo,3461998882473751,non-rumor,2
weibo,3457514660417305,false,2
weibo,3569552350681666,false,1
weibo,3534810259530570,false,2
weibo,3911972032210610,non-rumor,1
weibo,3455278454240838,false,3
weibo,3909168257721795,non-rumor,2
weibo,3911594419356644,non-rumor,2
weibo,3909797411977585,non-rumor,3
weibo,3556231757516091,false,1
weibo,3564237047809215,non-rumor,1
weibo,3911955373137470,non-rumor,1
weibo,3484724339608937,false,1
weibo,3581191091804572,false,2
weibo,3491571859596491,false,1
weibo,3907750159077892,non-rumor,1
weibo,3911355297818668,non-rumor,1
weibo,3438851680668391,non-rumor,1
weibo,3511601149675277,false,2
weibo,3651040853398576,false,1
weibo,3911556490266405,non-rumor,2
weibo,3563477014831136,false,2
weibo,3911647087049326,non-rumor,3
weibo,3524360365542040,false,2
weibo,3687664324971626,false,1
weibo,3908405729329683,non-rumor,1
weibo,3682714610176692,non-rumor,4
weibo,3601362552599896,false,3
weibo,3639194192408193,non-rumor,1
weibo,3554953089566661,false,1
weibo,3526712279402895,false,5
weibo,3533360137322410,false,2
weibo,3476774355014599,false,1
weibo,3454632070539096,false,1
weibo,3911750267034914,non-rumor,2
weibo,3644204993218832,false,2
weibo,3909185869479108,non-rumor,2
weibo,3912001924992774,non-rumor,1
weibo,9624944661,non-rumor,2
weibo,3487238812292624,false,1
weibo,3912017024527181,non-rumor,2
weibo,3516647300535472,false,2
weibo,3911901383921173,non-rumor,1
weibo,3587821191557535,false,1
weibo,3478848236361500,false,1
weibo,3524220476264802,false,1
weibo,3911926201195748,non-rumor,1
weibo,3641787962778801,non-rumor,2
weibo,3578248673445565,false,1
weibo,3597162498022674,false,1
weibo,3603012620351767,non-rumor,1
weibo,3515488262771092,false,2
weibo,3621131728410085,non-rumor,1
weibo,3556130866941802,false,3
weibo,3602416178378380,non-rumor,1
weibo,5823939867,false,1
weibo,3531186942559097,false,1
weibo,3451896397863435,non-rumor,1
weibo,3909863777877161,non-rumor,2
weibo,3500269000576161,false,1
weibo,3476693899950085,false,2
weibo,3532716375448037,false,1
weibo,3476792642345808,false,1
weibo,3907699810759854,non-rumor,1
weibo,3495640019701213,false,1
weibo,3629705276673018,false,1
weibo,3907540276774628,non-rumor,2
weibo,3577646027991009,non-rumor,1
weibo,3562964356998971,false,1
weibo,3492459252380301,false,2
weibo,3435462423700876,non-rumor,1
weibo,3489068896186317,false,1
weibo,3908249700568709,non-rumor,2
weibo,3510739161273887,false,2
weibo,3533385877725900,false,3
weibo,3908098953346160,non-rumor,1
weibo,3591229885188029,false,1
weibo,3562966579995883,false,1
weibo,3566276356194468,false,3
weibo,3534105319207573,false,1
weibo,3569876888998921,false,4
weibo,3551571441152301,false,2
weibo,3512651000669866,false,1
weibo,3510535972551211,false,1
weibo,3911541893806362,non-rumor,2
weibo,3908051012383200,non-rumor,2
weibo,3909777945620186,non-rumor,1
weibo,3911949076931880,non-rumor,1
weibo,3518572129572801,non-rumor,1
weibo,7036016073,false,2
weibo,3560131016874796,false,1
weibo,3909082626594218,non-rumor,2
weibo,3911518766982222,non-rumor,2
weibo,3521891396337049,false,1
weibo,3512606659077201,false,1
weibo,3553855055057462,false,1
weibo,3569096354035928,false,1
weibo,3514951601817568,non-rumor,1
weibo,3513862995205475,non-rumor,1
weibo,3911732739033269,non-rumor,4
weibo,3680560520118168,non-rumor,1
weibo,3477641384873706,false,1
weibo,3501143051251320,false,1
weibo,3491551634579276,false,1
weibo,3909753128435579,non-rumor,2
weibo,3503985849777083,false,1
weibo,12540099788,non-rumor,1
weibo,3553910574974676,false,1
weibo,3562939258738096,false,1
weibo,3669176193172473,false,3
weibo,3539506453586129,false,2
weibo,3908316243630681,non-rumor,1
weibo,12695585126,non-rumor,2
weibo,3496972759143336,false,2
weibo,3600475796754463,non-rumor,1
weibo,3489846120931927,false,2
weibo,3502531345366671,false,1
weibo,3521899399500318,false,1
weibo,3908461848454709,non-rumor,2
weibo,3498781704211712,false,1
weibo,3466392541755336,non-rumor,1
weibo,3911218051836407,non-rumor,1
weibo,3908002862578993,non-rumor,2
weibo,3578271125861949,false,2
weibo,3909908175364654,non-rumor,1
weibo,3499370391367613,non-rumor,1
weibo,3911595400408939,non-rumor,1
weibo,3517127279707854,non-rumor,1
weibo,3521801747516950,false,1
weibo,3548612241976905,false,1
weibo,3909070136149174,non-rumor,2
weibo,3569883273400637,false,2
weibo,3489185887889575,false,1
weibo,3504906071366130,false,1
weibo,3912388484895313,non-rumor,1
weibo,3570581284440026,false,3
weibo,3569607636098646,false,1
weibo,12852534234,non-rumor,1
weibo,12726784340,non-rumor,1
weibo,3441898884198732,non-rumor,1
weibo,3911420846502425,non-rumor,1
weibo,3504081404663103,non-rumor,1
weibo,3912044716138469,non-rumor,1
weibo,3555062729195092,false,2
weibo,3466392886449857,non-rumor,1
weibo,3601801998091186,false,1
weibo,3457191178925134,false,1
weibo,3452470666168082,false,1
weibo,3444270725950234,non-rumor,1
weibo,3476536713907169,false,1
weibo,3911352148231929,non-rumor,1
weibo,3491383639981633,false,3
weibo,3507881092054394,non-rumor,1
weibo,3511691369566852,non-rumor,1
weibo,3493572253028860,non-rumor,1
weibo,3630054153657481,non-rumor,4
weibo,3607938305908080,false,3
weibo,3909857881572096,non-rumor,1
weibo,3491387909846822,non-rumor,1
weibo,3685447920105400,false,2
weibo,3556908876895369,false,1
weibo,3597775851371366,false,1
weibo,3910465295553392,non-rumor,2
weibo,3610166090156883,false,1
weibo,3911752783672596,non-rumor,1
weibo,3907907948891931,non-rumor,2
weibo,3599727641719098,false,2
weibo,3921778839947030,non-rumor,3
weibo,3516196189961226,false,1
weibo,3488068805912999,false,1
weibo,3694279962616578,false,3
weibo,3909825895233534,non-rumor,3
weibo,3525022351834740,false,1
weibo,3578315706971179,false,5
weibo,3908110034868119,non-rumor,1
weibo,3574935970255781,false,1
weibo,3534745704603181,false,1
weibo,3911397945222079,non-rumor,1
weibo,3498817838136682,non-rumor,2
weibo,3912084972694337,non-rumor,2
weibo,3530838648140161,false,1
weibo,3511691541331050,non-rumor,1
weibo,3459500143198767,non-rumor,1
weibo,3564073213737189,false,2
weibo,3909231033736573,non-rumor,2
weibo,3512553508509210,non-rumor,1
weibo,3685957590853261,false,1
weibo,3540078733149734,false,1
weibo,3910627888275590,non-rumor,1
weibo,3525098818126560,non-rumor,1
weibo,3487319200055757,false,1
weibo,3496411741555677,non-rumor,1
weibo,3508689455829552,false,1
weibo,3520388745059583,non-rumor,2
weibo,3551030900066285,false,2
weibo,3505293927005981,false,1
weibo,3592307905061908,false,3
weibo,3911916014001627,non-rumor,1
weibo,9020328467,non-rumor,1
weibo,3558701748774243,false,1
weibo,3546008959383242,false,2
weibo,3503976928323160,false,1
weibo,3453301066925717,false,3
weibo,3908323436659393,non-rumor,2
weibo,3607268253346258,false,1
weibo,3613514679797368,false,2
weibo,3908003948627771,non-rumor,4
weibo,3682186840210272,non-rumor,1
weibo,3488131343069735,non-rumor,1
weibo,3553865121381289,false,2
weibo,3535628362541403,false,1
weibo,3514952948621219,non-rumor,1
weibo,12442169938,non-rumor,1
weibo,3911194471054346,non-rumor,1
weibo,3464440706287072,non-rumor,1
weibo,3564518959195705,false,1
weibo,3539414598665114,false,2
weibo,3907782526562940,non-rumor,1
weibo,3558656408309110,false,1
weibo,3553726293981044,false,1
weibo,3431227216808899,non-rumor,2
weibo,6331302075,non-rumor,1
weibo,3530125637252504,false,1
weibo,3582290796256990,false,1
weibo,3574997992222370,false,1
weibo,3561656128374934,false,1
weibo,3909038125812587,non-rumor,1
weibo,3909947920027002,non-rumor,2
weibo,3489186630221600,false,1
weibo,3908335327865155,non-rumor,1
weibo,3505514078207940,false,1
weibo,3911919838691240,non-rumor,1
weibo,3563801314145022,false,2
weibo,3613390578811400,false,1
weibo,3687069325429101,false,1
weibo,3524942954300053,false,1
weibo,3491544864925209,false,1
weibo,3508426460182136,non-rumor,1
weibo,3574766055179448,false,3
weibo,12662034072,false,1
weibo,3664833612501379,false,1
weibo,9231485285,non-rumor,1
weibo,3912040210503534,non-rumor,1
weibo,3511687216690701,false,1
weibo,3911401729170364,non-rumor,1
weibo,3587819718917549,false,1
weibo,3652290618003288,non-rumor,2
weibo,3909049961588933,non-rumor,3
weibo,3459370434645053,false,1
weibo,3912077448199590,non-rumor,1
weibo,3494245048543363,false,2
weibo,3491623524636311,false,1
weibo,3908050894849354,non-rumor,1
weibo,3694281149178232,false,1
weibo,3569851425598862,false,1
weibo,3569094618313881,false,2
weibo,3909047205740135,non-rumor,1
weibo,3912107630395265,non-rumor,1
weibo,3500236574025109,false,1
weibo,3453249292186339,false,2
weibo,3513457607556781,false,1
weibo,3908383054840328,non-rumor,2
weibo,3522004038267534,false,1
weibo,3557714938525397,false,1
weibo,8209825805,non-rumor,1
weibo,3912083747645696,non-rumor,1
weibo,3909178366223186,non-rumor,1
weibo,3674718999284440,false,2
weibo,3580794146211262,false,2
weibo,3480528210276525,non-rumor,1
weibo,3911315905134804,non-rumor,1
weibo,3907680089743498,non-rumor,2
weibo,3908254742794242,non-rumor,1
weibo,3911745233766197,non-rumor,2
weibo,3491585033754109,false,1
weibo,3491576213000165,false,1
weibo,3476047150609199,false,1
weibo,3912096158823598,non-rumor,1
weibo,3517127263003572,non-rumor,1
weibo,3553859836661039,false,1
weibo,3558711618218466,false,1
weibo,11538098770,false,1
weibo,3535739217981956,false,1
weibo,3911630729142334,non-rumor,2
weibo,3521475115554592,non-rumor,1
weibo,3484774495016696,false,1
weibo,3459674701651715,false,2
weibo,3576413816404303,false,2
weibo,3694217819812109,false,1
weibo,3553858049968422,false,1
weibo,3625669277685908,false,2
weibo,3511499119440884,false,2
weibo,3911908056830335,non-rumor,1
weibo,3555026469159732,false,1
weibo,3558378724885153,false,1
weibo,3586148095878220,false,1
weibo,3576537179244406,false,1
weibo,3912142782383262,non-rumor,1
weibo,3909939586359810,non-rumor,1
weibo,3909699252452843,non-rumor,1
weibo,3476653320024104,false,2
weibo,3507704809629389,non-rumor,1
weibo,3912320444704890,non-rumor,1
weibo,3687445482970781,false,1
weibo,3909908087206585,non-rumor,1
weibo,3532597747683973,false,1
weibo,3908264951249902,non-rumor,2
weibo,3475276719201366,false,4
weibo,3585893346832794,false,2
weibo,3911232383604331,non-rumor,1
weibo,3503559360631269,false,3
weibo,3908526533913551,non-rumor,1
weibo,3909759650197600,non-rumor,1
weibo,3501332705456634,false,1
weibo,3586313934109778,false,1
weibo,3912386710343932,non-rumor,2
weibo,3908030774928775,non-rumor,1
weibo,3572524799796330,false,1
weibo,3911692386004358,non-rumor,1
weibo,3911673553336386,non-rumor,1
weibo,3523834940812803,false,1
weibo,3569576783098513,false,1
weibo,3911330073616748,non-rumor,1
weibo,3556619570968102,false,1
weibo,3608684103626012,false,1
weibo,3466393016510094,non-rumor,1
weibo,3564448352737229,false,1
weibo,3502028510223617,false,1
weibo,3676566855276819,false,1
weibo,3907751157249535,non-rumor,1
weibo,3909956195606702,non-rumor,1
weibo,3549399257399515,false,1
weibo,3466559253185680,non-rumor,1
weibo,3909182740250233,non-rumor,1
weibo,3473618312472201,non-rumor,1
weibo,3567148637484086,false,1
weibo,3909708618442913,non-rumor,1
weibo,3586704714104990,non-rumor,1
weibo,3567823173938397,false,1
weibo,3569207713122547,false,1
weibo,3607987484215361,false,2
weibo,3497079273523040,false,1
weibo,3912046976318672,non-rumor,1
weibo,3493571552813069,non-rumor,1
weibo,3908483781114283,non-rumor,1
weibo,3907550212336870,non-rumor,1
weibo,3488136284266282,non-rumor,1
weibo,3517799466780658,false,1
weibo,3911910518936898,non-rumor,2
weibo,3451776512506518,false,1
weibo,3599755370345974,false,2
weibo,3559003533831639,false,2
weibo,3521928440481629,false,1
weibo,3459443922790146,false,1
weibo,3486489126619759,false,1
weibo,3647932404093662,non-rumor,1
weibo,3911892198512294,non-rumor,1
weibo,3521436003937817,false,1
weibo,3694166221630518,false,1
weibo,3505293494965288,false,1
weibo,3909864537523984,non-rumor,1
weibo,3694304331568435,false,1
weibo,3909041267403543,non-rumor,1
weibo,3912482676739462,non-rumor,1
weibo,3907708736274063,non-rumor,1
weibo,3908461115087448,non-rumor,1
weibo,3569449539582932,false,1
weibo,3520504910331168,false,1
weibo,3676571074212221,non-rumor,1
weibo,3519124523511095,false,1
weibo,3595378190553241,false,1
weibo,3665650188943333,false,1
weibo,3599874979445771,false,1
weibo,3476786354136193,false,1
weibo,3508028450318240,false,1
weibo,3591249682267613,false,1
weibo,3491549667144074,false,1
weibo,3613103327395758,false,1
weibo,3667155633906132,non-rumor,1
weibo,3541746107098884,false,1
weibo,3465275926531305,non-rumor,1
weibo,3911956400758382,non-rumor,1
weibo,3908459248094473,non-rumor,1
weibo,3476904852571197,false,2
weibo,3911737693009450,non-rumor,1
weibo,3582245396466296,false,1
weibo,3466393099626132,non-rumor,1
weibo,3510203054091335,non-rumor,1
weibo,3908997159589548,non-rumor,1
weibo,3555293344435157,false,1
weibo,8305840245,false,1
weibo,3500808966857156,non-rumor,1
weibo,3912120204429529,non-rumor,1
weibo,3652288608577660,non-rumor,1
weibo,3435379665282363,non-rumor,1
weibo,3583806319474469,non-rumor,1
weibo,3558394482644770,false,1
weibo,3907902412202970,non-rumor,1
weibo,3682279044660439,non-rumor,1
weibo,3604331712294291,false,1
weibo,12788488086,non-rumor,1
weibo,3453629262608984,false,1
weibo,3474949371560457,false,1
weibo,3911328198941824,non-rumor,1
weibo,3907695205291239,non-rumor,1
weibo,3491546966012511,false,1
weibo,3910575023327728,non-rumor,1
weibo,3559500692505883,false,1
weibo,3585254264847900,false,1
weibo,3683685465521362,false,1
weibo,3516747649161965,false,1
weibo,3634064315604696,non-rumor,1
weibo,3593383098486552,non-rumor,1
weibo,3912130523147438,non-rumor,1
weibo,3539757382411974,false,1
weibo,3515105759247522,false,1
weibo,3476748715233639,false,1
weibo,3907758967284946,non-rumor,1
weibo,3473324619770319,false,1
weibo,3524005681870859,non-rumor,1
weibo,3912115921917906,non-rumor,1
weibo,3569129141672616,false,1
weibo,3596612913834830,false,1
weibo,3555322930901610,false,1
weibo,3911968315966240,non-rumor,1
