10031080900	non-rumor
10031994215	non-rumor
10276391917	non-rumor
10313557537	non-rumor
10402071863	non-rumor
10826063736	non-rumor
10898255329	non-rumor
10932789204	non-rumor
11084174628	false
11151379535	false
11182712820	non-rumor
11222430092	false
11250977112	false
11360556282	false
11438101888	non-rumor
11501258141	non-rumor
11538098770	false
11581092199	non-rumor
11837016096	non-rumor
11942894685	false
11964076776	non-rumor
12123213706	non-rumor
12124710868	false
12216647286	non-rumor
12285869290	false
12287727103	non-rumor
12288387045	non-rumor
12288519240	non-rumor
12378821174	non-rumor
12414551220	non-rumor
12441071542	non-rumor
12442169938	non-rumor
12442329370	non-rumor
12477535006	non-rumor
12507236437	false
12540099788	non-rumor
12603156956	non-rumor
12630150453	false
12654431093	false
12662034072	false
12664068005	false
12666286386	false
12695585126	non-rumor
12695729092	non-rumor
12726186186	non-rumor
12726784340	non-rumor
12757294341	non-rumor
12757408265	non-rumor
12758184584	non-rumor
12788488086	non-rumor
12789225212	non-rumor
12790739984	false
12794183820	false
12852534234	non-rumor
12853256975	false
12924953614	false
12988688370	false
12993249791	non-rumor
13064253526	non-rumor
13098999976	false
13172370214	non-rumor
13204227708	non-rumor
13205228574	non-rumor
13347733575	false
13745664038	false
14451934569	false
14572844402	false
14573415538	false
3350040253028385	false
3430152690624619	non-rumor
3430345267632918	non-rumor
3430383133707152	false
3431227216808899	non-rumor
3431231695494904	false
3431580661805230	non-rumor
3432988069095587	non-rumor
3433412746212220	non-rumor
3434123093914908	non-rumor
3434607531680999	false
3435379665282363	non-rumor
3435454407726933	false
3435462423700876	non-rumor
3435944865073410	non-rumor
3436221394759868	non-rumor
3437038370353137	non-rumor
3437385528756866	non-rumor
3438126422716322	false
3438126712625357	non-rumor
3438378559523372	non-rumor
3438850393633316	false
3438851680668391	non-rumor
3439074688233106	false
3439501617989602	non-rumor
3441898884198732	non-rumor
3443197621791689	non-rumor
3443562526241064	non-rumor
3444270725950234	non-rumor
3444649723405400	non-rumor
3445012077720918	non-rumor
3445012135801368	non-rumor
3446822750294525	non-rumor
3448272473065999	non-rumor
3448772157944114	non-rumor
3449723124357728	non-rumor
3450436449719481	non-rumor
3451032509723824	non-rumor
3451776512506518	false
3451804916598743	false
3451896397863435	non-rumor
3451896830701129	non-rumor
3452222430499616	false
3452380966725128	false
3452418795146337	false
3452422104224738	false
3452453997419541	false
3452470666168082	false
3452516866452873	false
3452584473649318	false
3453234448444600	false
3453249292186339	false
3453254178451240	false
3453301066925717	false
3453529848897130	false
3453589098135002	false
3453629262608984	false
3453638683142474	false
3453646882841201	false
3453649164777578	false
3453656936899673	false
3453675689558352	false
3453675718928162	false
3453709093058161	non-rumor
3453724347000346	false
3453876256653682	false
3454043504573737	false
3454256721550776	non-rumor
3454298556129386	false
3454620153860425	false
3454632070539096	false
3455048119687645	false
3455119418952354	false
3455278454240838	false
3455471589732561	false
3455477713507351	false
3456068187718256	false
3456246314758621	false
3456465409077567	false
3456581075487348	false
3456842262740516	non-rumor
3456869509414752	false
3457125642347785	false
3457148816430806	false
3457180764465171	false
3457186108155483	false
3457191178925134	false
3457250520132238	false
3457259298831551	false
3457489054090868	false
3457514660417305	false
3457519378932573	false
3457544725440578	false
3457580171289757	false
3457616380880779	false
3457653114185006	false
3457667438187103	false
3457688354734395	false
3457694545547586	non-rumor
3458030367024814	false
3458052025942521	false
3458052369594626	false
3458398181964394	non-rumor
3458611764623621	non-rumor
3459289069282624	false
3459357758498843	false
3459370434645053	false
3459378101726338	false
3459443922790146	false
3459500143198767	non-rumor
3459674701651715	false
3459719236794007	false
3459991333888542	false
3460008874729757	false
3460049077161136	false
3460064679567744	false
3460068303693358	false
3460081889000627	false
3460099291076843	false
3460729330329170	false
3460774452684348	false
3460892992058399	false
3461174400099598	false
3461274552166859	false
3461318323189724	non-rumor
3461662084591146	non-rumor
3461998882473751	non-rumor
3462537242957043	false
3463033320068479	false
3463065243217426	non-rumor
3463354599350536	false
3463366842612838	non-rumor
3463394076393322	false
3463847677679141	false
3464440706287072	non-rumor
3464577842643036	false
3464725276652656	false
3464774891129946	false
3464863219571406	false
3464893543788087	false
3464942885303239	false
3464943167241703	false
3465261540071546	false
3465275926531305	non-rumor
3465560953888712	false
3466379833885944	false
3466392541755336	non-rumor
3466392886449857	non-rumor
3466393016510094	non-rumor
3466393099626132	non-rumor
3466532812650608	false
3466544342618479	false
3466559253185680	non-rumor
3466755555287130	non-rumor
3467116651017002	non-rumor
3467477021043106	non-rumor
3467620471081810	non-rumor
3467820220106487	non-rumor
3468095584549479	false
3468203235510418	non-rumor
3468204649472402	non-rumor
3469223404153052	false
3469650639293155	false
3469652535729793	non-rumor
3469654431140098	non-rumor
3469903954912172	false
3470014621826783	non-rumor
3470312370783354	false
3470379446370355	non-rumor
3471103924123845	non-rumor
3471349043416177	false
3471447018505175	non-rumor
3471463854399715	non-rumor
3471807346984830	non-rumor
3471820328261648	non-rumor
3472189711824480	false
3472360072478251	false
3472368082960657	false
3473324619770319	false
3473618312472201	non-rumor
3473987764367627	non-rumor
3474196170493301	false
3474212025399603	false
3474237413378556	false
3474295018100641	non-rumor
3474641237023164	false
3474726662318343	non-rumor
3474949371560457	false
3474993889611780	false
3475077888525853	false
3475088676818687	false
3475189017268462	false
3475276719201366	false
3475292175812467	false
3475302015075964	false
3475357284342594	false
3475375470567128	false
3475560997435225	false
3475659776765538	false
3475730685784894	false
3475731117821179	false
3475779444480201	false
3475812663319170	non-rumor
3475816099213996	false
3475822150928775	false
3475831861399909	false
3475956478311632	false
3475973863764537	false
3475985904876788	false
3475996311495215	false
3475997196621695	false
3476001294281594	false
3476003118586439	false
3476004406604577	false
3476011099904602	false
3476014229176895	false
3476047150609199	false
3476055656644087	false
3476176397792474	non-rumor
3476347987243728	false
3476366005708918	false
3476375468407135	false
3476379494883694	false
3476433059938818	false
3476452156883386	false
3476463481768425	false
3476496058745719	false
3476536713907169	false
3476551272666639	false
3476554078362696	false
3476556960113464	false
3476559849884422	false
3476564970344448	false
3476566317719846	false
3476569358351888	false
3476573711898284	false
3476653320024104	false
3476671204519909	false
3476689298354467	false
3476693899950085	false
3476694629370866	false
3476699603835744	false
3476703361978782	false
3476709573976614	false
3476720315058074	false
3476720403686044	false
3476724542925166	false
3476728628724751	false
3476736518116035	false
3476741144504142	false
3476742636930340	false
3476748715233639	false
3476748811452994	false
3476751323900108	false
3476754284979460	false
3476756831300415	false
3476757086903786	false
3476761289518680	false
3476770433092020	false
3476774355014599	false
3476786354136193	false
3476789282686011	false
3476792642345808	false
3476808219775928	false
3476828583155088	false
3476847167991333	false
3476847243082976	false
3476892676051790	false
3476903199574746	false
3476904852571197	false
3476913014630101	false
3477074696556911	false
3477075472427998	false
3477110834353749	false
3477260172103754	false
3477264421699168	non-rumor
3477387511088019	false
3477395653052393	false
3477544462167812	false
3477623935884031	non-rumor
3477636225244970	false
3477641384873706	false
3477645428071034	false
3477649144126147	false
3477785811268462	false
3477832837695365	false
3477849484677354	false
3477927952120795	false
3477940169720424	false
3477943483403687	false
3477989117589821	non-rumor
3478206348931968	false
3478258433847667	false
3478297025297295	false
3478344538091714	false
3478461773912071	false
3478611753805809	false
3478614278383900	false
3478693148247110	false
3478700387008482	false
3478713406418470	non-rumor
3478718410227778	false
3478749062799473	false
3478820784587744	false
3478848236361500	false
3478863390881124	false
3478872286876878	false
3478873583320527	false
3478907988973801	false
3478912548201005	false
3479034115970282	false
3479427033665976	false
3479432260028908	false
3479591228668237	false
3479604658932357	non-rumor
3479646236584041	false
3479662610836567	false
3479678805595388	false
3479752637974104	false
3479755288487484	false
3479908011902517	false
3479953821848171	false
3479956317568921	false
3480160911370792	non-rumor
3480446090739784	false
3480453215994714	false
3480497768613174	false
3480524767435929	non-rumor
3480528210276525	non-rumor
3480707001144602	false
3480774739092721	false
3480826623197529	non-rumor
3481128558350104	false
3481406094996295	false
3481413565663708	false
3481472155823132	false
3481776967900908	false
3481849667911377	false
3481870262536710	false
3481875903914439	false
3481894371372964	false
3481908875335317	false
3482085341954841	false
3482093444843170	false
3482129147234171	false
3482227805732735	false
3482294985747785	false
3482454025429817	false
3482503652382705	false
3482530500417871	false
3482538712218282	false
3482573265648766	false
3482634359698716	false
3482704601082178	false
3482907555552365	non-rumor
3483033246135049	non-rumor
3483061063076840	false
3483063583782112	false
3483251991815500	non-rumor
3483288419645192	false
3483327027791525	non-rumor
3483934161391991	non-rumor
3483961038872775	false
3483981330353754	false
3484080714987190	false
3484377063826489	false
3484391252789011	false
3484399150588225	false
3484401055105935	false
3484401692017275	false
3484401939493750	false
3484401952642594	false
3484403570896812	false
3484404997459078	false
3484405244976656	false
3484406834408808	false
3484415605205182	false
3484419925117064	false
3484420696534784	false
3484429249048172	false
3484429588852111	false
3484432814099833	false
3484442163066222	false
3484491677245790	false
3484519405492647	false
3484520085121839	false
3484651085456735	false
3484661135482506	false
3484703426810984	false
3484706283005758	false
3484724339608937	false
3484774495016696	false
3484788059533944	false
3485011523234912	false
3485013402340207	false
3485028749216845	false
3485063653900560	false
3485365795239563	false
3485366437050016	false
3485369632911837	false
3485384707026662	false
3485432052860221	false
3485437719294972	false
3485445931062285	false
3485463900094387	false
3485466512596739	false
3485521986263315	false
3485718775574527	false
3485745111589213	false
3485790535605269	false
3485882990955466	false
3485902771037131	false
3486168438022990	false
3486263653132914	false
3486274633376676	non-rumor
3486489126619759	false
3486530447983364	false
3486567127953437	false
3486585045774431	false
3486673457841762	false
3486688405703165	non-rumor
3486691253958660	false
3486783347798216	false
3486843071090659	false
3486845608638980	false
3486854890044793	false
3486908975574158	non-rumor
3486980387807610	false
3486986402905181	false
3486993755138946	false
3487036646825707	false
3487160143823574	false
3487165072180570	non-rumor
3487191655426766	false
3487238812292624	false
3487239915378586	false
3487316846362296	false
3487319200055757	false
3487333800556483	false
3487357246294956	false
3487373335401384	false
3487564139075943	false
3487579301290745	false
3487581708809960	false
3487608887436332	false
3487620577388688	false
3487641032588572	false
3487675674072268	false
3487700189668878	false
3487706250691298	false
3487894423824142	false
3487961456321584	false
3488001407700350	false
3488048661079851	false
3488068805912999	false
3488069040840160	false
3488131343069735	non-rumor
3488136284266282	non-rumor
3488323454364109	false
3488336150630619	false
3488429172031138	false
3488491822842461	non-rumor
3488623943077074	false
3488643824348820	non-rumor
3488713802136794	false
3488736321072433	false
3488795100412304	non-rumor
3488800305562925	false
3488801890821546	false
3488808240636203	false
3488808366711890	false
3488823655078819	false
3488826536577004	false
3488834052879768	false
3488841124105986	false
3488846258262847	non-rumor
3488848166740066	false
3488860002774854	false
3488860103182657	false
3488860622959802	false
3488870240452997	false
3488980601462787	false
3488985853178103	false
3488989674101466	false
3488998049645638	false
3489009952634298	false
3489016391886223	false
3489035374832682	false
3489035978933121	false
3489064139503488	false
3489068896186317	false
3489082904953389	false
3489090936868577	false
3489091498346620	false
3489096049680543	false
3489096444185203	false
3489097953609637	false
3489099614454084	false
3489101477126498	false
3489105411393740	false
3489108179116905	false
3489110939758010	false
3489120016355026	false
3489137766221618	false
3489142434505515	false
3489147207827234	false
3489153994433578	false
3489157286822636	false
3489163980623509	false
3489185887889575	false
3489186630221600	false
3489202996195214	false
3489225288276286	false
3489438447217862	false
3489442075923379	false
3489472027325168	false
3489510606556319	false
3489762868350456	non-rumor
3489846120931927	false
3489892804149018	false
3489907987681057	false
3489937448229372	false
3489942821335796	false
3490019467667327	false
3490079798609754	false
3490082080383734	false
3490083770692016	false
3490095649239067	false
3490113894293453	false
3490117287436856	false
3490292449965980	false
3490880437044775	false
3491014906301836	false
3491022178861871	false
3491368825851241	false
3491383639981633	false
3491387909846822	non-rumor
3491392452054564	non-rumor
3491392947295217	non-rumor
3491543916953598	false
3491544621466572	false
3491544864925209	false
3491546567738403	false
3491546966012511	false
3491548534228211	false
3491549667144074	false
3491550992977247	false
3491551634579276	false
3491552036431207	false
3491553588609239	false
3491555228499082	false
3491555589673815	false
3491564464892130	false
3491568721987017	false
3491571859596491	false
3491576213000165	false
3491582114671030	false
3491585033754109	false
3491594072714093	false
3491611545989751	false
3491623524636311	false
3491643027771174	false
3491706714410644	false
3491717829841601	false
3491728411990928	false
3491758837369120	non-rumor
3491916861467733	false
3491972712674827	false
3492002199258485	false
3492067357689689	false
3492098550161083	false
3492120985737840	non-rumor
3492298274631749	false
3492306789391522	false
3492313617595414	false
3492333762865738	false
3492333909830321	false
3492335394659283	false
3492337940615684	false
3492438201386444	false
3492443267520328	false
3492446053240133	false
3492448519351538	false
3492449014411924	false
3492449035178406	false
3492459252380301	false
3492459734875522	false
3492483105635164	non-rumor
3492491900931319	false
3492658964036815	false
3492701478000644	false
3492710012471539	false
3492737561395470	false
3492839960872769	false
3493004046488512	false
3493025545786832	false
3493096409268713	false
3493189724090283	false
3493200461638007	false
3493209369705753	non-rumor
3493217721117209	false
3493352454615919	false
3493401536294919	false
3493463742206046	false
3493571552813069	non-rumor
3493572253028860	non-rumor
3493708597108003	false
3493743171201367	false
3493875048243620	false
3493879288634088	false
3493888415670451	false
3494171795104491	false
3494245048543363	false
3494274467714165	non-rumor
3494620366946102	false
3494845165558900	false
3494885757600474	false
3495220068943200	false
3495222657050518	false
3495318807631968	false
3495366957480235	non-rumor
3495381470293153	false
3495585271593099	false
3495640019701213	false
3495660563571954	false
3495729601661914	false
3495745049431350	false
3495745049431351	false
3495965648820880	non-rumor
3496244897298218	false
3496365798037366	false
3496411741555677	non-rumor
3496623327531255	false
3496628361121803	false
3496809274098555	false
3496972759143336	false
3497007362625593	false
3497008692459951	false
3497079273523040	false
3497344144309737	false
3497885721431130	non-rumor
3497940054647275	false
3498148767247403	false
3498165074635652	false
3498256908709310	false
3498283227865304	non-rumor
3498478561361651	false
3498498710659473	false
3498552099553675	false
3498569279311346	false
3498577018422805	false
3498638225486469	false
3498781704211712	false
3498817838136682	non-rumor
3498832740966369	false
3498854609883720	false
3498869415811827	false
3498870451692065	false
3498871676730328	false
3498960855601223	false
3499135082795848	false
3499161628022251	false
3499181094188702	false
3499193706686298	false
3499245883634226	false
3499370114821597	non-rumor
3499370391367613	non-rumor
3499582631364492	false
3499630773739007	false
3499877922886432	false
3499922047806436	false
3499972223441383	false
3500050099603934	false
3500083960436926	false
3500236574025109	false
3500269000576161	false
3500355843268563	false
3500420544653787	false
3500428073857022	false
3500428216243674	false
3500592116827973	false
3500632478948697	false
3500640565556485	false
3500752607250904	false
3500763278016493	false
3500799772207648	false
3500799898784795	false
3500800086806326	false
3500808966857156	non-rumor
3500938604210119	false
3500947630475466	false
3500965435418414	false
3500969977692651	false
3500986368623203	false
3500988793218007	false
3500992748769953	false
3500997319803592	false
3501007159870395	false
3501069860404531	false
3501106442896957	false
3501143051251320	false
3501169957796744	false
3501181219249446	non-rumor
3501313566911009	false
3501329089852051	false
3501332705456634	false
3501337847084221	false
3501369858201171	false
3501401046586213	false
3501410584664439	false
3501429299609842	false
3501483205495370	false
3501502087940050	false
3501533528558289	false
3501712684038955	false
3501718618511248	false
3501746318309268	false
3501812546424620	false
3501836730245140	false
3501881290297597	false
3501888588979678	false
3501893492379472	false
3501895438136859	false
3501902090262385	non-rumor
3502018951541090	false
3502028510223617	false
3502046475014301	false
3502151588614522	false
3502531345366671	false
3502560654807856	non-rumor
3502570838211299	false
3502571694470352	false
3502815316353206	false
3502823666515332	false
3502884354347322	false
3502922216520685	false
3502949257220082	false
3503183173448234	false
3503200768806063	false
3503559360631269	false
3503647151075575	false
3503669317756910	false
3503676871907725	false
3503687710009782	false
3503895353461882	false
3503911920559503	false
3503918791049877	false
3503976291300771	false
3503976928323160	false
3503985849777083	false
3504025666480847	false
3504081404663103	non-rumor
3504353644270244	false
3504387072468871	false
3504394286475039	false
3504412003450064	false
3504442924082177	non-rumor
3504906071366130	false
3505168220090831	non-rumor
3505168446637010	non-rumor
3505293494965288	false
3505293927005981	false
3505305100637083	false
3505514078207940	false
3505676838179912	false
3505753517822653	false
3505814034098655	false
3505857700455984	false
3505889074147625	non-rumor
3506133253657691	false
3506150592854791	false
3506162601099827	false
3506164542817955	false
3506229823256156	false
3506620472685845	non-rumor
3506789418989200	false
3507188213489088	false
3507329591118147	false
3507555013581758	false
3507569304244685	false
3507621707066049	false
3507704809629389	non-rumor
3507874476782735	false
3507881092054394	non-rumor
3507900985440121	false
3507985437364629	false
3508028450318240	false
3508040840360783	false
3508416951695244	false
3508426460182136	non-rumor
3508455602110740	false
3508583058869083	false
3508656841096077	false
3508689455829552	false
3508957236737566	false
3509007626879908	false
3509152141445666	non-rumor
3509294178132362	false
3509466467176769	false
3509481592219934	false
3509508498195418	non-rumor
3509835758939998	false
3510203054091335	non-rumor
3510241607927503	false
3510486559337117	false
3510520051025731	false
3510535972551211	false
3510739161273887	false
3510778193690234	false
3510783452940844	false
3510802479124842	false
3510807269083133	false
3510816303317584	false
3510817628717886	false
3510821218727992	false
3510857797616558	false
3510860377096117	false
3510861841251632	false
3510876583502945	false
3510890932292530	false
3510895101576065	false
3510910511006905	false
3510914869800796	false
3510959064772874	false
3510961962636034	false
3510980376448123	false
3511082494250878	false
3511106943375346	false
3511107626565991	false
3511114191217907	false
3511117647560269	false
3511134378316968	false
3511492924642282	false
3511499119440884	false
3511601149675277	false
3511607152335110	false
3511619034372010	false
3511687216690701	false
3511691369566852	non-rumor
3511691541331050	non-rumor
3511788597024497	false
3511911129487048	false
3511915269299485	false
3512001798299989	false
3512026494175760	false
3512051848589820	non-rumor
3512296465128459	false
3512374956894100	false
3512376240679226	false
3512383823888408	false
3512553508509210	non-rumor
3512580532102919	non-rumor
3512602401672717	false
3512606659077201	false
3512642733943490	false
3512651000669866	false
3512683259172657	false
3512711013395147	false
3512912226090475	non-rumor
3512912876773964	false
3512931536474903	non-rumor
3512933638517149	false
3512941028164269	false
3512941707698187	false
3513012256273438	false
3513262479906932	false
3513290493304816	false
3513350363696034	false
3513388757542796	false
3513415538078719	non-rumor
3513445360222163	false
3513456064319145	false
3513457607556781	false
3513470567836847	non-rumor
3513487764664286	false
3513524204261047	false
3513770552486982	false
3513776416261903	false
3513822251523529	false
3513862995205247	non-rumor
3513862995205475	non-rumor
3513865146520654	non-rumor
3514003047802364	false
3514013067313963	false
3514044067395788	false
3514062409017683	false
3514155220697946	false
3514180600361613	false
3514193703878383	false
3514207993874298	false
3514227895561500	non-rumor
3514228076081484	non-rumor
3514388935498432	false
3514513053468659	non-rumor
3514757086467700	false
3514951601817568	non-rumor
3514952302549626	non-rumor
3514952948621219	non-rumor
3515105759247522	false
3515172402306293	false
3515176005258497	false
3515177133623130	false
3515232913489130	false
3515279999381858	false
3515296763540738	false
3515306498371205	false
3515314811949585	non-rumor
3515420177320341	false
3515488262771092	false
3515523134837511	false
3515526720258027	false
3515549755997342	false
3515599471078260	false
3515605083029671	false
3515617766503869	false
3515798561580059	false
3515833974728440	false
3515863422717161	false
3515909513698334	false
3515910432525662	false
3515957161081635	false
3515977071270467	false
3515996041699323	false
3516022743206833	false
3516051495056011	false
3516196189961226	false
3516204348375364	false
3516215341768548	false
3516222802868097	false
3516243602868527	false
3516263789690380	false
3516292306675519	false
3516342533967379	false
3516345091714694	false
3516361349003676	false
3516380156720562	false
3516393737842829	false
3516394706413105	false
3516395172216335	false
3516538713809703	false
3516596515554070	false
3516598901979378	false
3516618472368802	false
3516642124852390	false
3516647300535472	false
3516692619120294	false
3516747649161965	false
3516763150499458	non-rumor
3516926778845338	false
3517026347649064	false
3517105192015834	false
3517126788266160	non-rumor
3517127263003572	non-rumor
3517127279707854	non-rumor
3517436147959632	false
3517450127341666	false
3517609569657070	false
3517799466780658	false
3517835907208784	false
3517844278615947	false
3517844509331642	false
3517985131691650	false
3518033702079394	false
3518055328369428	false
3518093202527963	non-rumor
3518353152942302	false
3518396224240158	false
3518451824207957	false
3518511814617272	false
3518572129572801	non-rumor
3518713854615344	false
3518796410838100	false
3518899230287127	false
3518904050006967	false
3519124523511095	false
3519139757199506	false
3519294278985282	non-rumor
3519295285474674	non-rumor
3519366098842462	false
3519532482021237	false
3519533341933969	false
3519592385660612	false
3519882198619469	false
3520058485711818	false
3520162789675046	false
3520224013515980	false
3520331211578553	false
3520388677944154	non-rumor
3520388745059583	non-rumor
3520504910331168	false
3520628361437697	false
3520647763866891	non-rumor
3520673399481405	false
3520689485118838	non-rumor
3520696271010663	false
3520706987923093	false
3520721714145551	false
3520926761349760	false
3520966661376162	false
3520984722058542	false
3521045488918643	false
3521049788336599	false
3521052032264897	false
3521098215849074	false
3521102879439862	false
3521135469424684	false
3521266449018655	false
3521273369873226	false
3521314507286931	false
3521401111509221	false
3521404332482919	false
3521404504466636	false
3521423597056517	false
3521436003937817	false
3521475090385824	non-rumor
3521475115554592	non-rumor
3521597266900397	false
3521605651330955	false
3521621492850391	false
3521638299530621	false
3521705047522736	false
3521711376511875	false
3521716896494896	false
3521726534882819	false
3521754763285985	false
3521768570599275	false
3521769287445261	false
3521769870254421	non-rumor
3521774652437255	false
3521783459977821	false
3521784332486916	false
3521801747516950	false
3521811331081311	non-rumor
3521889047287796	false
3521891396337049	false
3521899399500318	false
3521928440481629	false
3521973127092246	false
3521978864546641	false
3521999906941401	false
3522004038267534	false
3522009113562735	false
3522018328701914	false
3522018735330496	false
3522037349608716	false
3522046464288549	false
3522057663384354	false
3522061769619828	false
3522062138528886	false
3522062918819998	false
3522065812103874	false
3522088142548790	false
3522122414861285	false
3522200353278168	non-rumor
3522367311777458	false
3522397552936483	false
3522547913686194	false
3522771311121795	false
3522812779768092	false
3522813832871598	false
3522816362039773	false
3522923463392487	non-rumor
3522924717364482	non-rumor
3523113511584631	false
3523142439447223	false
3523166905046601	false
3523221149736189	false
3523238128297682	false
3523266330931273	false
3523451346020299	false
3523834940812803	false
3523879978614833	false
3523913675764517	false
3524005681870859	non-rumor
3524006231630233	false
3524220476264802	false
3524271957181456	false
3524326160871790	false
3524337074071754	false
3524360365542040	false
3524364710316855	false
3524541773271951	false
3524928957451510	false
3524942954300053	false
3524953842289337	false
3524998339644279	false
3525022351834740	false
3525081986261659	false
3525097014637449	non-rumor
3525098818126560	non-rumor
3525657218767582	false
3525690437894314	false
3525766500915496	false
3525824579642062	non-rumor
3526019803754303	false
3526368157155355	false
3526434251143049	false
3526712279402895	false
3526791279041276	false
3527517275120435	false
3527867209657926	false
3528263013563152	false
3528353220590227	non-rumor
3528526713937206	false
3528985663560555	non-rumor
3529127883262194	false
3529185320305155	false
3529202210905711	false
3529219726806472	false
3529446583363723	non-rumor
3529447015597687	false
3529639043274611	false
3529673642807596	false
3529687797669912	false
3529692969638547	false
3529720404912831	false
3529768664816061	false
3529837316276459	false
3529973463269899	false
3530028832389621	false
3530075636834956	false
3530125637252504	false
3530173875627205	false
3530402973224216	false
3530423067768377	false
3530534610992844	non-rumor
3530665750336865	false
3530762815392792	false
3530782356144891	non-rumor
3530838043711256	false
3530838648140161	false
3530849616119957	false
3530858881251151	false
3530860848054388	false
3530990352007663	false
3531067597928787	false
3531095800442217	false
3531107364451044	false
3531109889902991	false
3531110162192187	false
3531125748419928	false
3531147474865146	false
3531157301666442	false
3531186942559097	false
3531259877515654	non-rumor
3531260229612051	non-rumor
3531260389010566	non-rumor
3531468229934700	false
3531524093331821	false
3531526790267299	false
3531534726167643	false
3531536294993622	false
3531561934436883	false
3531576794677889	false
3531579949138011	non-rumor
3531589097045397	false
3531594978010028	false
3531794916008696	false
3531807033128932	false
3531904240271599	false
3531957679551385	false
3532243463220085	false
3532262362179252	false
3532346789604306	non-rumor
3532346885827123	non-rumor
3532540005039375	false
3532583411534171	false
3532588276615864	false
3532592022444576	non-rumor
3532597747683973	false
3532600507531863	false
3532621143238365	false
3532657386723950	false
3532661769045405	false
3532716375448037	false
3532735908351193	false
3532890178917843	false
3532894309655677	false
3532899825071070	false
3533039621438092	false
3533232005844611	false
3533234900561204	false
3533257528667942	false
3533360137322410	false
3533385877725900	false
3533568158624443	false
3533599414591845	false
3533618351401336	false
3533739923211919	false
3533777328272766	false
3533779232441857	false
3533780360431082	false
3533794960801309	non-rumor
3533796081398006	false
3533931498870950	false
3533976356926086	false
3533981360632497	false
3533996732591077	false
3534023421298422	false
3534105319207573	false
3534295853120535	false
3534319119064358	false
3534320087633406	false
3534383233018984	false
3534745704603181	false
3534810259530570	false
3534827825299244	false
3534840185838771	false
3534899925192369	false
3535063637353866	false
3535158512224951	false
3535417732775353	non-rumor
3535439631439061	false
3535443205803747	non-rumor
3535471197714337	false
3535489464046592	false
3535493976947445	false
3535499165497571	false
3535515783433535	false
3535575317211561	false
3535580233029694	false
3535616832540893	false
3535619814650950	false
3535622159975022	false
3535628362541403	false
3535630157535811	false
3535633572604748	false
3535680787697664	false
3535733682311516	false
3535739217981956	false
3535775381245752	false
3535810479128076	false
3535832780539292	false
3535871284056847	false
3536160468654893	false
3536176168264005	false
3536217955856683	false
3536219285590704	false
3536326634764845	false
3536502098911595	false
3536516107985725	false
3536539063803461	false
3536550971549456	false
3536568360651934	false
3536599683987468	false
3536835835733445	false
3536853955568605	false
3536862985241757	false
3536928793715312	false
3536930908133683	false
3536931868138242	false
3536932275626915	false
3536934448194556	false
3536935073488722	false
3536936402626899	false
3536937614625154	false
3536955356580994	false
3536959203003654	false
3536960792696376	false
3536966278412964	false
3536975887764280	false
3536977289275451	false
3536994468466103	false
3537318084311339	false
3537392063163490	false
3537427450560806	false
3537595357702442	false
3537684699850722	false
3537783412546909	non-rumor
3537881727926497	false
3538021837991992	false
3538032865068550	non-rumor
3538045670262500	false
3538296473310311	false
3538303036557409	false
3538305792221794	false
3538326063612101	false
3538389174946832	false
3538425326108148	false
3538430842051545	false
3538444489794715	false
3538765136241493	false
3538819598740889	false
3539031692004076	false
3539127276222253	false
3539142166112871	false
3539241373690189	false
3539333123970420	false
3539414598665114	false
3539421439631615	false
3539478301577463	false
3539490741912632	false
3539491606180752	false
3539492730542759	false
3539493690675192	false
3539497507926156	false
3539498019737307	false
3539500829255294	false
3539506453586129	false
3539528054332151	false
3539535067086855	false
3539541443339071	false
3539552264519431	false
3539558178455634	false
3539582136032517	non-rumor
3539702516376403	false
3539723253015954	false
3539757382411974	false
3539770724065765	false
3539838806516597	false
3539934641848892	false
3540078733149734	false
3540213088929437	false
3540450231607216	false
3541210708384352	false
3541243373890933	false
3541432742624818	false
3541615299321212	false
3541619364356112	false
3541746107098884	false
3541908481526544	false
3541944652894180	false
3541995274804532	false
3542122865066218	non-rumor
3542393175448897	false
3542479737332211	false
3542645769057965	false
3542723602157480	false
3542723967098058	false
3542785078505880	false
3542852530926264	false
3543012318106246	false
3543117036842823	false
3543137035145163	false
3543183801695829	false
3543185106296917	false
3543210062202365	false
3543325993101342	false
3543335924656935	false
3543515281557515	false
3543898510979634	false
3543916475030592	non-rumor
3544268264056795	non-rumor
3544531288786944	false
3544807488491673	false
3544835879726634	false
3544867177036329	false
3544994960576079	false
3545568494205770	false
3545636475076588	false
3545679399574108	false
3546008959383242	false
3546270792350128	false
3546287011912487	false
3546644643403439	false
3547335546225411	false
3547370744190399	false
3547468505446787	false
3547708273424153	false
3547825524904328	false
3547853882402716	false
3547930159640406	false
3547977337564354	false
3548245383004433	false
3548451688069313	false
3548612241976905	false
3548798792341725	false
3549305279364765	false
3549364918002421	non-rumor
3549399257399515	false
3549630475812583	false
3549630589067248	false
3549654979963656	false
3549659249230256	false
3549661786706779	false
3549665267788019	false
3549667960651035	false
3549676018005772	false
3549679364631318	false
3549686092318187	false
3549688235790247	false
3549688521027374	false
3549694913487439	false
3549696167557624	false
3549696536243258	false
3549718543789565	false
3549735002472473	false
3549790778491622	false
3549870176387013	false
3549913478403360	false
3549938912618523	false
3549941865150351	false
3550671498093079	false
3550768910663166	false
3550798464082936	false
3550827044540327	non-rumor
3551030900066285	false
3551034007727627	false
3551137359312575	false
3551423410769068	false
3551571441152301	false
3551685860964318	false
3551712554354222	false
3551719625241920	false
3551735039680493	false
3551747966140687	false
3551764454340038	false
3551768643908520	false
3551774499537875	false
3551792254052062	false
3551837967798237	false
3551855717966611	false
3551892711507951	false
3552073255524560	false
3552253253794574	false
3552389523111081	false
3552513678488927	false
3552654204614789	false
3552769275639752	false
3552798710677166	false
3552807199963698	false
3552904797309443	false
3552907573807786	false
3552907615754341	false
3552909620538529	false
3552919997329099	false
3552921767567165	false
3552922828553742	false
3552923453557753	false
3552931686789741	false
3552968810662725	false
3553172620433013	false
3553277234924864	false
3553516544823295	false
3553647100972891	false
3553726293981044	false
3553833936285095	false
3553850860066204	false
3553855055057462	false
3553858049968422	false
3553859836661039	false
3553863182928051	false
3553863896009411	false
3553865121381289	false
3553868174675202	false
3553871978592378	false
3553893516900664	false
3553897220564515	false
3553902362331431	false
3553903511303352	false
3553907546720888	false
3553910574974676	false
3553913142155429	false
3553916760910325	false
3553924831040775	false
3553937992712129	false
3553941734583436	false
3553943076098945	false
3553951221701502	false
3553961631599530	false
3553966325501855	false
3554114233283397	false
3554239139423262	false
3554450658560202	non-rumor
3554453552400460	false
3554657370907067	false
3554837192917154	false
3554949747385522	false
3554953089566661	false
3554968256246645	false
3554974321629857	false
3554982156128981	false
3554993065464473	false
3555026469159732	false
3555062729195092	false
3555177703333002	non-rumor
3555177980518814	non-rumor
3555189178536102	false
3555198087457574	false
3555213250149371	false
3555261954877976	false
3555278890580714	false
3555282297142050	false
3555293344435157	false
3555300805949457	false
3555301305301144	false
3555322930901610	false
3555342988059973	false
3555357253212303	false
3555358251621326	false
3555380984218760	false
3555475565736887	false
3555638921701628	false
3555670261721720	false
3555835253302607	false
3556029880627359	false
3556130866941802	false
3556134663252800	false
3556231757516091	false
3556253500078671	false
3556258520922794	false
3556259086805180	false
3556261566079424	false
3556413806921545	false
3556418781490303	false
3556525094196431	false
3556530529722533	false
3556539375796087	false
3556546719667108	false
3556551304180279	false
3556560317589935	false
3556564113772491	false
3556564541154976	false
3556567812992363	false
3556582753345046	false
3556597777008259	false
3556607201658627	false
3556608481082010	false
3556619570968102	false
3556738555126894	false
3556748327615046	false
3556779830962594	false
3556788869679111	false
3556866124835333	false
3556873166909356	false
3556876651915970	false
3556880691584685	false
3556908876895369	false
3556950916318598	false
3557143678916521	non-rumor
3557183867882163	false
3557209810116804	false
3557322171267375	false
3557585443383199	false
3557586148357412	false
3557600983051473	false
3557611934671068	false
3557662195382754	false
3557714938525397	false
3557986733704409	false
3558019692393026	false
3558061107430414	false
3558065997906879	false
3558192170227570	false
3558245521689164	false
3558335318239831	false
3558335577759135	false
3558378724885153	false
3558394482644770	false
3558431304631440	false
3558592202743585	false
3558607675129825	false
3558620920552382	false
3558621000947794	false
3558624364159841	false
3558634073974282	false
3558656408309110	false
3558681310591060	false
3558688687772518	false
3558701748774243	false
3558711618218466	false
3558722909032368	false
3558727770195109	false
3558758409836592	false
3558766337240721	false
3558777120956241	false
3558790240650787	non-rumor
3558797106575895	non-rumor
3558817197418963	false
3558997363714404	false
3558997711887948	false
3559003533831639	false
3559018553079560	false
3559025192971820	false
3559030854951184	false
3559032574841155	false
3559060366746545	false
3559063650247117	false
3559075776717503	false
3559094051069362	false
3559310590487460	false
3559315678191265	false
3559400969012088	false
3559500692505883	false
3559632658681336	false
3559636357693739	false
3559664044268333	false
3559738497226707	false
3560049802592181	false
3560131016874796	false
3560196150182168	false
3560240555106062	false
3560401838890785	false
3560449918047267	false
3560485317820031	false
3560538245904046	false
3560607397333073	false
3560735323590929	false
3560839409344455	false
3560851975885975	false
3560859768815251	false
3560951041416734	false
3560955138807805	false
3560965905636500	false
3561129584857414	false
3561176371402127	false
3561233753951411	false
3561338208758770	non-rumor
3561338599266458	non-rumor
3561586113832448	false
3561656128374934	false
3561663095784004	false
3561685333657854	false
3561836555194358	false
3561912925400260	false
3562224737855412	false
3562224750320682	false
3562324654865954	false
3562401783685863	false
3562610706774275	false
3562787412287907	non-rumor
3562788012496912	non-rumor
3562788121471307	non-rumor
3562805615546326	false
3562939258738096	false
3562951304661788	false
3562964356998971	false
3562966579995883	false
3562989984482763	false
3563050151616103	false
3563115163421244	false
3563202510025232	false
3563322060025796	false
3563477014831136	false
3563489068585280	false
3563508274970669	false
3563516428542155	false
3563528071928373	false
3563617561986680	false
3563658858369004	false
3563694547998711	false
3563705654088598	false
3563716224122682	false
3563719940577536	false
3563729331117724	false
3563734469087333	false
3563749674113920	false
3563756657070799	false
3563761564568343	false
3563784566439958	false
3563796012530136	false
3563801314145022	false
3563806485447283	false
3563847472675997	false
3563852438880027	false
3563853944567995	false
3563858042281330	false
3563996361613481	false
3564000099270887	false
3564006922834971	false
3564073213737189	false
3564076116658657	false
3564131828986167	false
3564237047809215	non-rumor
3564411622592850	false
3564414521502106	false
3564424549857223	false
3564448352737229	false
3564471580584081	false
3564472088564528	false
3564477058839350	false
3564512882224934	false
3564518959195705	false
3564538458613926	false
3564563184610988	false
3564599817357079	non-rumor
3564809884900610	false
3564960288706640	false
3564962301422888	non-rumor
3565232666163032	false
3565267227940950	false
3565323066309899	non-rumor
3565633213647450	false
3565645549053109	false
3565666886349587	false
3566047686974981	non-rumor
3566049632681885	non-rumor
3566049809062087	non-rumor
3566276356194468	false
3566414310741544	false
3566612324133887	false
3567082208112662	false
3567091888659283	false
3567148637484086	false
3567239007652877	false
3567418918236069	false
3567477496185720	false
3567627990991236	false
3567632537926235	false
3567640481959410	false
3567642331335165	false
3567644815253057	false
3567649252389431	false
3567656659726951	false
3567665295750659	false
3567681754496978	false
3567705989056922	false
3567719330485736	false
3567754298585813	false
3567765702683846	false
3567770283321379	false
3567771868689748	false
3567794928724226	false
3567800750204590	false
3567801539097700	false
3567808006623930	false
3567813065474996	false
3567821579988573	false
3567823173938397	false
3567827204097241	false
3567827463941151	false
3567827585828006	false
3567830068390832	false
3567836464741313	false
3567840542451486	false
3567842563458986	false
3567853409845430	false
3567986125844065	false
3567987384249393	false
3567988890252640	false
3568004744840996	false
3568010918476234	false
3568017994779268	false
3568023296209499	false
3568049938078131	false
3568065779906912	false
3568099095489860	false
3568100933050229	false
3569088515769132	false
3569089802496496	false
3569092495493393	false
3569092772169356	false
3569094618313881	false
3569094693330405	false
3569096282914761	false
3569096354035928	false
3569099457693002	false
3569125831757180	false
3569129141672616	false
3569138116640284	false
3569139052091832	false
3569141380330160	false
3569178974225506	false
3569187894906400	false
3569191531214526	false
3569193523468717	false
3569204098154618	false
3569204952917178	false
3569207289146686	false
3569207713122547	false
3569219192669812	false
3569222304706496	false
3569222418287404	false
3569223680606835	false
3569228826855915	false
3569260964559469	false
3569265619805107	false
3569270367557889	false
3569271974566222	false
3569274222154981	false
3569274846788204	false
3569279633422411	false
3569281247606582	false
3569284976394649	false
3569285207117705	false
3569288578928062	false
3569306211976297	false
3569320678891861	false
3569363711592162	false
3569413653686242	false
3569424609073241	false
3569431202958037	false
3569435451125015	false
3569444959621890	false
3569449539582932	false
3569471903664017	false
3569481349451329	false
3569481810465816	false
3569519433492683	false
3569532876232276	false
3569536332453552	false
3569550760883033	false
3569552350681666	false
3569576783098513	false
3569584340277932	false
3569589017372004	false
3569591768355800	false
3569593329031718	false
3569607636098646	false
3569617324300317	false
3569647041226131	false
3569658663845814	false
3569658722461280	false
3569663604882970	false
3569798078203941	false
3569804743002704	false
3569810916533704	false
3569826331310012	false
3569827366704717	false
3569828134903216	false
3569831858758056	false
3569846765439099	false
3569851425598862	false
3569862804630554	false
3569863450289404	false
3569865371580982	false
3569876888998921	false
3569883273400637	false
3569884660791223	false
3569921633733163	false
3569926239000633	false
3569931909734520	false
3569971856678307	false
3569983516395286	false
3569994707285886	false
3570005641422797	false
3570008544264892	false
3570024213924346	false
3570028836559215	false
3570140195444112	false
3570141738261622	false
3570201666822861	false
3570221762017514	false
3570225436369763	false
3570229739002279	false
3570233467478195	false
3570244972675763	false
3570255152793754	false
3570351076301625	false
3570358533599799	false
3570377932253887	false
3570390821048068	non-rumor
3570525035415200	false
3570564616762329	false
3570581284440026	false
3570583243597176	false
3570591862673402	false
3570610216980905	false
3570627077989345	false
3570675341704457	false
3570716009678220	false
3570726042795883	false
3570726277704368	false
3570738839294188	false
3570762646922409	false
3570869203192420	false
3571008193214580	false
3571047833710111	false
3571174027764153	false
3571256417022093	false
3571402777000146	false
3571462713599109	false
3571652732297803	false
3571724349958150	false
3571792515595667	false
3571814817013398	false
3571837559080589	non-rumor
3572031158867068	false
3572048154848486	false
3572064554102299	false
3572066672427504	false
3572119843566098	false
3572170187642250	false
3572524799796330	false
3572582382671723	false
3572782132372776	false
3572894955717966	false
3572898226590070	false
3572934931027576	non-rumor
3573094298344573	false
3573102354705643	false
3573296614607302	non-rumor
3573576990940167	false
3573604354359575	false
3573622352294410	false
3573756108683552	false
3573789310793803	false
3573807153480196	false
3573816145869148	false
3574311804066048	false
3574381252628542	non-rumor
3574405285896261	false
3574506318549853	false
3574604649528092	false
3574613797373183	false
3574633620443779	false
3574639831837648	false
3574671301513431	false
3574684778471907	false
3574690985199156	false
3574708723337563	false
3574739584933038	false
3574766055179448	false
3574881989641089	false
3574920346733209	false
3574935970255781	false
3574981885638200	false
3574997992222370	false
3575054094359778	false
3575088752214705	false
3575217886387632	false
3575278997524651	false
3575405094635369	false
3575472573558362	false
3575637757640196	false
3575760281300835	false
3575777784314618	false
3575785065272785	false
3575810457423610	false
3575967215479242	false
3575967576288863	false
3576032072029017	false
3576042239113712	false
3576131040919374	false
3576395840224763	false
3576413816404303	false
3576530703431516	false
3576537179244406	false
3576542078570351	false
3576548869204313	false
3576695027793562	false
3576715894477339	false
3576730989915390	false
3576806777422468	false
3577507121135039	false
3577515161784386	false
3577524678014770	false
3577604269092674	false
3577607247445512	false
3577646027991009	non-rumor
3577793197210161	false
3577877700108915	false
3577886554206198	false
3577912558961661	false
3577958776120227	false
3578188443230446	false
3578242625631799	false
3578248673445565	false
3578265069806860	false
3578265614473435	false
3578271125861949	false
3578285000527482	false
3578287747673518	false
3578305611262059	false
3578315706971179	false
3578318651907396	false
3578525418093377	false
3578528366366709	false
3578563875680633	false
3578576655428879	false
3578711351932256	false
3578741651466687	false
3578869267070369	false
3578943737262269	false
3579012888801887	false
3579045256408614	false
3579213045176240	false
3579260033949191	false
3579348122148269	false
3579405898625506	false
3579440602398214	false
3579453295197111	false
3579612434924511	false
3579816873537336	non-rumor
3579820426640084	non-rumor
3579991172564425	false
3579991210320728	false
3580079256785389	false
3580083706773071	false
3580088047950909	false
3580088660229461	false
3580106896840401	false
3580131912103229	false
3580155211542690	false
3580294068085232	false
3580296563943100	false
3580340301602868	false
3580356198047641	false
3580357981071019	false
3580371633209083	false
3580404713457922	false
3580407414982198	false
3580408832559076	false
3580415065838814	false
3580423126961016	false
3580430659551248	false
3580744364143550	false
3580773837524516	false
3580794146211262	false
3580865684424007	false
3581157687687108	false
3581191091804572	false
3581237278609615	false
3581467504131480	false
3581630880998635	non-rumor
3582116426197411	false
3582245396466296	false
3582290796256990	false
3582318566646534	false
3582359099790087	false
3582474623796402	false
3582516126811860	false
3582540281281028	false
3582594593483195	false
3582621122374067	false
3583025365366144	false
3583224862958430	false
3583323417004681	false
3583806319474469	non-rumor
3584002755460929	false
3584147475788190	false
3584311347250126	non-rumor
3585019140349233	false
3585025373018409	false
3585254046272685	false
3585254264847900	false
3585255220926518	non-rumor
3585553637175264	false
3585553678828854	false
3585561417472269	false
3585893346832794	false
3585917044371291	false
3585925315617773	false
3585948313073053	false
3585980587979782	non-rumor
3586132413779178	false
3586148095878220	false
3586161802851398	false
3586264382744085	false
3586281571142628	false
3586294556631993	false
3586313934109778	false
3586314010384018	false
3586592441055611	false
3586603458858758	false
3586604645958819	false
3586622715271375	false
3586629925308711	false
3586644991153584	false
3586649520575173	false
3586683368862254	false
3586704714104990	non-rumor
3586847365965288	false
3586875165869540	false
3586944980556495	false
3587286128562289	false
3587306604295652	false
3587374044930539	false
3587410875051088	false
3587429853952237	non-rumor
3587568375939436	false
3587660373071129	false
3587690400396038	false
3587819718917549	false
3587821191557535	false
3587929294833069	false
3588320657355198	false
3588332417956987	false
3588397069256424	false
3588639966003346	false
3588762925641828	false
3588833264453928	false
3589033244483137	false
3589746401954402	false
3589896742294688	false
3590271042422629	false
3590501757933430	false
3590615252498304	false
3590847268112772	non-rumor
3591226282354290	false
3591229885188029	false
3591247774522147	false
3591249682267613	false
3591779159185268	non-rumor
3591906363734814	false
3592256290717677	false
3592306826992142	false
3592307905061908	false
3592527049606331	false
3592866397513102	non-rumor
3593033951571746	false
3593383098486552	non-rumor
3593500484588570	false
3593731594664027	false
3593732223957950	false
3593779291912843	false
3594507398848135	false
3594644627774586	false
3594659617599403	false
3594925134540355	false
3594987834559891	false
3594993887077991	false
3594995661369414	false
3595005073056858	false
3595209751759677	false
3595241757879060	false
3595286251032243	false
3595378190553241	false
3595428680960679	false
3596127519169064	non-rumor
3596262509338646	false
3596450753920502	false
3596457934640043	false
3596536183304553	false
3596612913834830	false
3596623504464228	false
3596644085750641	false
3596676713278888	false
3596697974510104	false
3596745735216635	false
3596852550784401	non-rumor
3597022806854746	false
3597082663756628	false
3597162498022674	false
3597185771771477	false
3597513560755213	false
3597547379608131	non-rumor
3597674685634950	false
3597775851371366	false
3598051547031992	false
3598092597450616	false
3598326383453776	false
3598669410020689	false
3598678562887616	false
3598698775031631	false
3598828055639876	false
3598980971795843	false
3599155752940696	false
3599222416711344	false
3599257195888679	non-rumor
3599309817909301	false
3599615632726490	false
3599714400236828	false
3599727641719098	false
3599755370345974	false
3599874979445771	false
3599887834485486	false
3599905131947401	false
3599938061281073	false
3599953362587747	false
3600000053764287	false
3600079791789491	false
3600092441727665	false
3600098464737330	false
3600106408354965	false
3600108606269491	false
3600109428774504	non-rumor
3600314818916458	false
3600344279810683	false
3600352316557797	false
3600367146791215	false
3600371492116232	false
3600427322813770	false
3600431043127435	false
3600440409433496	false
3600441415772315	false
3600453134518069	false
3600475796754463	non-rumor
3600567161203191	false
3600826004453829	non-rumor
3601362552599896	false
3601383015816200	false
3601471004353060	false
3601507255205777	false
3601510937962192	false
3601521595550755	false
3601548871988403	false
3601549630396186	false
3601551484167477	false
3601556823599188	false
3601672934664369	false
3601722780057799	false
3601801998091186	false
3601817860469457	false
3601885418142650	false
3601912844708626	false
3602244861774232	false
3602269863635520	false
3602416178378380	non-rumor
3602443977640496	false
3602527801217022	false
3602611439603519	false
3602618083439560	false
3602631093667066	false
3602643123681995	false
3602801513263583	false
3602818340098734	false
3602859067013597	false
3602859314533134	false
3602915262117377	false
3603012620351767	non-rumor
3603135417307950	false
3603146955630933	false
3603149179270810	false
3603163854589304	false
3603166249390886	false
3603201330395460	false
3603362655796653	false
3603594810790261	false
3603595070896498	false
3603614419737740	false
3603860545131642	false
3603883043316157	false
3604242079885609	false
3604301987098116	false
3604321059416823	false
3604331712294291	false
3604338167925692	false
3604388440196743	false
3604402235240065	false
3604430232223096	false
3604446921356919	false
3604484397691438	false
3604576437825120	false
3604583995292143	false
3604598545282849	false
3604623678104048	false
3604641868852445	false
3604656955559943	false
3604678954639668	false
3604681035138411	false
3604683006393355	false
3604696122007267	false
3604711900927683	false
3604721673812861	false
3604785288686291	false
3605007607659996	false
3605186507770638	non-rumor
3605544222572136	non-rumor
3605737424996159	false
3605790654561737	false
3606421822581559	false
3606476838699358	false
3606478545711757	false
3606625849443761	false
3606803176837565	false
3606841663165498	false
3606860735139819	false
3606979400420766	false
3606984689469388	false
3607133171814941	false
3607150053779665	false
3607152562636381	false
3607165052689827	false
3607268253346258	false
3607317427897617	false
3607521723473212	false
3607706009398967	false
3607852234767114	false
3607938305908080	false
3607987484215361	false
3608017679931214	false
3608024058510644	false
3608232839336801	false
3608316766543224	false
3608356143065421	false
3608646216770601	false
3608684103626012	false
3608706866371751	false
3608759563872878	false
3609151533781720	false
3609643358404403	false
3609762572853631	false
3609897771990792	non-rumor
3609897889183181	non-rumor
3610166090156883	false
3610511268352922	false
3610760707921870	false
3611180100371563	false
3611341355232142	non-rumor
3611512154926879	false
3611963021774660	false
3611983083797092	false
3612002058747899	false
3612066177297887	false
3612307185629216	false
3612757158904294	false
3612775555079225	non-rumor
3612816923388736	false
3612963241924836	false
3613009442246735	false
3613075443363848	false
3613103327395758	false
3613146499346398	false
3613178040530862	false
3613256306531605	false
3613266053872677	false
3613390578811400	false
3613487521466515	false
3613514679797368	false
3613517116461807	non-rumor
3613836680911246	false
3613843534108659	false
3614253145257564	false
3614971407561380	non-rumor
3615500158396130	false
3615667368899920	non-rumor
3616009728134268	false
3616058735120675	non-rumor
3616553960362276	false
3616570095758987	false
3617117661843783	non-rumor
3617138864185835	non-rumor
3617335363866285	non-rumor
3617656609103157	false
3617838936120152	false
3618044108249494	non-rumor
3618768330739184	false
3618851030147111	false
3618902963871537	false
3618955484806258	non-rumor
3618957280025178	non-rumor
3619882367478362	false
3619914335835505	false
3619966076683384	false
3620043864481254	non-rumor
3620044515066642	non-rumor
3620326275349008	false
3620770247319228	non-rumor
3621131728410085	non-rumor
3621856731174222	non-rumor
3622479249177168	non-rumor
3622725757288236	non-rumor
3624168329816340	false
3624895717758116	false
3625421893586936	non-rumor
3625597228248709	false
3625669277685908	false
3625703373470078	false
3625811233733342	false
3625818762514205	false
3626014721118492	false
3626047238603102	non-rumor
3626853283278784	false
3626929515089045	false
3627214547683809	non-rumor
3627243777601596	non-rumor
3627260260747489	false
3628378094021716	non-rumor
3628529369513105	false
3628739004989294	non-rumor
3629437310172693	false
3629705276673018	false
3630054153657481	non-rumor
3630121455811585	false
3630376125241727	non-rumor
3630502047476920	false
3631073731086816	false
3631215511239428	false
3631473602937496	false
3632667465734419	false
3633091145024434	non-rumor
3633091350588161	non-rumor
3633369105834794	false
3633929754208460	non-rumor
3634022108721584	false
3634064315604696	non-rumor
3635627893359610	non-rumor
3635767257237167	false
3636271064499418	false
3636672451260096	false
3637228884723056	false
3638163824071052	non-rumor
3639194192408193	non-rumor
3639260386712925	false
3640534125561830	false
3641063451862718	non-rumor
3641425834902853	non-rumor
3641787962778801	non-rumor
3642694800544710	false
3643599608167216	non-rumor
3643600728587522	non-rumor
3644178900277111	false
3644188010671060	false
3644204993218832	false
3644211922184962	false
3644236978724465	false
3645317846806100	non-rumor
3646313046790451	false
3646861967361026	non-rumor
3647224606716187	non-rumor
3647470162446581	false
3647566757936009	non-rumor
3647791215625771	false
3647932404093662	non-rumor
3648179172349025	false
3648490913471131	non-rumor
3649036508290053	non-rumor
3649197423473131	false
3649723783487268	false
3649947590743150	non-rumor
3650475917913991	false
3650760975508494	false
3650847176832024	non-rumor
3650847810504828	non-rumor
3650948683958974	false
3650981189390338	false
3651015800927256	false
3651040853398576	false
3651110990091157	false
3651156783630358	false
3651169753216544	false
3651171602494589	false
3651454973879505	false
3651541921514221	non-rumor
3651557289355820	non-rumor
3651935573504942	non-rumor
3652288608577660	non-rumor
3652290618003288	non-rumor
3652600546783478	non-rumor
3652617806566752	false
3653014910886649	non-rumor
3653015724387919	non-rumor
3653016244814594	non-rumor
3653308625587985	false
3653342704448753	false
3653384785642009	false
3653561013720346	false
3654109360102680	non-rumor
3654241056553871	non-rumor
3654811868025904	non-rumor
3655373212692622	false
3655373548121897	non-rumor
3656546879440065	false
3656772843668120	false
3658411864390176	false
3659540899367035	non-rumor
3659804528369695	non-rumor
3660535071939322	false
3660584488289199	false
3660623290187048	non-rumor
3660991885453853	non-rumor
3661720016591503	non-rumor
3662387414965319	false
3662745800617966	false
3663371628503052	false
3663876879430376	false
3663907933793559	false
3664010711257804	false
3664059214134545	false
3664618097051795	non-rumor
3664833612501379	false
3664886960066812	false
3664981159304255	non-rumor
3665650188943333	false
3665654191190871	non-rumor
3666066452659216	non-rumor
3666780188565758	non-rumor
3667155633906132	non-rumor
3667475285315591	false
3667476892498671	non-rumor
3668092918118802	false
3668578479790102	non-rumor
3669176193172473	false
3670047614500873	non-rumor
3670603720065006	false
3670758427843473	non-rumor
3671001906510580	false
3671427251474095	false
3671462768386073	non-rumor
3672017288936066	false
3672930778793583	non-rumor
3673279208789543	false
3674403428496252	non-rumor
3674718999284440	false
3675071002028008	non-rumor
3675076107205545	false
3675079412124627	false
3675081450231320	false
3675680594481105	false
3676113144205719	non-rumor
3676566855276819	false
3676571074212221	non-rumor
3676820240835145	non-rumor
3676825718607271	false
3676871982475683	false
3676885747718910	false
3677301704980825	non-rumor
3677506940559135	false
3679006043852862	false
3679107567552669	non-rumor
3679689707007203	false
3679823413017243	non-rumor
3680560520118168	non-rumor
3681650875927989	non-rumor
3682186840210272	non-rumor
3682279044660439	non-rumor
3682680904569511	false
3682714610176692	non-rumor
3683685465521362	false
3683685465521563	false
3683750435840938	false
3683825689301521	non-rumor
3683871567040637	false
3684090567660542	false
3684095995971132	false
3684126836169884	false
3684128371509575	false
3684526800267299	false
3684925415194613	false
3685447920105400	false
3685957590853261	false
3685964956754161	false
3685971771544423	non-rumor
3686031016722029	false
3686328803349758	false
3686350622250825	non-rumor
3686551860653652	false
3686593447136245	false
3687069325429101	false
3687377647760855	false
3687445482970781	false
3687631823436169	false
3687649808276918	false
3687664324971626	false
3687731072791527	false
3687752183502808	non-rumor
3687937889799348	false
3688060438931282	false
3688070450630068	false
3688082220443477	false
3688099362127971	false
3688167146464361	false
3688448223402590	false
3688516749875051	false
3688523406217197	false
3688526178542564	false
3688527940153648	false
3688778810495566	false
3688818420807547	false
3688902252927902	false
3688986222427270	false
3689037455673671	false
3689038592535660	false
3689051552962637	false
3689061070031230	false
3689078133277653	false
3689099518678473	false
3689252871531444	false
3689304725076460	false
3689382529269084	false
3689424116626444	false
3689501911995200	false
3689580013940285	non-rumor
3689966221862824	non-rumor
3690343021183952	false
3690347769409020	false
3691572665166706	false
3691788764481838	false
3692716216864631	false
3692884458714770	non-rumor
3693001060527378	false
3693247878297640	non-rumor
3694162165182131	false
3694162631037474	false
3694165722285990	false
3694166221630518	false
3694166888258651	false
3694167773707412	false
3694168142597384	false
3694168352742087	false
3694168818228069	false
3694171070278864	false
3694175394066733	false
3694175721545664	false
3694176045064502	false
3694179416541403	false
3694179979148280	false
3694185204785962	false
3694189822345373	false
3694197800124348	false
3694204825800094	non-rumor
3694217819812109	false
3694226967432406	false
3694256034122979	non-rumor
3694262367485307	false
3694279962616578	false
3694281149178232	false
3694304331568435	false
3694446074391241	false
3694459651213688	false
3694473730801764	false
3694525488386512	false
3694540843901479	false
3694548225762219	false
3695953506645173	false
3697068939625998	false
3697924699779931	false
3697936967527034	false
3697941531177495	false
3697943938568537	false
3697946027940242	false
3697946598058579	false
3833679488694180	non-rumor
3833679601951025	non-rumor
3833680848014537	non-rumor
3833683293048565	non-rumor
3833685462184476	non-rumor
3833688397516282	non-rumor
3833690621126676	non-rumor
3833692307301730	non-rumor
3833693023516585	non-rumor
3833695947811832	non-rumor
3833696320258210	non-rumor
3833699889630785	non-rumor
3833700305084666	non-rumor
3833701374524610	non-rumor
3833701487961738	non-rumor
3833703510236010	non-rumor
3833703710659368	non-rumor
3833706152082417	non-rumor
3833706248557710	non-rumor
3833707313554886	non-rumor
3833707338722319	non-rumor
3833708971216979	non-rumor
3833709675105254	non-rumor
3833710266692822	non-rumor
3833710589673848	non-rumor
3833711134552959	non-rumor
3833711524647871	non-rumor
3833713668823918	non-rumor
3833717329786875	non-rumor
3833718597102685	non-rumor
3833718605506366	non-rumor
3833719666576579	non-rumor
3833722241337540	non-rumor
3833723147246360	non-rumor
3833723981700860	non-rumor
3833726066924539	non-rumor
3833726146088194	non-rumor
3833727228281475	non-rumor
3833733520356639	non-rumor
3833734438530704	non-rumor
3833735008649797	non-rumor
3833738263366742	non-rumor
3833738297352193	non-rumor
3833738527624445	non-rumor
3833738763031692	non-rumor
3833738909944113	non-rumor
3833743888332341	non-rumor
3833744697575395	non-rumor
3833745285107834	non-rumor
3834046154874571	non-rumor
3834047337784417	non-rumor
3834048730168857	non-rumor
3834050785768372	non-rumor
3834052077719635	non-rumor
3834053406563385	non-rumor
3834055235632755	non-rumor
3834056263325522	non-rumor
3834058335221932	non-rumor
3834059031105369	non-rumor
3834059874228416	non-rumor
3834061853829180	non-rumor
3834064639573519	non-rumor
3834065847644586	non-rumor
3834065885204804	non-rumor
3834065889631029	non-rumor
3834067029700331	non-rumor
3834068686566621	non-rumor
3834070179969588	non-rumor
3834071521967630	non-rumor
3834071610053302	non-rumor
3834073434922787	non-rumor
3834075334862639	non-rumor
3834076005681910	non-rumor
3834076463493168	non-rumor
3834076907508891	non-rumor
3834078090368078	non-rumor
3834082523738620	non-rumor
3834082573712969	non-rumor
3834082842524860	non-rumor
3834084155062567	non-rumor
3834086718022328	non-rumor
3834088534543712	non-rumor
3834089502857690	non-rumor
3834089641684367	non-rumor
3834091336208353	non-rumor
3834093604864970	non-rumor
3834096234590079	non-rumor
3834098755523520	non-rumor
3834099108439951	non-rumor
3834099464456175	non-rumor
3834100806402441	non-rumor
3834103634185364	non-rumor
3834103717469608	non-rumor
3834103755551953	non-rumor
3834413324425729	non-rumor
3834413370567929	non-rumor
3834415450552660	non-rumor
3834419276513058	non-rumor
3834420723071545	non-rumor
3834422380166544	non-rumor
3834422882749708	non-rumor
3834423847817456	non-rumor
3834424556706239	non-rumor
3834428281446391	non-rumor
3834429829470373	non-rumor
3834430449283990	non-rumor
3834430672453814	non-rumor
3906982031327232	non-rumor
3907194892717485	non-rumor
3907203569826732	non-rumor
3907224793814170	non-rumor
3907508567659275	non-rumor
3907531728466948	non-rumor
3907537466108880	non-rumor
3907538766250347	non-rumor
3907540024356031	non-rumor
3907540024357585	non-rumor
3907540024809662	non-rumor
3907540276774628	non-rumor
3907547033891682	non-rumor
3907550132596436	non-rumor
3907550212336870	non-rumor
3907553538489864	non-rumor
3907555955198046	non-rumor
3907557770495553	non-rumor
3907565466969088	non-rumor
3907570026725605	non-rumor
3907570299130663	non-rumor
3907577815710666	non-rumor
3907580407356244	non-rumor
3907582026137993	non-rumor
3907582311708949	non-rumor
3907589261614171	non-rumor
3907592894108335	non-rumor
3907594642686473	non-rumor
3907595448135521	non-rumor
3907598031913682	non-rumor
3907604092296009	non-rumor
3907608131558678	non-rumor
3907611499577582	non-rumor
3907613760663013	non-rumor
3907615777739709	non-rumor
3907623063528022	non-rumor
3907623197639623	non-rumor
3907623319928759	non-rumor
3907623575182414	non-rumor
3907628142779391	non-rumor
3907631376867859	non-rumor
3907634899514864	non-rumor
3907641442696810	non-rumor
3907647017012293	non-rumor
3907649496593591	non-rumor
3907653018963554	non-rumor
3907653488846171	non-rumor
3907653736421081	non-rumor
3907656039178064	non-rumor
3907671193363035	non-rumor
3907671725842510	non-rumor
3907672002352486	non-rumor
3907674279984844	non-rumor
3907679006774167	non-rumor
3907680089743498	non-rumor
3907685604630823	non-rumor
3907687245242179	non-rumor
3907688511372828	non-rumor
3907688532097743	non-rumor
3907691015522504	non-rumor
3907694844559315	non-rumor
3907695205291239	non-rumor
3907699051890985	non-rumor
3907699228179809	non-rumor
3907699810759854	non-rumor
3907703723892433	non-rumor
3907706370567637	non-rumor
3907708736274063	non-rumor
3907713673703434	non-rumor
3907717284696913	non-rumor
3907721218947505	non-rumor
3907721235985362	non-rumor
3907722464154884	non-rumor
3907722564646739	non-rumor
3907728609619928	non-rumor
3907728789405790	non-rumor
3907730051761362	non-rumor
3907737496925917	non-rumor
3907740113876460	non-rumor
3907742282069764	non-rumor
3907742840324598	non-rumor
3907743993461175	non-rumor
3907746418087188	non-rumor
3907746807932370	non-rumor
3907747743450097	non-rumor
3907750159077892	non-rumor
3907751157249535	non-rumor
3907751341977221	non-rumor
3907755192555153	non-rumor
3907758967284946	non-rumor
3907760591057806	non-rumor
3907762239077870	non-rumor
3907764923473435	non-rumor
3907765296170120	non-rumor
3907766571977196	non-rumor
3907767775383794	non-rumor
3907768819451810	non-rumor
3907768890833467	non-rumor
3907769314679625	non-rumor
3907774066711408	non-rumor
3907774184027853	non-rumor
3907774192606614	non-rumor
3907774641622329	non-rumor
3907782526562940	non-rumor
3907785111049708	non-rumor
3907785916325731	non-rumor
3907789195892186	non-rumor
3907791355391603	non-rumor
3907796133404325	non-rumor
3907802441146693	non-rumor
3907806828899710	non-rumor
3907888067892917	non-rumor
3907896619883075	non-rumor
3907897392438395	non-rumor
3907897852964990	non-rumor
3907902412202207	non-rumor
3907902412202970	non-rumor
3907902466794715	non-rumor
3907906255129247	non-rumor
3907907948891931	non-rumor
3907909890768546	non-rumor
3907910016451969	non-rumor
3907913800547803	non-rumor
3907917306939821	non-rumor
3907917482478864	non-rumor
3907921282408061	non-rumor
3907921651761528	non-rumor
3907932616310839	non-rumor
3907934935034825	non-rumor
3907937585762622	non-rumor
3907943214755343	non-rumor
3907945848711531	non-rumor
3907946113284024	non-rumor
3907952283331336	non-rumor
3907952744129933	non-rumor
3907953041855871	non-rumor
3907953515992610	non-rumor
3907955281585302	non-rumor
3907961225101568	non-rumor
3907961606476629	non-rumor
3907962810350115	non-rumor
3907967361121363	non-rumor
3907971660357128	non-rumor
3907977909816349	non-rumor
3907989297245847	non-rumor
3908001280656335	non-rumor
3908002862578993	non-rumor
3908003948627771	non-rumor
3908011628604361	non-rumor
3908018447999195	non-rumor
3908021320925937	non-rumor
3908024614201752	non-rumor
3908027142397376	non-rumor
3908029043232414	non-rumor
3908030758897110	non-rumor
3908030774928775	non-rumor
3908039129894971	non-rumor
3908039566305772	non-rumor
3908040866329285	non-rumor
3908040946269177	non-rumor
3908042153958170	non-rumor
3908048626638735	non-rumor
3908050399835604	non-rumor
3908050894849354	non-rumor
3908051012383200	non-rumor
3908051088071035	non-rumor
3908056192462419	non-rumor
3908060243821533	non-rumor
3908060999159074	non-rumor
3908061078615042	non-rumor
3908062907536695	non-rumor
3908072726140703	non-rumor
3908072789110983	non-rumor
3908081119222350	non-rumor
3908081341248071	non-rumor
3908081874081881	non-rumor
3908084814413047	non-rumor
3908086123292512	non-rumor
3908087397943079	non-rumor
3908089419470722	non-rumor
3908091424669275	non-rumor
3908094138150738	non-rumor
3908097447463577	non-rumor
3908098953346160	non-rumor
3908098957544079	non-rumor
3908099200789227	non-rumor
3908099766874643	non-rumor
3908101344007422	non-rumor
3908106251433279	non-rumor
3908106260316013	non-rumor
3908110034868119	non-rumor
3908111599318022	non-rumor
3908113054414712	non-rumor
3908113805172110	non-rumor
3908113817770050	non-rumor
3908118805284794	non-rumor
3908120331582121	non-rumor
3908128905267093	non-rumor
3908128908796858	non-rumor
3908132142596491	non-rumor
3908134164643998	non-rumor
3908136500585186	non-rumor
3908139420025021	non-rumor
3908141160849288	non-rumor
3908144004351463	non-rumor
3908249700568709	non-rumor
3908253203172210	non-rumor
3908254742794242	non-rumor
3908254805435516	non-rumor
3908263542406744	non-rumor
3908264951249902	non-rumor
3908268072232551	non-rumor
3908269078419688	non-rumor
3908269347083750	non-rumor
3908269586698233	non-rumor
3908269858475892	non-rumor
3908272425828546	non-rumor
3908278138535984	non-rumor
3908279900019613	non-rumor
3908280030209700	non-rumor
3908280281818604	non-rumor
3908281934744285	non-rumor
3908292604312971	non-rumor
3908293502463239	non-rumor
3908298040255808	non-rumor
3908299185804500	non-rumor
3908300086737753	non-rumor
3908305132682766	non-rumor
3908310350540776	non-rumor
3908316243630681	non-rumor
3908317959353938	non-rumor
3908317988191874	non-rumor
3908319871550174	non-rumor
3908322366997363	non-rumor
3908323436659393	non-rumor
3908325869875159	non-rumor
3908326259590384	non-rumor
3908333792469229	non-rumor
3908334291494175	non-rumor
3908335327865155	non-rumor
3908337785696015	non-rumor
3908338607253611	non-rumor
3908339039440845	non-rumor
3908340474478952	non-rumor
3908344123488069	non-rumor
3908347894189257	non-rumor
3908351832661025	non-rumor
3908353006410192	non-rumor
3908354138950892	non-rumor
3908355397127364	non-rumor
3908355397487017	non-rumor
3908355548584903	non-rumor
3908356529489031	non-rumor
3908366038306976	non-rumor
3908371759361770	non-rumor
3908372732455478	non-rumor
3908374321781246	non-rumor
3908378046285512	non-rumor
3908380814594166	non-rumor
3908381703698176	non-rumor
3908383054840328	non-rumor
3908387768675683	non-rumor
3908388112599519	non-rumor
3908395616354231	non-rumor
3908401832539292	non-rumor
3908404218902202	non-rumor
3908404592205388	non-rumor
3908405729329683	non-rumor
3908408509502105	non-rumor
3908408593920734	non-rumor
3908412293266607	non-rumor
3908412343490462	non-rumor
3908415799309204	non-rumor
3908416143296089	non-rumor
3908420845008017	non-rumor
3908421134767409	non-rumor
3908423369932344	non-rumor
3908424620376483	non-rumor
3908428386946194	non-rumor
3908430169017660	non-rumor
3908432354652649	non-rumor
3908434413720365	non-rumor
3908436934363177	non-rumor
3908438461787844	non-rumor
3908446347097770	non-rumor
3908449815394494	non-rumor
3908453552817533	non-rumor
3908454429656628	non-rumor
3908456065392538	non-rumor
3908457117672776	non-rumor
3908459248094473	non-rumor
3908461115087448	non-rumor
3908461383850166	non-rumor
3908461848454709	non-rumor
3908462377925392	non-rumor
3908462705102897	non-rumor
3908463145139734	non-rumor
3908463610306944	non-rumor
3908469410814100	non-rumor
3908469419209714	non-rumor
3908471185956650	non-rumor
3908475694788423	non-rumor
3908476697237632	non-rumor
3908476944110054	non-rumor
3908478911875695	non-rumor
3908480404125295	non-rumor
3908481394157050	non-rumor
3908482870809747	non-rumor
3908483667742847	non-rumor
3908483781114283	non-rumor
3908486418851447	non-rumor
3908488222513102	non-rumor
3908491292840863	non-rumor
3908494564297118	non-rumor
3908495138656162	non-rumor
3908497902721124	non-rumor
3908498616125052	non-rumor
3908499598167408	non-rumor
3908502127326258	non-rumor
3908506392906975	non-rumor
3908507147396098	non-rumor
3908511328776502	non-rumor
3908526533913551	non-rumor
3908529045700661	non-rumor
3908979572657970	non-rumor
3908984555495636	non-rumor
3908990088389334	non-rumor
3908994668059980	non-rumor
3908997138855945	non-rumor
3908997159589548	non-rumor
3908999684872232	non-rumor
3908999831051027	non-rumor
3909006936760923	non-rumor
3909007201225021	non-rumor
3909011709547389	non-rumor
3909014431406121	non-rumor
3909015547649307	non-rumor
3909017346796390	non-rumor
3909020202624381	non-rumor
3909025584389953	non-rumor
3909026427376418	non-rumor
3909026523657111	non-rumor
3909038125812587	non-rumor
3909038196904952	non-rumor
3909041267403543	non-rumor
3909047205740135	non-rumor
3909049961588933	non-rumor
3909052490387957	non-rumor
3909052499516071	non-rumor
3909055560618535	non-rumor
3909063035561360	non-rumor
3909063647815041	non-rumor
3909065074011488	non-rumor
3909070136149174	non-rumor
3909080173221721	non-rumor
3909080579633565	non-rumor
3909081075061253	non-rumor
3909082626594218	non-rumor
3909084371985775	non-rumor
3909085361138804	non-rumor
3909095637417645	non-rumor
3909103313731301	non-rumor
3909106341762751	non-rumor
3909107402936056	non-rumor
3909110371848688	non-rumor
3909110384444633	non-rumor
3909111819467267	non-rumor
3909125484148394	non-rumor
3909140814460162	non-rumor
3909142437372013	non-rumor
3909146518716717	non-rumor
3909148138203601	non-rumor
3909148883989173	non-rumor
3909155720971721	non-rumor
3909168257721795	non-rumor
3909170078496180	non-rumor
3909178366223186	non-rumor
3909182740250233	non-rumor
3909185869479108	non-rumor
3909189568629793	non-rumor
3909189702979876	non-rumor
3909190147489524	non-rumor
3909197194085603	non-rumor
3909198050136987	non-rumor
3909198452157045	non-rumor
3909202160562495	non-rumor
3909203494678531	non-rumor
3909204530102875	non-rumor
3909204790455169	non-rumor
3909205159800467	non-rumor
3909207164200339	non-rumor
3909208518687499	non-rumor
3909208548754798	non-rumor
3909208624093761	non-rumor
3909213552519851	non-rumor
3909216068642643	non-rumor
3909216492756133	non-rumor
3909217351920720	non-rumor
3909218585679775	non-rumor
3909223551822426	non-rumor
3909224272603584	non-rumor
3909231033736573	non-rumor
3909234964507247	non-rumor
3909699252452843	non-rumor
3909708618442913	non-rumor
3909713169323084	non-rumor
3909714096640932	non-rumor
3909714402712833	non-rumor
3909717648307271	non-rumor
3909717778601599	non-rumor
3909721603968906	non-rumor
3909726146113427	non-rumor
3909729199955269	non-rumor
3909729702769305	non-rumor
3909730034100384	non-rumor
3909732299301362	non-rumor
3909734010979287	non-rumor
3909735742448643	non-rumor
3909736988446238	non-rumor
3909739769052360	non-rumor
3909744546303932	non-rumor
3909750615577169	non-rumor
3909753128435579	non-rumor
3909759650197600	non-rumor
3909764687413239	non-rumor
3909770333691623	non-rumor
3909774569961241	non-rumor
3909774750044433	non-rumor
3909774842571403	non-rumor
3909775655939637	non-rumor
3909777518218200	non-rumor
3909777945620186	non-rumor
3909780026055836	non-rumor
3909782308648998	non-rumor
3909787378912154	non-rumor
3909790662762722	non-rumor
3909790675356650	non-rumor
3909790905979609	non-rumor
3909792726326139	non-rumor
3909794949614282	non-rumor
3909795637519612	non-rumor
3909797411977585	non-rumor
3909797415541555	non-rumor
3909799626596749	non-rumor
3909799743414773	non-rumor
3909801790228896	non-rumor
3909805230216491	non-rumor
3909812502447585	non-rumor
3909820296205302	non-rumor
3909822313010295	non-rumor
3909823571287106	non-rumor
3909825895233534	non-rumor
3909830366459201	non-rumor
3909835047114840	non-rumor
3909835198769784	non-rumor
3909841636780257	non-rumor
3909842714076823	non-rumor
3909843087976010	non-rumor
3909844077215671	non-rumor
3909844941390089	non-rumor
3909848485820325	non-rumor
3909852746832450	non-rumor
3909854295239241	non-rumor
3909857327002530	non-rumor
3909857809710194	non-rumor
3909857881572096	non-rumor
3909860565341313	non-rumor
3909862830882566	non-rumor
3909863777877161	non-rumor
3909864088209357	non-rumor
3909864537523984	non-rumor
3909865346825390	non-rumor
3909865598489443	non-rumor
3909867863291932	non-rumor
3909868647669482	non-rumor
3909868744701447	non-rumor
3909870380587588	non-rumor
3909871994572164	non-rumor
3909874218191778	non-rumor
3909877653359066	non-rumor
3909879100345568	non-rumor
3909880446362189	non-rumor
3909880723688532	non-rumor
3909881029559271	non-rumor
3909881847002137	non-rumor
3909883932049297	non-rumor
3909887987798576	non-rumor
3909888327752252	non-rumor
3909895532902978	non-rumor
3909895545494702	non-rumor
3909900579076995	non-rumor
3909903204419195	non-rumor
3909908087206585	non-rumor
3909908175364654	non-rumor
3909910662251540	non-rumor
3909910884583369	non-rumor
3909910896927653	non-rumor
3909913170060367	non-rumor
3909915736821805	non-rumor
3909916433367433	non-rumor
3909916442346539	non-rumor
3909918744551479	non-rumor
3909918937289364	non-rumor
3909922477270860	non-rumor
3909924491238471	non-rumor
3909928370107111	non-rumor
3909932531359596	non-rumor
3909933143273116	non-rumor
3909937228758083	non-rumor
3909939586359810	non-rumor
3909940843913103	non-rumor
3909940878248378	non-rumor
3909941095596882	non-rumor
3909942052284977	non-rumor
3909942236762798	non-rumor
3909943612556989	non-rumor
3909945856987960	non-rumor
3909947920027002	non-rumor
3909948393903231	non-rumor
3909952911343880	non-rumor
3909953666619191	non-rumor
3909955944427717	non-rumor
3909956195606702	non-rumor
3909971102129220	non-rumor
3909978840125858	non-rumor
3909981118438430	non-rumor
3910304238716058	non-rumor
3910421008046187	non-rumor
3910424041257196	non-rumor
3910441652665078	non-rumor
3910451819682868	non-rumor
3910453556023050	non-rumor
3910465086571838	non-rumor
3910465295553392	non-rumor
3910466809821082	non-rumor
3910484425779514	non-rumor
3910486430690039	non-rumor
3910494551004498	non-rumor
3910506248756545	non-rumor
3910511579851244	non-rumor
3910514876429362	non-rumor
3910516650852132	non-rumor
3910518026381248	non-rumor
3910524796327109	non-rumor
3910529871425709	non-rumor
3910531486725508	non-rumor
3910534615480494	non-rumor
3910536557540227	non-rumor
3910537794642077	non-rumor
3910552407639880	non-rumor
3910552482961981	non-rumor
3910559923510229	non-rumor
3910560418271771	non-rumor
3910562717034747	non-rumor
3910570241321854	non-rumor
3910575023327728	non-rumor
3910576290087842	non-rumor
3910576361039608	non-rumor
3910578118126522	non-rumor
3910580157407626	non-rumor
3910584586160231	non-rumor
3910586360688522	non-rumor
3910587413670521	non-rumor
3910588863894459	non-rumor
3910596040708923	non-rumor
3910600247532549	non-rumor
3910600440293487	non-rumor
3910607822461777	non-rumor
3910608413988520	non-rumor
3910621848394596	non-rumor
3910627888275590	non-rumor
3910636314353753	non-rumor
3910642970827398	non-rumor
3910646439375569	non-rumor
3910650566582893	non-rumor
3910654777575299	non-rumor
3910659328491792	non-rumor
3910659785476680	non-rumor
3910664152360723	non-rumor
3910665619845049	non-rumor
3910665619910824	non-rumor
3910672729175567	non-rumor
3910673749019717	non-rumor
3910680157865795	non-rumor
3910687359344004	non-rumor
3910880943042012	non-rumor
3910884243551725	non-rumor
3910884549723440	non-rumor
3910886143583496	non-rumor
3910886576495534	non-rumor
3910891097441449	non-rumor
3910892125002183	non-rumor
3910895841221729	non-rumor
3910896751213030	non-rumor
3910897619553807	non-rumor
3910900324767378	non-rumor
3910901582853938	non-rumor
3910903437150670	non-rumor
3910904557063718	non-rumor
3910905915934383	non-rumor
3910908289598900	non-rumor
3910908390482322	non-rumor
3910908742787831	non-rumor
3910910819305524	non-rumor
3910910986741156	non-rumor
3910911435444067	non-rumor
3910914769984188	non-rumor
3910914879311368	non-rumor
3910918125246735	non-rumor
3910919157368349	non-rumor
3910920906150243	non-rumor
3910921006618067	non-rumor
3910922311507143	non-rumor
3910926790787908	non-rumor
3910927772435331	non-rumor
3910931047995213	non-rumor
3910936102182890	non-rumor
3910937398317542	non-rumor
3910938920749462	non-rumor
3910939105128505	non-rumor
3910941173183294	non-rumor
3911033276531097	non-rumor
3911165916902847	non-rumor
3911173408152182	non-rumor
3911175248742633	non-rumor
3911176159172486	non-rumor
3911177321266241	non-rumor
3911180017645937	non-rumor
3911180818758348	non-rumor
3911181422582506	non-rumor
3911185944153542	non-rumor
3911186875575556	non-rumor
3911186908956664	non-rumor
3911188850873165	non-rumor
3911189433765615	non-rumor
3911191509968031	non-rumor
3911192051281402	non-rumor
3911192512703574	non-rumor
3911194089597191	non-rumor
3911194471054346	non-rumor
3911196522092850	non-rumor
3911197684025876	non-rumor
3911199529709919	non-rumor
3911201639224592	non-rumor
3911201718984723	non-rumor
3911201756908274	non-rumor
3911202604254542	non-rumor
3911202792746534	non-rumor
3911204206708328	non-rumor
3911204638223309	non-rumor
3911209289717027	non-rumor
3911209453157696	non-rumor
3911209454097525	non-rumor
3911209545914954	non-rumor
3911210644650787	non-rumor
3911214507356818	non-rumor
3911215199678163	non-rumor
3911216752024215	non-rumor
3911216777010570	non-rumor
3911218051836407	non-rumor
3911218106034748	non-rumor
3911221994204571	non-rumor
3911222460228348	non-rumor
3911224292698235	non-rumor
3911224376663144	non-rumor
3911224553069203	non-rumor
3911224892416515	non-rumor
3911225610296519	non-rumor
3911225991263829	non-rumor
3911226192728751	non-rumor
3911228390544803	non-rumor
3911229229476449	non-rumor
3911231838565594	non-rumor
3911231863359056	non-rumor
3911232383604331	non-rumor
3911234250227574	non-rumor
3911235844008750	non-rumor
3911239283516774	non-rumor
3911239392456294	non-rumor
3911241896088688	non-rumor
3911241917296960	non-rumor
3911244266162965	non-rumor
3911244761235927	non-rumor
3911246166755503	non-rumor
3911246959025568	non-rumor
3911247550387245	non-rumor
3911249391378305	non-rumor
3911251576728998	non-rumor
3911254588255498	non-rumor
3911254596699190	non-rumor
3911255582312023	non-rumor
3911258665269454	non-rumor
3911258862284667	non-rumor
3911258988203932	non-rumor
3911259449951463	non-rumor
3911262041348669	non-rumor
3911262553317443	non-rumor
3911263078313366	non-rumor
3911266172846281	non-rumor
3911266751954837	non-rumor
3911268211538236	non-rumor
3911273060231055	non-rumor
3911273374755409	non-rumor
3911274242793202	non-rumor
3911282467832799	non-rumor
3911283063700609	non-rumor
3911284951466834	non-rumor
3911289300367214	non-rumor
3911293176451011	non-rumor
3911297899052680	non-rumor
3911298078971633	non-rumor
3911303305096585	non-rumor
3911303674830013	non-rumor
3911305851069784	non-rumor
3911310875862785	non-rumor
3911311454806026	non-rumor
3911311555759120	non-rumor
3911312172020466	non-rumor
3911315905134804	non-rumor
3911327594559028	non-rumor
3911328198941824	non-rumor
3911330073616748	non-rumor
3911330572378970	non-rumor
3911345646631001	non-rumor
3911348876126048	non-rumor
3911352080649401	non-rumor
3911352148231929	non-rumor
3911355297818668	non-rumor
3911357004950742	non-rumor
3911357235559177	non-rumor
3911360435486623	non-rumor
3911360448444981	non-rumor
3911363984553367	non-rumor
3911374197339617	non-rumor
3911378500959109	non-rumor
3911385152602752	non-rumor
3911388223408879	non-rumor
3911389037233730	non-rumor
3911390928184491	non-rumor
3911394192120326	non-rumor
3911395463123478	non-rumor
3911396515226493	non-rumor
3911397945222079	non-rumor
3911401729170364	non-rumor
3911420846502425	non-rumor
3911510931328670	non-rumor
3911518766982222	non-rumor
3911521266760471	non-rumor
3911523397204866	non-rumor
3911523774404065	non-rumor
3911524122402086	non-rumor
3911526076914513	non-rumor
3911526282514315	non-rumor
3911526290906659	non-rumor
3911526291081357	non-rumor
3911528233784300	non-rumor
3911528824756017	non-rumor
3911529256621654	non-rumor
3911529298581977	non-rumor
3911529810253457	non-rumor
3911532137863139	non-rumor
3911534092349696	non-rumor
3911534465563415	non-rumor
3911536584120389	non-rumor
3911536692970789	non-rumor
3911538412778681	non-rumor
3911539150864866	non-rumor
3911539469801102	non-rumor
3911541378235195	non-rumor
3911541390377243	non-rumor
3911541893806362	non-rumor
3911542460109677	non-rumor
3911542699091489	non-rumor
3911544410570412	non-rumor
3911545597411868	non-rumor
3911547674410351	non-rumor
3911548143248058	non-rumor
3911548663425648	non-rumor
3911549112347207	non-rumor
3911549158168040	non-rumor
3911550844354403	non-rumor
3911551134089136	non-rumor
3911552211828143	non-rumor
3911554048838228	non-rumor
3911554049059079	non-rumor
3911555520967095	non-rumor
3911556481868537	non-rumor
3911556486635901	non-rumor
3911556490266405	non-rumor
3911557513423193	non-rumor
3911557521818345	non-rumor
3911559107359353	non-rumor
3911561645625975	non-rumor
3911564161889662	non-rumor
3911564257715143	non-rumor
3911564694351713	non-rumor
3911568771228740	non-rumor
3911570138487704	non-rumor
3911571577123038	non-rumor
3911571606510099	non-rumor
3911573896476995	non-rumor
3911577159561058	non-rumor
3911581677264642	non-rumor
3911582465320677	non-rumor
3911582482110662	non-rumor
3911582914896347	non-rumor
3911586433709648	non-rumor
3911586676671004	non-rumor
3911587671285975	non-rumor
3911589268754896	non-rumor
3911589838942874	non-rumor
3911590640577644	non-rumor
3911591722641251	non-rumor
3911592477026745	non-rumor
3911592481567862	non-rumor
3911594256309586	non-rumor
3911594344210302	non-rumor
3911594419356644	non-rumor
3911595400408939	non-rumor
3911595459895392	non-rumor
3911598336670443	non-rumor
3911601784234729	non-rumor
3911602531352538	non-rumor
3911603093217846	non-rumor
3911603999732174	non-rumor
3911604305867794	non-rumor
3911604347157429	non-rumor
3911606918675206	non-rumor
3911607534953750	non-rumor
3911607576926672	non-rumor
3911608512142528	non-rumor
3911609343229243	non-rumor
3911610009235293	non-rumor
3911612740123984	non-rumor
3911613616327368	non-rumor
3911614371583791	non-rumor
3911616066160662	non-rumor
3911616783348076	non-rumor
3911616875258376	non-rumor
3911616905104264	non-rumor
3911617135668643	non-rumor
3911617139865476	non-rumor
3911617840302319	non-rumor
3911619496958388	non-rumor
3911623884202532	non-rumor
3911624588597252	non-rumor
3911625650101854	non-rumor
3911627206613718	non-rumor
3911629462430029	non-rumor
3911630729142334	non-rumor
3911631992103631	non-rumor
3911632331412614	non-rumor
3911632994058864	non-rumor
3911633284223848	non-rumor
3911635343295679	non-rumor
3911635452615127	non-rumor
3911635536556073	non-rumor
3911637297378271	non-rumor
3911639524874884	non-rumor
3911643370674822	non-rumor
3911643618304355	non-rumor
3911644570266337	non-rumor
3911645510023024	non-rumor
3911647074458524	non-rumor
3911647087049326	non-rumor
3911647087746267	non-rumor
3911649603393054	non-rumor
3911650295818152	non-rumor
3911651184667527	non-rumor
3911654733447091	non-rumor
3911654749855887	non-rumor
3911659771065069	non-rumor
3911662279028400	non-rumor
3911664086988614	non-rumor
3911673553336386	non-rumor
3911675562364261	non-rumor
3911682374411023	non-rumor
3911684957324606	non-rumor
3911688812086927	non-rumor
3911692386004358	non-rumor
3911692888965327	non-rumor
3911693182521474	non-rumor
3911694902222695	non-rumor
3911697477293768	non-rumor
3911697934930630	non-rumor
3911698677075581	non-rumor
3911699684260756	non-rumor
3911700048563578	non-rumor
3911703761085087	non-rumor
3911707484939130	non-rumor
3911707514334936	non-rumor
3911708072142750	non-rumor
3911712522642187	non-rumor
3911714011210796	non-rumor
3911715148001156	non-rumor
3911716956112734	non-rumor
3911718809847756	non-rumor
3911720814465794	non-rumor
3911720890071487	non-rumor
3911722584676126	non-rumor
3911722676802963	non-rumor
3911723117351575	non-rumor
3911723440632213	non-rumor
3911724279135860	non-rumor
3911724497530251	non-rumor
3911725210354394	non-rumor
3911731925788818	non-rumor
3911732739033269	non-rumor
3911733062474272	non-rumor
3911737298388307	non-rumor
3911737683786524	non-rumor
3911737693009450	non-rumor
3911738946486712	non-rumor
3911739319753151	non-rumor
3911742717105997	non-rumor
3911745233766197	non-rumor
3911745246966630	non-rumor
3911745300647318	non-rumor
3911748254066476	non-rumor
3911750267034914	non-rumor
3911752532497714	non-rumor
3911752783672596	non-rumor
3911752834182756	non-rumor
3911753593236079	non-rumor
3911754705095405	non-rumor
3911754842793966	non-rumor
3911756194168013	non-rumor
3911756390798917	non-rumor
3911762514019647	non-rumor
3911767882914875	non-rumor
3911776216949952	non-rumor
3911783233890520	non-rumor
3911798334088688	non-rumor
3911801882009382	non-rumor
3911842122946442	non-rumor
3911873579462837	non-rumor
3911875106395549	non-rumor
3911881124988764	non-rumor
3911888670402348	non-rumor
3911888930595914	non-rumor
3911892198512294	non-rumor
3911892692991357	non-rumor
3911896228448019	non-rumor
3911901383921173	non-rumor
3911902709168817	non-rumor
3911903527435208	non-rumor
3911903774301077	non-rumor
3911903778328356	non-rumor
3911903778977275	non-rumor
3911903778977780	non-rumor
3911903778979713	non-rumor
3911903841990976	non-rumor
3911904030111048	non-rumor
3911904814567164	non-rumor
3911908056830335	non-rumor
3911910070304468	non-rumor
3911910304887826	non-rumor
3911910518936898	non-rumor
3911911441540679	non-rumor
3911911597011200	non-rumor
3911913853345505	non-rumor
3911916014001627	non-rumor
3911916613437351	non-rumor
3911917397374121	non-rumor
3911917867185294	non-rumor
3911918865361801	non-rumor
3911919838691240	non-rumor
3911920471958570	non-rumor
3911920891552859	non-rumor
3911921138929315	non-rumor
3911922308909714	non-rumor
3911923512610736	non-rumor
3911926201195748	non-rumor
3911926432602330	non-rumor
3911926532340747	non-rumor
3911926671063846	non-rumor
3911929242181525	non-rumor
3911930202309257	non-rumor
3911931461191972	non-rumor
3911931775952184	non-rumor
3911932350059434	non-rumor
3911933725993561	non-rumor
3911933969029185	non-rumor
3911933977732918	non-rumor
3911934229372688	non-rumor
3911934732633276	non-rumor
3911935990587118	non-rumor
3911937768923407	non-rumor
3911939585056391	non-rumor
3911940449186683	non-rumor
3911941145413779	non-rumor
3911943272323228	non-rumor
3911946753425198	non-rumor
3911946795619982	non-rumor
3911948322532175	non-rumor
3911949076857549	non-rumor
3911949076931880	non-rumor
3911949131438164	non-rumor
3911949580396959	non-rumor
3911950000362330	non-rumor
3911950112822479	non-rumor
3911953741019971	non-rumor
3911955373137470	non-rumor
3911955481382540	non-rumor
3911956400758382	non-rumor
3911958783167017	non-rumor
3911959143048316	non-rumor
3911959151738937	non-rumor
3911960057540897	non-rumor
3911962918034448	non-rumor
3911964176194578	non-rumor
3911964176542993	non-rumor
3911964176727209	non-rumor
3911965183638814	non-rumor
3911965434762646	non-rumor
3911966735360284	non-rumor
3911967699996436	non-rumor
3911967951031384	non-rumor
3911968056683495	non-rumor
3911968315966240	non-rumor
3911969280851366	non-rumor
3911971726051113	non-rumor
3911972032210610	non-rumor
3911972984460866	non-rumor
3911973298992642	non-rumor
3911977514044357	non-rumor
3911979271739890	non-rumor
3911979275786458	non-rumor
3911979275936863	non-rumor
3911981435989031	non-rumor
3911983054826183	non-rumor
3911986544430220	non-rumor
3911986934901343	non-rumor
3911989498088531	non-rumor
3911989530880437	non-rumor
3911991649066363	non-rumor
3911993133905088	non-rumor
3911995747172194	non-rumor
3911996485455495	non-rumor
3911997005259230	non-rumor
3911998083370823	non-rumor
3912001924992774	non-rumor
3912001958793756	non-rumor
3912002701587764	non-rumor
3912003082833585	non-rumor
3912008229848552	non-rumor
3912009218997055	non-rumor
3912009475403378	non-rumor
3912009479601800	non-rumor
3912009505024759	non-rumor
3912010481570268	non-rumor
3912011026938721	non-rumor
3912011039190816	non-rumor
3912011794114566	non-rumor
3912016127243859	non-rumor
3912017024527181	non-rumor
3912019000185737	non-rumor
3912019549883936	non-rumor
3912019793610390	non-rumor
3912024566091491	non-rumor
3912024620676243	non-rumor
3912026449323002	non-rumor
3912026696948012	non-rumor
3912027158629413	non-rumor
3912028354136816	non-rumor
3912030362314631	non-rumor
3912038885292638	non-rumor
3912039670038712	non-rumor
3912040210503534	non-rumor
3912043193071834	non-rumor
3912044716138469	non-rumor
3912046976318672	non-rumor
3912051045156180	non-rumor
3912053221355983	non-rumor
3912054522411129	non-rumor
3912054773485313	non-rumor
3912055024999422	non-rumor
3912057407443040	non-rumor
3912057776532736	non-rumor
3912064840239520	non-rumor
3912065942833945	non-rumor
3912067624581868	non-rumor
3912072112569585	non-rumor
3912072502656876	non-rumor
3912075698616873	non-rumor
3912077448199590	non-rumor
3912078199095160	non-rumor
3912080945752873	non-rumor
3912083210656725	non-rumor
3912083747645696	non-rumor
3912084972694337	non-rumor
3912092522320448	non-rumor
3912096158823598	non-rumor
3912097115663907	non-rumor
3912098189003145	non-rumor
3912099086033758	non-rumor
3912100827019931	non-rumor
3912100872859047	non-rumor
3912101469242380	non-rumor
3912102655626792	non-rumor
3912104429621268	non-rumor
3912105105056296	non-rumor
3912107630395265	non-rumor
3912110168082672	non-rumor
3912111397202316	non-rumor
3912113363525954	non-rumor
3912114240983438	non-rumor
3912115171801095	non-rumor
3912115921917906	non-rumor
3912116681460638	non-rumor
3912118691032228	non-rumor
3912120204429529	non-rumor
3912120246769854	non-rumor
3912120913162830	non-rumor
3912120960000007	non-rumor
3912121593467293	non-rumor
3912122721066568	non-rumor
3912125246624884	non-rumor
3912126106199714	non-rumor
3912126810655436	non-rumor
3912127565307478	non-rumor
3912130270664370	non-rumor
3912130270960109	non-rumor
3912130354629165	non-rumor
3912130523147438	non-rumor
3912130770571858	non-rumor
3912142782383262	non-rumor
3912144623968311	non-rumor
3912145433225970	non-rumor
3912145639393798	non-rumor
3912147014307737	non-rumor
3912155558068366	non-rumor
3912236004829011	non-rumor
3912243625985938	non-rumor
3912253696822072	non-rumor
3912254044853349	non-rumor
3912254711562685	non-rumor
3912259221015700	non-rumor
3912262051432829	non-rumor
3912269563762149	non-rumor
3912272294507972	non-rumor
3912274626160433	non-rumor
3912278644353383	non-rumor
3912280993286136	non-rumor
3912285293001799	non-rumor
3912290195238136	non-rumor
3912290350928853	non-rumor
3912297066216170	non-rumor
3912303113679263	non-rumor
3912304032640978	non-rumor
3912309061614093	non-rumor
3912311506761655	non-rumor
3912312723077595	non-rumor
3912312794504188	non-rumor
3912315797607902	non-rumor
3912318955561694	non-rumor
3912319559543323	non-rumor
3912320444704890	non-rumor
3912321703188582	non-rumor
3912322675976706	non-rumor
3912325309974979	non-rumor
3912326569143805	non-rumor
3912333111673846	non-rumor
3912334118731486	non-rumor
3912338589317284	non-rumor
3912341710604013	non-rumor
3912342033185867	non-rumor
3912349272611471	non-rumor
3912364582109071	non-rumor
3912368843305708	non-rumor
3912372870119616	non-rumor
3912373130099919	non-rumor
3912375394190067	non-rumor
3912386710343932	non-rumor
3912386962372289	non-rumor
3912388375508398	non-rumor
3912388484895313	non-rumor
3912388824325156	non-rumor
3912392910409146	non-rumor
3912402603271607	non-rumor
3912409712644378	non-rumor
3912414557305085	non-rumor
3912421200574630	non-rumor
3912425311280108	non-rumor
3912426724197437	non-rumor
3912432260593489	non-rumor
3912432261269986	non-rumor
3912439810947397	non-rumor
3912444956956650	non-rumor
3912446635278998	non-rumor
3912449033613747	non-rumor
3912453596969349	non-rumor
3912455807809732	non-rumor
3912457275664648	non-rumor
3912465618135666	non-rumor
3912470026678546	non-rumor
3912470059628015	non-rumor
3912471200872447	non-rumor
3912472597492430	non-rumor
3912480189065767	non-rumor
3912481208164441	non-rumor
3912482676739462	non-rumor
3912483868232736	non-rumor
3912486703386370	non-rumor
3912488443950674	non-rumor
3912489689265860	non-rumor
3912492658547302	non-rumor
3912492860048548	non-rumor
3912523109318737	non-rumor
3914082308444251	non-rumor
3914083692692107	non-rumor
3914084145179010	non-rumor
3914107511640336	non-rumor
3914115023797414	non-rumor
3914122997197872	non-rumor
3914124251501287	non-rumor
3914129607518432	non-rumor
3914130941495346	non-rumor
3914132464064609	non-rumor
3914139254219399	non-rumor
3914141004083236	non-rumor
3914150419810983	non-rumor
3914157789567520	non-rumor
3914179678893565	non-rumor
3914186130002384	non-rumor
3914190714411797	non-rumor
3914197718744878	non-rumor
3914198566167066	non-rumor
3914201782880304	non-rumor
3914224361233319	non-rumor
3914312353407934	non-rumor
3914319697753765	non-rumor
3914349909255190	non-rumor
3914408365363135	non-rumor
3914417831761228	non-rumor
3914417844348877	non-rumor
3914424035038005	non-rumor
3914425381554655	non-rumor
3914426157431816	non-rumor
3914432130023000	non-rumor
3914432943834162	non-rumor
3914433073708742	non-rumor
3914437787926896	non-rumor
3914439272978863	non-rumor
3914440489196848	non-rumor
3914440497991600	non-rumor
3914447313184247	non-rumor
3914448043441416	non-rumor
3914451004393667	non-rumor
3914452334540597	non-rumor
3914454024312458	non-rumor
3914454540048890	non-rumor
3914455580173299	non-rumor
3914456541043605	non-rumor
3914461464851920	non-rumor
3914464661355231	non-rumor
3914465986409627	non-rumor
3914468486353367	non-rumor
3914470327497052	non-rumor
3914475059005569	non-rumor
3914475574645209	non-rumor
3914479978870372	non-rumor
3914480125459044	non-rumor
3914485783721612	non-rumor
3914487339729332	non-rumor
3914490971745534	non-rumor
3914490997280330	non-rumor
3914492762739733	non-rumor
3914493430096782	non-rumor
3914494595719037	non-rumor
3914496441301017	non-rumor
3914497280008916	non-rumor
3914500329195428	non-rumor
3914502757713218	non-rumor
3914505219750495	non-rumor
3914508747613081	non-rumor
3914511633066985	non-rumor
3914513407381334	non-rumor
3914514074078597	non-rumor
3914515978494941	non-rumor
3914517857998295	non-rumor
3914518574653150	non-rumor
3914519346165156	non-rumor
3914522915771439	non-rumor
3914523113524502	non-rumor
3914524874611564	non-rumor
3914528939180058	non-rumor
3914529463288580	non-rumor
3914529849151567	non-rumor
3914531090940590	non-rumor
3914535301678350	non-rumor
3914535494504721	non-rumor
3914538635795904	non-rumor
3914539139542866	non-rumor
3914541735649987	non-rumor
3914543543100202	non-rumor
3914544650639918	non-rumor
3914546181583186	non-rumor
3914546189954126	non-rumor
3914550585665361	non-rumor
3914551038680788	non-rumor
3914551793619336	non-rumor
3914889170533419	non-rumor
3914889489625107	non-rumor
3914892056276478	non-rumor
3914892753289072	non-rumor
3914893478373510	non-rumor
3914895118480511	non-rumor
3914901023683046	non-rumor
3914901938416248	non-rumor
3914903520061513	non-rumor
3914907416323449	non-rumor
3914908238190725	non-rumor
3914908565313617	non-rumor
3914908754234194	non-rumor
3914913804529569	non-rumor
3914916115238846	non-rumor
3914917202027099	non-rumor
3914920116213248	non-rumor
3914923430105319	non-rumor
3914925761838839	non-rumor
3914928295293991	non-rumor
3914928731405241	non-rumor
3914931995027561	non-rumor
3914933500531779	non-rumor
3914934326947009	non-rumor
3914934708539689	non-rumor
3914938097256261	non-rumor
3914938479064324	non-rumor
3914938772507300	non-rumor
3914940244830101	non-rumor
3914941700199302	non-rumor
3914942375560013	non-rumor
3914946322230066	non-rumor
3914946657959150	non-rumor
3914946699761129	non-rumor
3914946708564833	non-rumor
3914951724449159	non-rumor
3914952496287765	non-rumor
3914952974626979	non-rumor
3914953876260575	non-rumor
3914956996755662	non-rumor
3914958381116664	non-rumor
3914960717300942	non-rumor
3914961044323177	non-rumor
3914961417767122	non-rumor
3914965955700101	non-rumor
3914967453289371	non-rumor
3914968975997800	non-rumor
3914969005396919	non-rumor
3914972935203142	non-rumor
3914974282233951	non-rumor
3914976513188430	non-rumor
3914976525782106	non-rumor
3914976596906769	non-rumor
3914979276803914	non-rumor
3914981567819552	non-rumor
3914984071211914	non-rumor
3914985996128124	non-rumor
3914986075901138	non-rumor
3914986595984748	non-rumor
3915204855319938	non-rumor
3915205639472276	non-rumor
3915206381782933	non-rumor
3915206985705643	non-rumor
3915215600926430	non-rumor
3915220210279868	non-rumor
3915226032152363	non-rumor
3915226925452991	non-rumor
3915231023390175	non-rumor
3915232202168231	non-rumor
3915236274647941	non-rumor
3915238778711508	non-rumor
3915242129839401	non-rumor
3915247716508107	non-rumor
3915248098208260	non-rumor
3915253467483694	non-rumor
3915253928682086	non-rumor
3915258244913647	non-rumor
3915259393782169	non-rumor
3915259615971029	non-rumor
3915264850500949	non-rumor
3915265685218758	non-rumor
3915269913649305	non-rumor
3915271443869478	non-rumor
3915272525999534	non-rumor
3915277613846278	non-rumor
3915280910504734	non-rumor
3915282873501943	non-rumor
3915286690577759	non-rumor
3915287721831527	non-rumor
3915292625272558	non-rumor
3915292902028428	non-rumor
3915296781463574	non-rumor
3915297645721873	non-rumor
3915301919412701	non-rumor
3915303697787017	non-rumor
3915305652811595	non-rumor
3915308290658253	non-rumor
3915311457659708	non-rumor
3915311802053536	non-rumor
3915316499123075	non-rumor
3915318252190396	non-rumor
3915323390847850	non-rumor
3915323801132688	non-rumor
3915324619363386	non-rumor
3915326737558934	non-rumor
3915329963001824	non-rumor
3915330789258849	non-rumor
3915337021732988	non-rumor
3915338913769113	non-rumor
3915340738683819	non-rumor
3917769927606741	non-rumor
3917778349794684	non-rumor
3917785023371500	non-rumor
3917796804822591	non-rumor
3917802756621282	non-rumor
3917807927996109	non-rumor
3917810986061517	non-rumor
3917813678399074	non-rumor
3917822868990915	non-rumor
3917837951500107	non-rumor
3917846436132346	non-rumor
3917848134960585	non-rumor
3917861837816736	non-rumor
3917861892130178	non-rumor
3918129602050278	non-rumor
3918133821210651	non-rumor
3918134266101221	non-rumor
3918139869563837	non-rumor
3918139945635877	non-rumor
3918142529008993	non-rumor
3918144744169775	non-rumor
3918147100700581	non-rumor
3918149604432694	non-rumor
3918150204550001	non-rumor
3918150989135941	non-rumor
3918152213254937	non-rumor
3918152607922613	non-rumor
3918152922072311	non-rumor
3918154671193480	non-rumor
3918157686922528	non-rumor
3918159562031571	non-rumor
3918161772381338	non-rumor
3918162506188016	non-rumor
3918162631861421	non-rumor
3918167333931255	non-rumor
3918167556156250	non-rumor
3918168663413423	non-rumor
3918170064187905	non-rumor
3918170143956018	non-rumor
3918172954046187	non-rumor
3918174581687437	non-rumor
3918176078877080	non-rumor
3918178033592023	non-rumor
3918181993064875	non-rumor
3918182701706701	non-rumor
3918185914461107	non-rumor
3918187604984663	non-rumor
3918187756359775	non-rumor
3918187899385191	non-rumor
3918191925364701	non-rumor
3918192709408009	non-rumor
3918194252760592	non-rumor
3918196068854430	non-rumor
3918200125216965	non-rumor
3918200158798922	non-rumor
3918200318313510	non-rumor
3918203467887255	non-rumor
3918204403174869	non-rumor
3918207809009136	non-rumor
3918210543891742	non-rumor
3918213337126172	non-rumor
3918215358827905	non-rumor
3918215366848522	non-rumor
3918215723807767	non-rumor
3918217653199558	non-rumor
3918220333187042	non-rumor
3918222925103833	non-rumor
3918225345554362	non-rumor
3918227526567556	non-rumor
3918230357498665	non-rumor
3918230453779877	non-rumor
3918230466599347	non-rumor
3918235499669365	non-rumor
3918236011287961	non-rumor
3918238003708351	non-rumor
3918239341584361	non-rumor
3918240377832625	non-rumor
3918243083700110	non-rumor
3918245553445322	non-rumor
3918246073565845	non-rumor
3918246388165024	non-rumor
3918249358259863	non-rumor
3918524902375111	non-rumor
3918527414848182	non-rumor
3918530334142833	non-rumor
3918534851213968	non-rumor
3918534852027592	non-rumor
3918536084298388	non-rumor
3918537494204070	non-rumor
3918537661881491	non-rumor
3918539968593167	non-rumor
3918539993779667	non-rumor
3918541402832393	non-rumor
3918542666168297	non-rumor
3918547342280633	non-rumor
3918547547691464	non-rumor
3918547732080561	non-rumor
3918549149923877	non-rumor
3918554845686865	non-rumor
3918555218906759	non-rumor
3918555680119399	non-rumor
3918558108590463	non-rumor
3918558499050967	non-rumor
3918561292411278	non-rumor
3918564522131883	non-rumor
3918564735937692	non-rumor
3918568221426659	non-rumor
3918570196626796	non-rumor
3918570276680911	non-rumor
3918571266288118	non-rumor
3918576853111312	non-rumor
3918577750960623	non-rumor
3918579685022531	non-rumor
3918586617553346	non-rumor
3918590338131993	non-rumor
3918591411794490	non-rumor
3918595647661796	non-rumor
3918596750736828	non-rumor
3918597082126045	non-rumor
3918597732347375	non-rumor
3918598059677449	non-rumor
3918598457882662	non-rumor
3918600391761292	non-rumor
3918600416952183	non-rumor
3918602819862858	non-rumor
3918605340888401	non-rumor
3918607941495396	non-rumor
3918610659289460	non-rumor
3918615017308728	non-rumor
3918615306787217	non-rumor
3918615525000495	non-rumor
3918615591615469	non-rumor
3918617244241350	non-rumor
3918619651879745	non-rumor
3918622903056631	non-rumor
3918623032394789	non-rumor
3918623040792854	non-rumor
3918625976974411	non-rumor
3918629244332476	non-rumor
3918630594557241	non-rumor
3918631031270564	non-rumor
3918775696618496	non-rumor
3918776061740918	non-rumor
3918776330149229	non-rumor
3918777592586345	non-rumor
3918777823411524	non-rumor
3918781141200175	non-rumor
3918781727953305	non-rumor
3918785876329489	non-rumor
3918786463631892	non-rumor
3918788539523897	non-rumor
3918790632442753	non-rumor
3918790851029005	non-rumor
3918792847535298	non-rumor
3918793191277239	non-rumor
3918796504841684	non-rumor
3918798316397729	non-rumor
3918798664937103	non-rumor
3918798811575938	non-rumor
3918801982651313	non-rumor
3918802737465343	non-rumor
3918805653020146	non-rumor
3918806747231403	non-rumor
3918809838634046	non-rumor
3918809943738630	non-rumor
3918811784509115	non-rumor
3918814334581505	non-rumor
3918815031209330	non-rumor
3918816561708438	non-rumor
3918816947905455	non-rumor
3918819338375882	non-rumor
3918819774726094	non-rumor
3918821184723686	non-rumor
3918822014820299	non-rumor
3918826883810326	non-rumor
3918827765027560	non-rumor
3918828729687107	non-rumor
3918829413104471	non-rumor
3918832751786376	non-rumor
3918834509133461	non-rumor
3918835142446706	non-rumor
3918836330101651	non-rumor
3918837466216239	non-rumor
3918839479416539	non-rumor
3918839567737228	non-rumor
3918841983406813	non-rumor
3918845498239554	non-rumor
3918849545788818	non-rumor
3918850238145856	non-rumor
3918852192997759	non-rumor
3918855807822739	non-rumor
3918856394958337	non-rumor
3918858068473932	non-rumor
3918863588192280	non-rumor
3918869460327314	non-rumor
3918869678318467	non-rumor
3918869875782195	non-rumor
3918870706295904	non-rumor
3918872128346481	non-rumor
3918872446554169	non-rumor
3918873953253015	non-rumor
3918874262788949	non-rumor
3918874703221397	non-rumor
3918877563642955	non-rumor
3918879736666153	non-rumor
3918881385602765	non-rumor
3918882433483371	non-rumor
3918884023662848	non-rumor
3918886191275429	non-rumor
3918887344957709	non-rumor
3918890788416166	non-rumor
3918890846916635	non-rumor
3918890968635196	non-rumor
3918893036837996	non-rumor
3918897180569639	non-rumor
3918897285462753	non-rumor
3918898111537107	non-rumor
3918898157708157	non-rumor
3918898761866343	non-rumor
3918900183736199	non-rumor
3918903896401919	non-rumor
3918904935745262	non-rumor
3918905611028834	non-rumor
3918906911542354	non-rumor
3918908056772361	non-rumor
3918908475725393	non-rumor
3918912376612615	non-rumor
3918914029030105	non-rumor
3918984984266225	non-rumor
3918985437102238	non-rumor
3918985441737820	non-rumor
3918999479742907	non-rumor
3919000532509034	non-rumor
3919000540671529	non-rumor
3919000541555565	non-rumor
3919005561171297	non-rumor
3919011315996195	non-rumor
3919013111287857	non-rumor
3919030740003418	non-rumor
3919110880797389	non-rumor
3919135370909285	non-rumor
3919143985782005	non-rumor
3919146859872195	non-rumor
3919151535732127	non-rumor
3919158834602739	non-rumor
3919161858289277	non-rumor
3919166622603366	non-rumor
3919166702420371	non-rumor
3919167558238186	non-rumor
3919167948040240	non-rumor
3919173979645297	non-rumor
3919179369410295	non-rumor
3919179549635791	non-rumor
3919181776733679	non-rumor
3919182560764692	non-rumor
3919189419343044	non-rumor
3919195962481821	non-rumor
3919196062505633	non-rumor
3919203024793240	non-rumor
3919204577133454	non-rumor
3919209488319682	non-rumor
3919212206140075	non-rumor
3919213464587919	non-rumor
3919218464045517	non-rumor
3919221362480458	non-rumor
3919227050195585	non-rumor
3919231177222509	non-rumor
3919235312535884	non-rumor
3919237594596594	non-rumor
3919241465684531	non-rumor
3919242119905103	non-rumor
3919242904338369	non-rumor
3919244880206050	non-rumor
3919247623089469	non-rumor
3919248684821282	non-rumor
3919249669642154	non-rumor
3919251238676880	non-rumor
3919252538593663	non-rumor
3919256049159866	non-rumor
3919257219616259	non-rumor
3919268246204450	non-rumor
3919271970863949	non-rumor
3921356049557769	non-rumor
3921367009018844	non-rumor
3921376773297108	non-rumor
3921383585164810	non-rumor
3921421924832227	non-rumor
3921423456225617	non-rumor
3921534080538509	non-rumor
3921535498271281	non-rumor
3921537243299500	non-rumor
3921537255895684	non-rumor
3921542276460163	non-rumor
3921544645988401	non-rumor
3921545984113110	non-rumor
3921549256229480	non-rumor
3921552355237378	non-rumor
3921567454976959	non-rumor
3921571963610116	non-rumor
3921588556494013	non-rumor
3921658051743942	non-rumor
3921658803339686	non-rumor
3921663085062002	non-rumor
3921665589097144	non-rumor
3921668118521758	non-rumor
3921672174515260	non-rumor
3921673138540639	non-rumor
3921675986412093	non-rumor
3921680700925924	non-rumor
3921684148852246	non-rumor
3921686610700353	non-rumor
3921687059492227	non-rumor
3921688251455682	non-rumor
3921689995888731	non-rumor
3921692378236947	non-rumor
3921695095800393	non-rumor
3921701530180189	non-rumor
3921702368808348	non-rumor
3921703337645264	non-rumor
3921704642569096	non-rumor
3921706395172912	non-rumor
3921709515963724	non-rumor
3921716000330801	non-rumor
3921716080081688	non-rumor
3921717027823062	non-rumor
3921718445552958	non-rumor
3921718789797345	non-rumor
3921721553498850	non-rumor
3921723889865905	non-rumor
3921724300837536	non-rumor
3921725987022553	non-rumor
3921729027899223	non-rumor
3921730692815175	non-rumor
3921730751921973	non-rumor
3921731464641001	non-rumor
3921733536877106	non-rumor
3921735289885398	non-rumor
3921743363844268	non-rumor
3921743615425573	non-rumor
3921744089488701	non-rumor
3921747809897227	non-rumor
3921748573067295	non-rumor
3921748636205407	non-rumor
3921754160868447	non-rumor
3921755867134530	non-rumor
3921759314846119	non-rumor
3921759969148377	non-rumor
3921760166165016	non-rumor
3921762012613194	non-rumor
3921763744277336	non-rumor
3921769402187236	non-rumor
3921772745156169	non-rumor
3921774171230088	non-rumor
3921775362117941	non-rumor
3921776075444162	non-rumor
3921778839947030	non-rumor
3921778848272031	non-rumor
3921778907151869	non-rumor
3921780739598684	non-rumor
3921788146818914	non-rumor
3921790012802898	non-rumor
3921793259190854	non-rumor
3921793934460581	non-rumor
3921794509376266	non-rumor
3921796472436099	non-rumor
3921800113017980	non-rumor
3921803003520486	non-rumor
3921804659281131	non-rumor
3921807033706522	non-rumor
3921809042333182	non-rumor
3921813417216594	non-rumor
3921817804596092	non-rumor
3921818328763025	non-rumor
3921819793063628	non-rumor
3921824133519827	non-rumor
3921825278712911	non-rumor
3921829087712324	non-rumor
3921829611454797	non-rumor
3921829661820166	non-rumor
3921831884735304	non-rumor
3921834212523022	non-rumor
3921837287107743	non-rumor
3921838587166257	non-rumor
3921839233086550	non-rumor
3922027976699825	non-rumor
3922030506431735	non-rumor
3922032192240575	non-rumor
3922035535227110	non-rumor
3922044196181662	non-rumor
3922050630260258	non-rumor
3922055365754541	non-rumor
3922064974887558	non-rumor
3922065738374452	non-rumor
3922066204152621	non-rumor
3922067819256827	non-rumor
3922071698521789	non-rumor
3922073275117223	non-rumor
3922076102833613	non-rumor
3922081903073984	non-rumor
3922082322616473	non-rumor
3922095933079467	non-rumor
3922114622540868	non-rumor
3922115532720857	non-rumor
3922124340863986	non-rumor
3922129097279460	non-rumor
3922130129173564	non-rumor
3922137142166302	non-rumor
3922141223187839	non-rumor
3922141743754003	non-rumor
3922141864740661	non-rumor
4010312877	false
4016873519	false
4264473811	false
4473713031	false
4568996921	false
4655484863	non-rumor
4655559643	non-rumor
4773139373	false
4797774195	non-rumor
4837795857	non-rumor
4899667273	non-rumor
4964088237	false
4981606729	false
5448676913	non-rumor
5484516113	non-rumor
5575041885	false
5812946885	false
5823939867	false
6143639461	false
6331302075	non-rumor
6412146003	false
6633920051	false
6707065365	false
6714838757	false
6786321767	non-rumor
6962039301	false
7001078201	non-rumor
7036016073	false
7037124023	false
7152081523	false
7396888555	non-rumor
7577781753	non-rumor
7689288299	false
7704392289	non-rumor
8083591237	non-rumor
8209825805	non-rumor
8305840245	false
8336201314	non-rumor
8430939637	false
8431702113	non-rumor
8435765103	false
8514365559	false
8535326047	false
8732913535	non-rumor
8733329059	false
8807689996	false
8839253726	false
8876904039	false
8949574161	non-rumor
8980305559	false
8980862201	non-rumor
9006189127	false
9020328467	non-rumor
9123353039	false
9131655687	non-rumor
9231485285	non-rumor
9336971611	non-rumor
9624944661	non-rumor
9625080948	non-rumor
9655586843	non-rumor
9656869647	non-rumor
9673602170	non-rumor
9743573309	non-rumor
9833726676	non-rumor
